Linux 7.0.0-31-generic (ausitn-garcia-ROG-Zephyrus-G14-GA402XV-GA402XV) 	09/18/26 	_x86_64_	(16 CPU)

21:48:52     CPU    %usr   %nice    %sys %iowait    %irq   %soft  %steal  %guest  %gnice   %idle
21:48:57     all    3.65    0.00    1.18    0.01    0.00    0.62    0.00    0.00    0.00   94.54
21:48:57       0    1.95    0.00    0.78    0.00    0.00    4.69    0.00    0.00    0.00   92.58
21:48:57       1    1.81    0.00    1.20    0.00    0.00    1.41    0.00    0.00    0.00   95.58
21:48:57       2    2.61    0.00    1.20    0.00    0.00    0.20    0.00    0.00    0.00   95.99
21:48:57       3    7.23    0.00    2.01    0.20    0.00    0.40    0.00    0.00    0.00   90.16
21:48:57       4    4.80    0.00    1.00    0.00    0.00    0.40    0.00    0.00    0.00   93.80
21:48:57       5    8.58    0.00    1.80    0.00    0.00    0.40    0.00    0.00    0.00   89.22
21:48:57       6    4.02    0.00    1.41    0.00    0.00    0.40    0.00    0.00    0.00   94.18
21:48:57       7    6.25    0.00    2.22    0.00    0.00    0.40    0.00    0.00    0.00   91.13
21:48:57       8    2.02    0.00    0.60    0.00    0.00    0.20    0.00    0.00    0.00   97.18
21:48:57       9    1.41    0.00    0.20    0.00    0.00    0.00    0.00    0.00    0.00   98.38
21:48:57      10    1.84    0.00    0.82    0.00    0.00    0.20    0.00    0.00    0.00   97.14
21:48:57      11    4.03    0.00    1.01    0.00    0.00    0.00    0.00    0.00    0.00   94.96
21:48:57      12    1.62    0.00    1.21    0.00    0.00    0.20    0.00    0.00    0.00   96.97
21:48:57      13    3.64    0.00    1.21    0.00    0.00    0.20    0.00    0.00    0.00   94.95
21:48:57      14    1.41    0.00    0.60    0.00    0.00    0.20    0.00    0.00    0.00   97.79
21:48:57      15    5.21    0.00    1.60    0.00    0.00    0.40    0.00    0.00    0.00   92.79

21:48:57     CPU    %usr   %nice    %sys %iowait    %irq   %soft  %steal  %guest  %gnice   %idle
21:49:02     all    4.93    0.00    2.56    0.04    0.00    0.59    0.00    0.00    0.00   91.89
21:49:02       0    3.14    0.00    2.36    0.00    0.00    4.13    0.00    0.00    0.00   90.37
21:49:02       1    2.44    0.00    2.44    0.00    0.00    1.22    0.00    0.00    0.00   93.89
21:49:02       2    3.83    0.00    2.22    0.00    0.00    0.40    0.00    0.00    0.00   93.55
21:49:02       3    8.91    0.00    3.44    0.00    0.00    0.20    0.00    0.00    0.00   87.45
21:49:02       4    5.44    0.00    2.82    0.00    0.00    0.20    0.00    0.00    0.00   91.53
21:49:02       5    8.92    0.00    4.06    0.00    0.00    0.20    0.00    0.00    0.00   86.82
21:49:02       6    5.65    0.00    2.42    0.40    0.00    0.20    0.00    0.00    0.00   91.33
21:49:02       7    7.27    0.00    2.83    0.00    0.00    0.40    0.00    0.00    0.00   89.49
21:49:02       8    2.83    0.00    2.22    0.00    0.00    0.20    0.00    0.00    0.00   94.75
21:49:02       9    4.03    0.00    1.21    0.00    0.00    0.20    0.00    0.00    0.00   94.56
21:49:02      10    3.91    0.00    2.06    0.00    0.00    0.21    0.00    0.00    0.00   93.83
21:49:02      11    4.42    0.00    2.61    0.00    0.00    0.40    0.00    0.00    0.00   92.57
21:49:02      12    3.42    0.00    2.41    0.00    0.00    0.40    0.00    0.00    0.00   93.76
21:49:02      13    5.41    0.00    2.40    0.00    0.00    0.20    0.00    0.00    0.00   91.98
21:49:02      14    3.01    0.00    2.01    0.00    0.00    0.40    0.00    0.00    0.00   94.58
21:49:02      15    6.22    0.00    3.41    0.20    0.00    0.40    0.00    0.00    0.00   89.76

21:49:02     CPU    %usr   %nice    %sys %iowait    %irq   %soft  %steal  %guest  %gnice   %idle
21:49:07     all    3.72    0.00    1.07    0.09    0.00    0.54    0.00    0.00    0.00   94.58
21:49:07       0    1.18    0.00    0.78    0.00    0.00    4.31    0.00    0.00    0.00   93.73
21:49:07       1    1.62    0.00    0.61    0.00    0.00    1.01    0.00    0.00    0.00   96.75
21:49:07       2    2.02    0.00    1.01    0.40    0.00    0.20    0.00    0.00    0.00   96.36
21:49:07       3   11.34    0.00    1.62    0.00    0.00    0.20    0.00    0.00    0.00   86.84
21:49:07       4    6.25    0.00    1.81    0.60    0.00    0.60    0.00    0.00    0.00   90.73
21:49:07       5    5.84    0.00    2.01    0.00    0.00    0.40    0.00    0.00    0.00   91.75
21:49:07       6    3.85    0.00    1.21    0.00    0.00    0.40    0.00    0.00    0.00   94.53
21:49:07       7    4.62    0.00    2.01    0.00    0.00    0.20    0.00    0.00    0.00   93.17
21:49:07       8    2.63    0.00    0.61    0.00    0.00    0.20    0.00    0.00    0.00   96.57
21:49:07       9    2.01    0.00    0.80    0.00    0.00    0.20    0.00    0.00    0.00   96.98
21:49:07      10    2.46    0.00    0.41    0.00    0.00    0.20    0.00    0.00    0.00   96.93
21:49:07      11    2.81    0.00    1.00    0.00    0.00    0.20    0.00    0.00    0.00   95.98
21:49:07      12    1.62    0.00    0.61    0.00    0.00    0.00    0.00    0.00    0.00   97.77
21:49:07      13    6.45    0.00    0.81    0.00    0.00    0.20    0.00    0.00    0.00   92.54
21:49:07      14    1.81    0.00    1.01    0.20    0.00    0.00    0.00    0.00    0.00   96.98
21:49:07      15    3.02    0.00    0.80    0.20    0.00    0.20    0.00    0.00    0.00   95.77

21:49:07     CPU    %usr   %nice    %sys %iowait    %irq   %soft  %steal  %guest  %gnice   %idle
21:49:12     all    3.46    0.00    1.11    0.03    0.00    0.62    0.00    0.00    0.00   94.78
21:49:12       0    1.38    0.00    0.39    0.00    0.00    3.94    0.00    0.00    0.00   94.28
21:49:12       1    1.22    0.00    0.81    0.00    0.00    1.22    0.00    0.00    0.00   96.75
21:49:12       2    1.83    0.00    0.61    0.00    0.00    0.20    0.00    0.00    0.00   97.36
21:49:12       3    9.24    0.00    2.01    0.00    0.00    0.40    0.00    0.00    0.00   88.35
21:49:12       4    6.30    0.00    1.63    0.00    0.00    0.61    0.00    0.00    0.00   91.46
21:49:12       5    6.21    0.00    2.20    0.00    0.00    0.60    0.00    0.00    0.00   90.98
21:49:12       6    3.63    0.00    1.21    0.00    0.00    0.40    0.00    0.00    0.00   94.76
21:49:12       7    5.42    0.00    1.61    0.20    0.00    0.60    0.00    0.00    0.00   92.17
21:49:12       8    1.81    0.00    1.01    0.20    0.00    0.20    0.00    0.00    0.00   96.77
21:49:12       9    1.62    0.00    0.61    0.00    0.00    0.20    0.00    0.00    0.00   97.58
21:49:12      10    1.44    0.00    0.82    0.00    0.00    0.21    0.00    0.00    0.00   97.54
21:49:12      11    1.82    0.00    0.81    0.00    0.00    0.40    0.00    0.00    0.00   96.97
21:49:12      12    1.81    0.00    0.60    0.00    0.00    0.20    0.00    0.00    0.00   97.38
21:49:12      13    5.61    0.00    1.40    0.00    0.00    0.20    0.00    0.00    0.00   92.79
21:49:12      14    2.22    0.00    0.81    0.00    0.00    0.20    0.00    0.00    0.00   96.77
21:49:12      15    3.82    0.00    1.20    0.00    0.00    0.20    0.00    0.00    0.00   94.78

21:49:12     CPU    %usr   %nice    %sys %iowait    %irq   %soft  %steal  %guest  %gnice   %idle
21:49:17     all    3.54    0.00    1.06    0.03    0.00    0.58    0.00    0.00    0.00   94.79
21:49:17       0    0.99    0.00    0.59    0.00    0.00    4.14    0.00    0.00    0.00   94.28
21:49:17       1    1.81    0.00    1.01    0.00    0.00    1.01    0.00    0.00    0.00   96.17
21:49:17       2    2.41    0.00    1.01    0.00    0.00    0.20    0.00    0.00    0.00   96.38
21:49:17       3    8.25    0.00    1.41    0.00    0.00    0.80    0.00    0.00    0.00   89.54
21:49:17       4    5.84    0.00    1.81    0.40    0.00    0.60    0.00    0.00    0.00   91.35
21:49:17       5    7.10    0.00    1.83    0.00    0.00    0.41    0.00    0.00    0.00   90.67
21:49:17       6    3.64    0.00    1.41    0.00    0.00    0.20    0.00    0.00    0.00   94.75
21:49:17       7    8.30    0.00    1.42    0.00    0.00    0.20    0.00    0.00    0.00   90.08
21:49:17       8    2.02    0.00    0.81    0.00    0.00    0.20    0.00    0.00    0.00   96.98
21:49:17       9    1.83    0.00    0.61    0.00    0.00    0.00    0.00    0.00    0.00   97.57
21:49:17      10    1.84    0.00    0.82    0.00    0.00    0.20    0.00    0.00    0.00   97.13
21:49:17      11    3.44    0.00    0.61    0.00    0.00    0.20    0.00    0.00    0.00   95.75
21:49:17      12    2.02    0.00    0.81    0.00    0.00    0.20    0.00    0.00    0.00   96.97
21:49:17      13    2.82    0.00    1.21    0.00    0.00    0.40    0.00    0.00    0.00   95.57
21:49:17      14    2.81    0.00    1.00    0.00    0.00    0.00    0.00    0.00    0.00   96.18
21:49:17      15    1.62    0.00    0.61    0.00    0.00    0.40    0.00    0.00    0.00   97.37

21:49:17     CPU    %usr   %nice    %sys %iowait    %irq   %soft  %steal  %guest  %gnice   %idle
21:49:22     all    3.56    0.00    1.17    0.00    0.00    0.59    0.00    0.00    0.00   94.68
21:49:22       0    1.57    0.00    0.59    0.00    0.00    4.31    0.00    0.00    0.00   93.53
21:49:22       1    2.01    0.00    0.80    0.00    0.00    0.80    0.00    0.00    0.00   96.38
21:49:22       2    2.61    0.00    1.40    0.00    0.00    0.40    0.00    0.00    0.00   95.59
21:49:22       3    7.27    0.00    1.41    0.00    0.00    0.20    0.00    0.00    0.00   91.11
21:49:22       4    5.43    0.00    1.81    0.00    0.00    0.60    0.00    0.00    0.00   92.15
21:49:22       5    8.89    0.00    1.82    0.00    0.00    0.20    0.00    0.00    0.00   89.09
21:49:22       6    4.78    0.00    1.59    0.00    0.00    0.40    0.00    0.00    0.00   93.23
21:49:22       7    6.40    0.00    2.00    0.00    0.00    0.80    0.00    0.00    0.00   90.80
21:49:22       8    2.22    0.00    0.81    0.00    0.00    0.20    0.00    0.00    0.00   96.77
21:49:22       9    1.81    0.00    0.81    0.00    0.00    0.20    0.00    0.00    0.00   97.18
21:49:22      10    2.05    0.00    0.62    0.00    0.00    0.21    0.00    0.00    0.00   97.13
21:49:22      11    4.05    0.00    1.42    0.00    0.00    0.20    0.00    0.00    0.00   94.33
21:49:22      12    1.82    0.00    0.81    0.00    0.00    0.20    0.00    0.00    0.00   97.17
21:49:22      13    1.83    0.00    1.02    0.00    0.00    0.00    0.00    0.00    0.00   97.15
21:49:22      14    2.21    0.00    1.00    0.00    0.00    0.40    0.00    0.00    0.00   96.39
21:49:22      15    2.02    0.00    0.81    0.00    0.00    0.20    0.00    0.00    0.00   96.97

21:49:22     CPU    %usr   %nice    %sys %iowait    %irq   %soft  %steal  %guest  %gnice   %idle
21:49:27     all    3.60    0.00    1.09    0.05    0.00    0.70    0.00    0.00    0.00   94.55
21:49:27       0    1.17    0.00    0.39    0.00    0.00    5.83    0.00    0.00    0.00   92.62
21:49:27       1    2.24    0.00    0.81    0.20    0.00    0.81    0.00    0.00    0.00   95.93
21:49:27       2    2.81    0.00    1.20    0.00    0.00    0.40    0.00    0.00    0.00   95.58
21:49:27       3   10.80    0.00    1.40    0.00    0.00    0.60    0.00    0.00    0.00   87.20
21:49:27       4    5.21    0.00    1.60    0.00    0.00    0.40    0.00    0.00    0.00   92.79
21:49:27       5    6.06    0.00    1.62    0.20    0.00    0.40    0.00    0.00    0.00   91.72
21:49:27       6    3.62    0.00    1.21    0.40    0.00    0.20    0.00    0.00    0.00   94.57
21:49:27       7    5.98    0.00    1.79    0.00    0.00    0.40    0.00    0.00    0.00   91.83
21:49:27       8    1.81    0.00    0.80    0.00    0.00    0.40    0.00    0.00    0.00   96.98
21:49:27       9    1.61    0.00    1.01    0.00    0.00    0.20    0.00    0.00    0.00   97.18
21:49:27      10    1.64    0.00    1.03    0.00    0.00    0.21    0.00    0.00    0.00   97.13
21:49:27      11    1.62    0.00    0.81    0.00    0.00    0.20    0.00    0.00    0.00   97.37
21:49:27      12    2.02    0.00    1.01    0.00    0.00    0.20    0.00    0.00    0.00   96.77
21:49:27      13    5.86    0.00    1.41    0.00    0.00    0.20    0.00    0.00    0.00   92.53
21:49:27      14    2.82    0.00    0.60    0.00    0.00    0.20    0.00    0.00    0.00   96.38
21:49:27      15    2.23    0.00    0.81    0.00    0.00    0.41    0.00    0.00    0.00   96.55

21:49:27     CPU    %usr   %nice    %sys %iowait    %irq   %soft  %steal  %guest  %gnice   %idle
21:49:32     all    3.62    0.00    1.23    0.04    0.00    0.57    0.00    0.00    0.00   94.55
21:49:32       0    1.18    0.00    0.39    0.00    0.00    4.13    0.00    0.00    0.00   94.29
21:49:32       1    3.04    0.00    1.62    0.20    0.00    1.22    0.00    0.00    0.00   93.91
21:49:32       2    2.82    0.00    1.01    0.00    0.00    0.40    0.00    0.00    0.00   95.77
21:49:32       3    7.23    0.00    2.21    0.00    0.00    0.40    0.00    0.00    0.00   90.16
21:49:32       4    5.06    0.00    1.42    0.20    0.00    0.20    0.00    0.00    0.00   93.12
21:49:32       5    8.82    0.00    2.20    0.20    0.00    0.40    0.00    0.00    0.00   88.38
21:49:32       6    3.63    0.00    1.61    0.00    0.00    0.20    0.00    0.00    0.00   94.56
21:49:32       7    6.24    0.00    1.61    0.00    0.00    0.60    0.00    0.00    0.00   91.55
21:49:32       8    2.01    0.00    1.01    0.00    0.00    0.20    0.00    0.00    0.00   96.78
21:49:32       9    1.41    0.00    0.61    0.00    0.00    0.20    0.00    0.00    0.00   97.78
21:49:32      10    1.45    0.00    0.41    0.00    0.00    0.00    0.00    0.00    0.00   98.14
21:49:32      11    3.84    0.00    1.21    0.00    0.00    0.20    0.00    0.00    0.00   94.75
21:49:32      12    1.82    0.00    1.01    0.00    0.00    0.20    0.00    0.00    0.00   96.97
21:49:32      13    3.82    0.00    1.00    0.00    0.00    0.00    0.00    0.00    0.00   95.18
21:49:32      14    2.41    0.00    1.01    0.00    0.00    0.40    0.00    0.00    0.00   96.18
21:49:32      15    3.02    0.00    1.41    0.00    0.00    0.20    0.00    0.00    0.00   95.36

21:49:32     CPU    %usr   %nice    %sys %iowait    %irq   %soft  %steal  %guest  %gnice   %idle
21:49:37     all    3.58    0.00    1.04    0.00    0.00    0.65    0.00    0.00    0.00   94.73
21:49:37       0    1.36    0.00    0.58    0.00    0.00    5.24    0.00    0.00    0.00   92.82
21:49:37       1    2.64    0.00    1.01    0.00    0.00    1.22    0.00    0.00    0.00   95.13
21:49:37       2    2.63    0.00    0.81    0.00    0.00    0.40    0.00    0.00    0.00   96.16
21:49:37       3    6.90    0.00    1.22    0.00    0.00    0.41    0.00    0.00    0.00   91.48
21:49:37       4    6.05    0.00    1.61    0.00    0.00    0.40    0.00    0.00    0.00   91.94
21:49:37       5    9.51    0.00    1.42    0.00    0.00    0.40    0.00    0.00    0.00   88.66
21:49:37       6    5.04    0.00    1.01    0.00    0.00    0.20    0.00    0.00    0.00   93.75
21:49:37       7    4.02    0.00    1.61    0.00    0.00    0.40    0.00    0.00    0.00   93.96
21:49:37       8    1.80    0.00    0.80    0.00    0.00    0.20    0.00    0.00    0.00   97.19
21:49:37       9    1.21    0.00    0.81    0.00    0.00    0.00    0.00    0.00    0.00   97.98
21:49:37      10    1.44    0.00    0.82    0.00    0.00    0.00    0.00    0.00    0.00   97.74
21:49:37      11    3.62    0.00    0.80    0.00    0.00    0.20    0.00    0.00    0.00   95.37
21:49:37      12    1.21    0.00    0.81    0.00    0.00    0.40    0.00    0.00    0.00   97.58
21:49:37      13    4.82    0.00    1.61    0.00    0.00    0.40    0.00    0.00    0.00   93.17
21:49:37      14    2.21    0.00    1.00    0.00    0.00    0.40    0.00    0.00    0.00   96.39
21:49:37      15    2.82    0.00    0.81    0.00    0.00    0.00    0.00    0.00    0.00   96.37

21:49:37     CPU    %usr   %nice    %sys %iowait    %irq   %soft  %steal  %guest  %gnice   %idle
21:49:42     all    3.54    0.00    1.16    0.00    0.00    0.54    0.00    0.00    0.00   94.76
21:49:42       0    1.38    0.00    0.98    0.00    0.00    3.54    0.00    0.00    0.00   94.09
21:49:42       1    1.42    0.00    0.61    0.00    0.00    1.01    0.00    0.00    0.00   96.96
21:49:42       2    2.01    0.00    1.21    0.00    0.00    0.40    0.00    0.00    0.00   96.38
21:49:42       3    6.83    0.00    2.01    0.00    0.00    0.40    0.00    0.00    0.00   90.76
21:49:42       4    4.03    0.00    1.21    0.00    0.00    0.40    0.00    0.00    0.00   94.35
21:49:42       5    8.54    0.00    1.83    0.00    0.00    0.20    0.00    0.00    0.00   89.43
21:49:42       6    3.62    0.00    1.41    0.00    0.00    0.20    0.00    0.00    0.00   94.77
21:49:42       7    9.72    0.00    1.82    0.00    0.00    0.40    0.00    0.00    0.00   88.06
21:49:42       8    2.42    0.00    0.81    0.00    0.00    0.20    0.00    0.00    0.00   96.57
21:49:42       9    1.61    0.00    0.60    0.00    0.00    0.00    0.00    0.00    0.00   97.78
21:49:42      10    1.64    0.00    0.82    0.00    0.00    0.21    0.00    0.00    0.00   97.33
21:49:42      11    3.63    0.00    1.21    0.00    0.00    0.20    0.00    0.00    0.00   94.96
21:49:42      12    2.41    0.00    1.21    0.00    0.00    0.20    0.00    0.00    0.00   96.18
21:49:42      13    3.41    0.00    1.41    0.00    0.00    0.60    0.00    0.00    0.00   94.58
21:49:42      14    1.62    0.00    0.61    0.00    0.00    0.20    0.00    0.00    0.00   97.58
21:49:42      15    2.42    0.00    0.81    0.00    0.00    0.40    0.00    0.00    0.00   96.36

21:49:42     CPU    %usr   %nice    %sys %iowait    %irq   %soft  %steal  %guest  %gnice   %idle
21:49:47     all    3.53    0.00    1.11    0.08    0.00    0.58    0.00    0.00    0.00   94.71
21:49:47       0    1.38    0.00    0.59    0.00    0.00    3.56    0.00    0.00    0.00   94.47
21:49:47       1    1.61    0.00    0.81    0.00    0.00    1.21    0.00    0.00    0.00   96.37
21:49:47       2    2.22    0.00    1.01    0.00    0.00    0.40    0.00    0.00    0.00   96.37
21:49:47       3    5.84    0.00    2.01    0.00    0.00    0.40    0.00    0.00    0.00   91.75
21:49:47       4    4.25    0.00    1.01    0.40    0.00    0.40    0.00    0.00    0.00   93.93
21:49:47       5    5.44    0.00    1.81    0.00    0.00    0.60    0.00    0.00    0.00   92.14
21:49:47       6    4.61    0.00    1.20    0.40    0.00    0.20    0.00    0.00    0.00   93.59
21:49:47       7    7.85    0.00    1.81    0.00    0.00    0.20    0.00    0.00    0.00   90.14
21:49:47       8    2.01    0.00    0.80    0.20    0.00    0.20    0.00    0.00    0.00   96.79
21:49:47       9    2.82    0.00    1.01    0.00    0.00    0.40    0.00    0.00    0.00   95.77
21:49:47      10    2.25    0.00    1.02    0.00    0.00    0.41    0.00    0.00    0.00   96.32
21:49:47      11    6.44    0.00    1.01    0.00    0.00    0.20    0.00    0.00    0.00   92.35
21:49:47      12    1.62    0.00    0.61    0.20    0.00    0.20    0.00    0.00    0.00   97.36
21:49:47      13    4.23    0.00    1.41    0.00    0.00    0.40    0.00    0.00    0.00   93.95
21:49:47      14    2.02    0.00    1.01    0.00    0.00    0.20    0.00    0.00    0.00   96.77
21:49:47      15    1.83    0.00    0.61    0.00    0.00    0.20    0.00    0.00    0.00   97.36

21:49:47     CPU    %usr   %nice    %sys %iowait    %irq   %soft  %steal  %guest  %gnice   %idle
21:49:52     all    3.54    0.00    1.15    0.01    0.00    0.48    0.00    0.00    0.00   94.82
21:49:52       0    1.19    0.00    0.79    0.00    0.00    3.37    0.00    0.00    0.00   94.65
21:49:52       1    2.24    0.00    0.61    0.00    0.00    0.81    0.00    0.00    0.00   96.34
21:49:52       2    2.21    0.00    0.80    0.00    0.00    0.40    0.00    0.00    0.00   96.58
21:49:52       3    6.10    0.00    1.63    0.00    0.00    0.20    0.00    0.00    0.00   92.07
21:49:52       4    5.45    0.00    1.01    0.00    0.00    0.20    0.00    0.00    0.00   93.33
21:49:52       5    7.23    0.00    2.21    0.00    0.00    0.20    0.00    0.00    0.00   90.36
21:49:52       6    4.02    0.00    1.20    0.00    0.00    0.40    0.00    0.00    0.00   94.38
21:49:52       7    7.65    0.00    1.81    0.00    0.00    0.80    0.00    0.00    0.00   89.74
21:49:52       8    2.42    0.00    1.01    0.00    0.00    0.20    0.00    0.00    0.00   96.37
21:49:52       9    2.42    0.00    1.01    0.00    0.00    0.00    0.00    0.00    0.00   96.57
21:49:52      10    1.65    0.00    1.03    0.00    0.00    0.21    0.00    0.00    0.00   97.11
21:49:52      11    4.03    0.00    1.41    0.00    0.00    0.20    0.00    0.00    0.00   94.35
21:49:52      12    3.04    0.00    0.61    0.00    0.00    0.20    0.00    0.00    0.00   96.15
21:49:52      13    3.42    0.00    1.41    0.00    0.00    0.20    0.00    0.00    0.00   94.97
21:49:52      14    2.22    0.00    1.01    0.00    0.00    0.20    0.00    0.00    0.00   96.57
21:49:52      15    1.42    0.00    0.81    0.20    0.00    0.00    0.00    0.00    0.00   97.57

21:49:52     CPU    %usr   %nice    %sys %iowait    %irq   %soft  %steal  %guest  %gnice   %idle
21:49:57     all    3.51    0.00    1.16    0.15    0.00    0.55    0.00    0.00    0.00   94.63
21:49:57       0    1.38    0.00    0.59    0.20    0.00    3.54    0.00    0.00    0.00   94.29
21:49:57       1    1.83    0.00    0.61    0.00    0.00    0.81    0.00    0.00    0.00   96.75
21:49:57       2    1.62    0.00    0.81    0.00    0.00    0.20    0.00    0.00    0.00   97.37
21:49:57       3    8.22    0.00    1.60    0.00    0.00    0.60    0.00    0.00    0.00   89.58
21:49:57       4    4.63    0.00    1.41    0.00    0.00    0.40    0.00    0.00    0.00   93.56
21:49:57       5    6.45    0.00    2.02    1.01    0.00    0.40    0.00    0.00    0.00   90.12
21:49:57       6    5.25    0.00    2.22    0.00    0.00    0.40    0.00    0.00    0.00   92.12
21:49:57       7    7.85    0.00    1.61    0.00    0.00    0.20    0.00    0.00    0.00   90.34
21:49:57       8    2.00    0.00    1.00    0.00    0.00    0.20    0.00    0.00    0.00   96.79
21:49:57       9    2.01    0.00    0.60    0.00    0.00    0.40    0.00    0.00    0.00   96.98
21:49:57      10    2.04    0.00    1.02    0.00    0.00    0.41    0.00    0.00    0.00   96.53
21:49:57      11    2.61    0.00    1.00    0.00    0.00    0.40    0.00    0.00    0.00   95.99
21:49:57      12    2.42    0.00    1.01    0.00    0.00    0.20    0.00    0.00    0.00   96.37
21:49:57      13    4.22    0.00    1.61    0.20    0.00    0.20    0.00    0.00    0.00   93.78
21:49:57      14    2.02    0.00    0.60    0.00    0.00    0.00    0.00    0.00    0.00   97.38
21:49:57      15    1.61    0.00    0.81    1.01    0.00    0.40    0.00    0.00    0.00   96.17

21:49:57     CPU    %usr   %nice    %sys %iowait    %irq   %soft  %steal  %guest  %gnice   %idle
21:50:02     all    4.96    0.00    2.54    0.19    0.00    0.53    0.00    0.00    0.00   91.79
21:50:02       0    2.77    0.00    1.98    0.00    0.00    2.97    0.00    0.00    0.00   92.28
21:50:02       1    3.03    0.00    2.02    0.00    0.00    0.81    0.00    0.00    0.00   94.14
21:50:02       2    3.63    0.00    2.22    0.00    0.00    0.40    0.00    0.00    0.00   93.75
21:50:02       3    7.10    0.00    4.26    0.41    0.00    0.41    0.00    0.00    0.00   87.83
21:50:02       4    6.24    0.00    2.62    1.01    0.00    0.40    0.00    0.00    0.00   89.74
21:50:02       5    6.88    0.00    2.63    0.20    0.00    0.40    0.00    0.00    0.00   89.88
21:50:02       6    6.02    0.00    2.61    0.00    0.00    0.40    0.00    0.00    0.00   90.96
21:50:02       7    7.11    0.00    3.25    0.20    0.00    0.41    0.00    0.00    0.00   89.02
21:50:02       8    4.03    0.00    1.61    0.20    0.00    0.40    0.00    0.00    0.00   93.75
21:50:02       9    3.03    0.00    2.63    0.00    0.00    0.20    0.00    0.00    0.00   94.14
21:50:02      10    3.29    0.00    2.26    0.00    0.00    0.21    0.00    0.00    0.00   94.24
21:50:02      11    5.06    0.00    2.63    0.00    0.00    0.00    0.00    0.00    0.00   92.31
21:50:02      12    4.63    0.00    2.21    0.00    0.00    0.40    0.00    0.00    0.00   92.76
21:50:02      13    7.71    0.00    3.85    0.61    0.00    0.41    0.00    0.00    0.00   87.42
21:50:02      14    4.81    0.00    1.40    0.40    0.00    0.40    0.00    0.00    0.00   92.99
21:50:02      15    4.03    0.00    2.42    0.00    0.00    0.20    0.00    0.00    0.00   93.35

21:50:02     CPU    %usr   %nice    %sys %iowait    %irq   %soft  %steal  %guest  %gnice   %idle
21:50:07     all    3.62    0.00    1.16    0.08    0.00    0.55    0.00    0.00    0.00   94.59
21:50:07       0    1.96    0.00    0.98    0.00    0.00    3.73    0.00    0.00    0.00   93.32
21:50:07       1    2.03    0.00    0.81    0.00    0.00    1.01    0.00    0.00    0.00   96.15
21:50:07       2    2.42    0.00    1.21    0.20    0.00    0.20    0.00    0.00    0.00   95.97
21:50:07       3    8.06    0.00    2.62    0.00    0.00    0.40    0.00    0.00    0.00   88.91
21:50:07       4    4.84    0.00    0.81    0.00    0.00    0.40    0.00    0.00    0.00   93.95
21:50:07       5    4.44    0.00    1.21    0.40    0.00    0.40    0.00    0.00    0.00   93.55
21:50:07       6    2.83    0.00    1.01    0.00    0.00    0.40    0.00    0.00    0.00   95.75
21:50:07       7    4.60    0.00    1.80    0.60    0.00    0.40    0.00    0.00    0.00   92.60
21:50:07       8    1.82    0.00    0.61    0.00    0.00    0.20    0.00    0.00    0.00   97.37
21:50:07       9    1.62    0.00    0.81    0.00    0.00    0.20    0.00    0.00    0.00   97.37
21:50:07      10    1.65    0.00    0.41    0.00    0.00    0.21    0.00    0.00    0.00   97.74
21:50:07      11    3.01    0.00    1.20    0.00    0.00    0.40    0.00    0.00    0.00   95.39
21:50:07      12    1.83    0.00    0.81    0.00    0.00    0.00    0.00    0.00    0.00   97.36
21:50:07      13    8.84    0.00    2.41    0.00    0.00    0.40    0.00    0.00    0.00   88.35
21:50:07      14    3.64    0.00    0.61    0.00    0.00    0.20    0.00    0.00    0.00   95.56
21:50:07      15    4.23    0.00    1.21    0.00    0.00    0.20    0.00    0.00    0.00   94.35

21:50:07     CPU    %usr   %nice    %sys %iowait    %irq   %soft  %steal  %guest  %gnice   %idle
21:50:12     all    3.63    0.00    1.05    0.00    0.00    0.55    0.00    0.00    0.00   94.77
21:50:12       0    2.76    0.00    0.98    0.00    0.00    3.74    0.00    0.00    0.00   92.52
21:50:12       1    2.02    0.00    0.81    0.00    0.00    1.01    0.00    0.00    0.00   96.16
21:50:12       2    2.42    0.00    0.81    0.00    0.00    0.40    0.00    0.00    0.00   96.36
21:50:12       3    7.44    0.00    1.61    0.00    0.00    0.40    0.00    0.00    0.00   90.54
21:50:12       4    4.03    0.00    1.21    0.00    0.00    0.20    0.00    0.00    0.00   94.56
21:50:12       5    6.67    0.00    1.41    0.00    0.00    0.40    0.00    0.00    0.00   91.52
21:50:12       6    3.03    0.00    1.01    0.00    0.00    0.20    0.00    0.00    0.00   95.76
21:50:12       7    6.19    0.00    1.60    0.00    0.00    0.40    0.00    0.00    0.00   91.82
21:50:12       8    2.01    0.00    0.60    0.00    0.00    0.20    0.00    0.00    0.00   97.18
21:50:12       9    2.01    0.00    0.80    0.00    0.00    0.20    0.00    0.00    0.00   96.99
21:50:12      10    2.06    0.00    0.82    0.00    0.00    0.21    0.00    0.00    0.00   96.91
21:50:12      11    2.22    0.00    0.81    0.00    0.00    0.20    0.00    0.00    0.00   96.77
21:50:12      12    2.42    0.00    1.01    0.00    0.00    0.20    0.00    0.00    0.00   96.37
21:50:12      13    7.85    0.00    1.41    0.00    0.00    0.40    0.00    0.00    0.00   90.34
21:50:12      14    2.43    0.00    1.01    0.00    0.00    0.20    0.00    0.00    0.00   96.35
21:50:12      15    2.42    0.00    0.81    0.00    0.00    0.40    0.00    0.00    0.00   96.36

21:50:12     CPU    %usr   %nice    %sys %iowait    %irq   %soft  %steal  %guest  %gnice   %idle
21:50:17     all    3.65    0.00    1.14    0.03    0.00    0.58    0.00    0.00    0.00   94.60
21:50:17       0    2.14    0.00    0.78    0.00    0.00    4.48    0.00    0.00    0.00   92.59
21:50:17       1    2.01    0.00    1.01    0.00    0.00    1.21    0.00    0.00    0.00   95.77
21:50:17       2    2.02    0.00    1.01    0.00    0.00    0.20    0.00    0.00    0.00   96.77
21:50:17       3    6.46    0.00    2.02    0.40    0.00    0.40    0.00    0.00    0.00   90.71
21:50:17       4    4.22    0.00    1.61    0.00    0.00    0.40    0.00    0.00    0.00   93.78
21:50:17       5    7.63    0.00    1.81    0.00    0.00    0.60    0.00    0.00    0.00   89.96
21:50:17       6    3.84    0.00    1.21    0.00    0.00    0.20    0.00    0.00    0.00   94.75
21:50:17       7    6.22    0.00    1.41    0.00    0.00    0.20    0.00    0.00    0.00   92.17
21:50:17       8    2.00    0.00    0.80    0.00    0.00    0.20    0.00    0.00    0.00   96.99
21:50:17       9    1.81    0.00    0.60    0.00    0.00    0.00    0.00    0.00    0.00   97.58
21:50:17      10    1.84    0.00    0.82    0.00    0.00    0.20    0.00    0.00    0.00   97.13
21:50:17      11    3.01    0.00    1.00    0.00    0.00    0.20    0.00    0.00    0.00   95.78
21:50:17      12    1.22    0.00    0.61    0.00    0.00    0.20    0.00    0.00    0.00   97.97
21:50:17      13    4.66    0.00    1.21    0.00    0.00    0.20    0.00    0.00    0.00   93.93
21:50:17      14    4.83    0.00    1.41    0.00    0.00    0.40    0.00    0.00    0.00   93.36
21:50:17      15    4.45    0.00    1.01    0.00    0.00    0.00    0.00    0.00    0.00   94.53

21:50:17     CPU    %usr   %nice    %sys %iowait    %irq   %soft  %steal  %guest  %gnice   %idle
21:50:22     all    3.58    0.00    1.14    0.04    0.00    0.64    0.00    0.00    0.00   94.59
21:50:22       0    2.15    0.00    0.78    0.00    0.00    4.69    0.00    0.00    0.00   92.38
21:50:22       1    1.62    0.00    0.81    0.00    0.00    1.21    0.00    0.00    0.00   96.36
21:50:22       2    1.81    0.00    0.60    0.00    0.00    0.20    0.00    0.00    0.00   97.38
21:50:22       3    6.81    0.00    2.20    0.00    0.00    0.40    0.00    0.00    0.00   90.58
21:50:22       4    5.98    0.00    1.79    0.00    0.00    0.40    0.00    0.00    0.00   91.83
21:50:22       5    7.65    0.00    2.01    0.20    0.00    0.20    0.00    0.00    0.00   89.94
21:50:22       6    4.24    0.00    1.01    0.00    0.00    0.20    0.00    0.00    0.00   94.55
21:50:22       7    5.21    0.00    1.20    0.00    0.00    0.20    0.00    0.00    0.00   93.39
21:50:22       8    2.01    0.00    0.80    0.00    0.00    0.20    0.00    0.00    0.00   96.99
21:50:22       9    2.02    0.00    0.61    0.00    0.00    0.20    0.00    0.00    0.00   97.17
21:50:22      10    1.64    0.00    1.02    0.00    0.00    0.41    0.00    0.00    0.00   96.93
21:50:22      11    3.41    0.00    1.20    0.00    0.00    0.40    0.00    0.00    0.00   94.99
21:50:22      12    1.82    0.00    0.61    0.00    0.00    0.20    0.00    0.00    0.00   97.37
21:50:22      13    4.64    0.00    1.41    0.00    0.00    0.40    0.00    0.00    0.00   93.55
21:50:22      14    3.85    0.00    1.21    0.00    0.00    0.20    0.00    0.00    0.00   94.74
21:50:22      15    2.43    0.00    1.01    0.41    0.00    0.61    0.00    0.00    0.00   95.54

21:50:22     CPU    %usr   %nice    %sys %iowait    %irq   %soft  %steal  %guest  %gnice   %idle
21:50:27     all    3.60    0.00    1.11    0.08    0.00    0.68    0.00    0.00    0.00   94.54
21:50:27       0    2.72    0.00    0.58    0.00    0.00    5.25    0.00    0.00    0.00   91.44
21:50:27       1    2.41    0.00    0.80    0.00    0.00    1.61    0.00    0.00    0.00   95.17
21:50:27       2    2.41    0.00    1.20    0.40    0.00    0.20    0.00    0.00    0.00   95.78
21:50:27       3    6.25    0.00    1.81    0.20    0.00    0.81    0.00    0.00    0.00   90.93
21:50:27       4    4.44    0.00    0.81    0.00    0.00    0.20    0.00    0.00    0.00   94.55
21:50:27       5    6.60    0.00    2.00    0.20    0.00    0.40    0.00    0.00    0.00   90.80
21:50:27       6    4.04    0.00    1.01    0.40    0.00    0.20    0.00    0.00    0.00   94.34
21:50:27       7    4.83    0.00    1.61    0.00    0.00    0.40    0.00    0.00    0.00   93.16
21:50:27       8    1.62    0.00    0.61    0.00    0.00    0.20    0.00    0.00    0.00   97.58
21:50:27       9    1.41    0.00    0.60    0.00    0.00    0.20    0.00    0.00    0.00   97.79
21:50:27      10    2.06    0.00    1.03    0.00    0.00    0.21    0.00    0.00    0.00   96.71
21:50:27      11    5.62    0.00    1.41    0.00    0.00    0.20    0.00    0.00    0.00   92.77
21:50:27      12    2.63    0.00    1.21    0.00    0.00    0.20    0.00    0.00    0.00   95.96
21:50:27      13    4.03    0.00    1.01    0.00    0.00    0.20    0.00    0.00    0.00   94.76
21:50:27      14    3.42    0.00    1.01    0.00    0.00    0.20    0.00    0.00    0.00   95.37
21:50:27      15    3.02    0.00    1.01    0.00    0.00    0.20    0.00    0.00    0.00   95.77

21:50:27     CPU    %usr   %nice    %sys %iowait    %irq   %soft  %steal  %guest  %gnice   %idle
21:50:32     all    3.56    0.00    1.11    0.01    0.00    0.69    0.00    0.00    0.00   94.62
21:50:32       0    1.56    0.00    0.98    0.00    0.00    4.88    0.00    0.00    0.00   92.58
21:50:32       1    1.42    0.00    0.81    0.00    0.00    1.42    0.00    0.00    0.00   96.36
21:50:32       2    2.42    0.00    0.81    0.00    0.00    0.61    0.00    0.00    0.00   96.16
21:50:32       3    6.45    0.00    1.41    0.00    0.00    0.40    0.00    0.00    0.00   91.73
21:50:32       4    4.00    0.00    1.60    0.00    0.00    0.60    0.00    0.00    0.00   93.80
21:50:32       5    6.77    0.00    2.19    0.20    0.00    0.60    0.00    0.00    0.00   90.24
21:50:32       6    4.43    0.00    1.41    0.00    0.00    0.40    0.00    0.00    0.00   93.76
21:50:32       7    5.24    0.00    2.02    0.00    0.00    0.40    0.00    0.00    0.00   92.34
21:50:32       8    1.81    0.00    0.80    0.00    0.00    0.20    0.00    0.00    0.00   97.19
21:50:32       9    1.42    0.00    0.61    0.00    0.00    0.20    0.00    0.00    0.00   97.77
21:50:32      10    1.65    0.00    0.82    0.00    0.00    0.41    0.00    0.00    0.00   97.11
21:50:32      11   10.12    0.00    0.61    0.00    0.00    0.20    0.00    0.00    0.00   89.07
21:50:32      12    1.62    0.00    0.81    0.00    0.00    0.40    0.00    0.00    0.00   97.17
21:50:32      13    4.03    0.00    1.01    0.00    0.00    0.20    0.00    0.00    0.00   94.76
21:50:32      14    2.03    0.00    0.81    0.00    0.00    0.00    0.00    0.00    0.00   97.15
21:50:32      15    2.01    0.00    1.00    0.00    0.00    0.00    0.00    0.00    0.00   96.99

21:50:32     CPU    %usr   %nice    %sys %iowait    %irq   %soft  %steal  %guest  %gnice   %idle
21:50:37     all    3.62    0.00    1.37    0.13    0.00    0.57    0.00    0.00    0.00   94.32
21:50:37       0    1.18    0.00    0.99    0.20    0.00    3.75    0.00    0.00    0.00   93.89
21:50:37       1    1.22    0.00    1.22    0.00    0.00    1.22    0.00    0.00    0.00   96.35
21:50:37       2    2.23    0.00    1.42    0.00    0.00    0.20    0.00    0.00    0.00   96.15
21:50:37       3    7.47    0.00    2.63    0.00    0.00    0.40    0.00    0.00    0.00   89.49
21:50:37       4    5.20    0.00    2.20    0.20    0.00    0.40    0.00    0.00    0.00   92.00
21:50:37       5    6.64    0.00    1.81    0.20    0.00    0.40    0.00    0.00    0.00   90.95
21:50:37       6    3.62    0.00    1.21    0.00    0.00    0.40    0.00    0.00    0.00   94.77
21:50:37       7    4.85    0.00    2.02    0.00    0.00    0.20    0.00    0.00    0.00   92.93
21:50:37       8    2.41    0.00    1.01    0.00    0.00    0.40    0.00    0.00    0.00   96.18
21:50:37       9    2.01    0.00    1.01    0.40    0.00    0.20    0.00    0.00    0.00   96.38
21:50:37      10    2.06    0.00    0.82    0.00    0.00    0.21    0.00    0.00    0.00   96.91
21:50:37      11    7.63    0.00    1.20    0.40    0.00    0.20    0.00    0.00    0.00   90.56
21:50:37      12    3.00    0.00    1.20    0.20    0.00    0.00    0.00    0.00    0.00   95.60
21:50:37      13    4.46    0.00    1.42    0.41    0.00    0.20    0.00    0.00    0.00   93.51
21:50:37      14    2.22    0.00    0.81    0.00    0.00    0.40    0.00    0.00    0.00   96.57
21:50:37      15    1.62    0.00    1.01    0.00    0.00    0.40    0.00    0.00    0.00   96.96

21:50:37     CPU    %usr   %nice    %sys %iowait    %irq   %soft  %steal  %guest  %gnice   %idle
21:50:42     all    3.83    0.00    1.11    0.03    0.00    0.54    0.00    0.00    0.00   94.50
21:50:42       0    1.97    0.00    0.79    0.00    0.00    3.55    0.00    0.00    0.00   93.69
21:50:42       1    2.43    0.00    0.81    0.00    0.00    1.01    0.00    0.00    0.00   95.74
21:50:42       2    2.42    0.00    1.01    0.00    0.00    0.61    0.00    0.00    0.00   95.96
21:50:42       3    9.02    0.00    2.00    0.00    0.00    0.60    0.00    0.00    0.00   88.38
21:50:42       4    5.41    0.00    1.20    0.40    0.00    0.40    0.00    0.00    0.00   92.59
21:50:42       5    7.85    0.00    1.61    0.00    0.00    0.20    0.00    0.00    0.00   90.34
21:50:42       6    4.45    0.00    1.21    0.00    0.00    0.20    0.00    0.00    0.00   94.13
21:50:42       7    5.42    0.00    1.61    0.00    0.00    0.40    0.00    0.00    0.00   92.57
21:50:42       8    2.22    0.00    0.81    0.00    0.00    0.20    0.00    0.00    0.00   96.77
21:50:42       9    2.40    0.00    0.60    0.00    0.00    0.20    0.00    0.00    0.00   96.79
21:50:42      10    1.65    0.00    0.82    0.00    0.00    0.21    0.00    0.00    0.00   97.33
21:50:42      11    3.02    0.00    1.41    0.00    0.00    0.20    0.00    0.00    0.00   95.37
21:50:42      12    2.42    0.00    1.21    0.00    0.00    0.40    0.00    0.00    0.00   95.96
21:50:42      13    6.64    0.00    1.01    0.00    0.00    0.20    0.00    0.00    0.00   92.15
21:50:42      14    2.01    0.00    0.60    0.00    0.00    0.00    0.00    0.00    0.00   97.38
21:50:42      15    1.83    0.00    1.01    0.00    0.00    0.20    0.00    0.00    0.00   96.96

21:50:42     CPU    %usr   %nice    %sys %iowait    %irq   %soft  %steal  %guest  %gnice   %idle
21:50:47     all    3.69    0.00    1.16    0.03    0.00    0.59    0.00    0.00    0.00   94.54
21:50:47       0    1.58    0.00    0.99    0.00    0.00    3.94    0.00    0.00    0.00   93.49
21:50:47       1    2.02    0.00    1.21    0.20    0.00    1.01    0.00    0.00    0.00   95.56
21:50:47       2    2.00    0.00    1.20    0.00    0.00    0.60    0.00    0.00    0.00   96.19
21:50:47       3    9.68    0.00    2.02    0.00    0.00    0.40    0.00    0.00    0.00   87.90
21:50:47       4    4.84    0.00    1.41    0.20    0.00    0.60    0.00    0.00    0.00   92.94
21:50:47       5    7.20    0.00    1.80    0.00    0.00    0.40    0.00    0.00    0.00   90.60
21:50:47       6    4.61    0.00    1.20    0.00    0.00    0.40    0.00    0.00    0.00   93.79
21:50:47       7    6.05    0.00    1.41    0.00    0.00    0.40    0.00    0.00    0.00   92.14
21:50:47       8    1.62    0.00    0.40    0.00    0.00    0.00    0.00    0.00    0.00   97.98
21:50:47       9    1.81    0.00    0.60    0.00    0.00    0.20    0.00    0.00    0.00   97.38
21:50:47      10    1.85    0.00    0.62    0.00    0.00    0.21    0.00    0.00    0.00   97.33
21:50:47      11    2.21    0.00    1.41    0.00    0.00    0.40    0.00    0.00    0.00   95.98
21:50:47      12    2.42    0.00    0.81    0.00    0.00    0.20    0.00    0.00    0.00   96.57
21:50:47      13    4.22    0.00    1.20    0.00    0.00    0.20    0.00    0.00    0.00   94.38
21:50:47      14    3.82    0.00    1.41    0.00    0.00    0.20    0.00    0.00    0.00   94.57
21:50:47      15    3.05    0.00    0.81    0.00    0.00    0.20    0.00    0.00    0.00   95.93

21:50:47     CPU    %usr   %nice    %sys %iowait    %irq   %soft  %steal  %guest  %gnice   %idle
21:50:52     all    3.31    0.00    1.02    0.03    0.00    0.50    0.00    0.00    0.00   95.14
21:50:52       0    1.39    0.00    0.79    0.00    0.00    2.97    0.00    0.00    0.00   94.85
21:50:52       1    2.63    0.00    0.61    0.00    0.00    1.01    0.00    0.00    0.00   95.76
21:50:52       2    2.24    0.00    0.82    0.00    0.00    0.20    0.00    0.00    0.00   96.73
21:50:52       3    7.10    0.00    1.62    0.00    0.00    0.41    0.00    0.00    0.00   90.87
21:50:52       4    4.23    0.00    1.21    0.40    0.00    0.20    0.00    0.00    0.00   93.95
21:50:52       5    5.61    0.00    1.60    0.00    0.00    0.40    0.00    0.00    0.00   92.38
21:50:52       6    3.80    0.00    1.00    0.00    0.00    0.40    0.00    0.00    0.00   94.80
21:50:52       7    4.66    0.00    1.42    0.00    0.00    0.20    0.00    0.00    0.00   93.72
21:50:52       8    1.81    0.00    0.80    0.00    0.00    0.20    0.00    0.00    0.00   97.18
21:50:52       9    3.21    0.00    1.00    0.00    0.00    0.40    0.00    0.00    0.00   95.38
21:50:52      10    2.05    0.00    0.82    0.00    0.00    0.20    0.00    0.00    0.00   96.93
21:50:52      11    2.81    0.00    1.20    0.00    0.00    0.40    0.00    0.00    0.00   95.58
21:50:52      12    1.41    0.00    0.61    0.00    0.00    0.20    0.00    0.00    0.00   97.78
21:50:52      13    4.43    0.00    1.21    0.00    0.00    0.20    0.00    0.00    0.00   94.16
21:50:52      14    3.23    0.00    1.01    0.00    0.00    0.20    0.00    0.00    0.00   95.56
21:50:52      15    2.42    0.00    0.61    0.00    0.00    0.40    0.00    0.00    0.00   96.57

21:50:52     CPU    %usr   %nice    %sys %iowait    %irq   %soft  %steal  %guest  %gnice   %idle
21:50:57     all    3.11    0.00    1.37    0.08    0.00    0.40    0.00    0.00    0.00   95.04
21:50:57       0    1.37    0.00    0.59    0.00    0.00    3.33    0.00    0.00    0.00   94.71
21:50:57       1    1.63    0.00    0.61    0.00    0.00    0.61    0.00    0.00    0.00   97.15
21:50:57       2    2.66    0.00    1.02    0.00    0.00    0.20    0.00    0.00    0.00   96.11
21:50:57       3    6.44    0.00    2.21    0.00    0.00    0.40    0.00    0.00    0.00   90.95
21:50:57       4    3.41    0.00    1.20    0.20    0.00    0.20    0.00    0.00    0.00   94.98
21:50:57       5    5.22    0.00    2.61    0.00    0.00    0.20    0.00    0.00    0.00   91.97
21:50:57       6    3.02    0.00    1.81    0.00    0.00    0.20    0.00    0.00    0.00   94.97
21:50:57       7    4.62    0.00    1.81    0.00    0.00    0.20    0.00    0.00    0.00   93.37
21:50:57       8    1.01    0.00    1.01    0.00    0.00    0.00    0.00    0.00    0.00   97.98
21:50:57       9    3.22    0.00    1.61    0.00    0.00    0.00    0.00    0.00    0.00   95.17
21:50:57      10    2.04    0.00    1.63    0.00    0.00    0.20    0.00    0.00    0.00   96.12
21:50:57      11    3.82    0.00    1.41    0.40    0.00    0.20    0.00    0.00    0.00   94.18
21:50:57      12    2.42    0.00    0.81    0.00    0.00    0.20    0.00    0.00    0.00   96.57
21:50:57      13    4.44    0.00    1.21    0.00    0.00    0.20    0.00    0.00    0.00   94.15
21:50:57      14    2.43    0.00    1.42    0.61    0.00    0.20    0.00    0.00    0.00   95.34
21:50:57      15    2.03    0.00    1.01    0.00    0.00    0.00    0.00    0.00    0.00   96.96

21:50:57     CPU    %usr   %nice    %sys %iowait    %irq   %soft  %steal  %guest  %gnice   %idle
21:51:02     all    2.79    0.00    1.86    0.00    0.00    0.42    0.00    0.00    0.00   94.93
21:51:02       0    1.59    0.00    1.39    0.00    0.00    1.99    0.00    0.00    0.00   95.02
21:51:02       1    2.41    0.00    1.61    0.00    0.00    1.21    0.00    0.00    0.00   94.77
21:51:02       2    2.03    0.00    1.42    0.00    0.00    0.20    0.00    0.00    0.00   96.34
21:51:02       3    4.22    0.00    2.41    0.00    0.00    0.40    0.00    0.00    0.00   92.97
21:51:02       4    3.81    0.00    2.20    0.00    0.00    0.40    0.00    0.00    0.00   93.59
21:51:02       5    6.40    0.00    3.40    0.00    0.00    0.40    0.00    0.00    0.00   89.80
21:51:02       6    2.81    0.00    2.01    0.00    0.00    0.40    0.00    0.00    0.00   94.78
21:51:02       7    2.83    0.00    2.22    0.00    0.00    0.20    0.00    0.00    0.00   94.75
21:51:02       8    1.61    0.00    1.61    0.00    0.00    0.20    0.00    0.00    0.00   96.58
21:51:02       9    2.41    0.00    1.20    0.00    0.00    0.20    0.00    0.00    0.00   96.18
21:51:02      10    2.23    0.00    1.62    0.00    0.00    0.00    0.00    0.00    0.00   96.15
21:51:02      11    2.02    0.00    1.62    0.00    0.00    0.20    0.00    0.00    0.00   96.15
21:51:02      12    1.82    0.00    1.01    0.00    0.00    0.20    0.00    0.00    0.00   96.97
21:51:02      13    3.21    0.00    2.01    0.00    0.00    0.20    0.00    0.00    0.00   94.58
21:51:02      14    2.81    0.00    2.40    0.00    0.00    0.20    0.00    0.00    0.00   94.59
21:51:02      15    2.43    0.00    1.62    0.00    0.00    0.20    0.00    0.00    0.00   95.75

21:51:02     CPU    %usr   %nice    %sys %iowait    %irq   %soft  %steal  %guest  %gnice   %idle
21:51:07     all    2.34    0.00    1.07    0.05    0.00    0.42    0.00    0.00    0.00   96.12
21:51:07       0    1.19    0.00    0.59    0.20    0.00    2.37    0.00    0.00    0.00   95.65
21:51:07       1    1.41    0.00    1.01    0.00    0.00    1.21    0.00    0.00    0.00   96.38
21:51:07       2    1.03    0.00    0.82    0.00    0.00    0.41    0.00    0.00    0.00   97.74
21:51:07       3    3.80    0.00    2.40    0.20    0.00    0.60    0.00    0.00    0.00   93.00
21:51:07       4    3.02    0.00    1.61    0.00    0.00    0.20    0.00    0.00    0.00   95.17
21:51:07       5    4.42    0.00    1.61    0.00    0.00    0.40    0.00    0.00    0.00   93.57
21:51:07       6    2.01    0.00    1.21    0.00    0.00    0.20    0.00    0.00    0.00   96.58
21:51:07       7    3.79    0.00    1.80    0.20    0.00    0.40    0.00    0.00    0.00   93.81
21:51:07       8    1.21    0.00    0.60    0.00    0.00    0.20    0.00    0.00    0.00   97.99
21:51:07       9    0.81    0.00    0.40    0.00    0.00    0.00    0.00    0.00    0.00   98.79
21:51:07      10    1.63    0.00    0.81    0.00    0.00    0.20    0.00    0.00    0.00   97.35
21:51:07      11    2.82    0.00    1.01    0.00    0.00    0.20    0.00    0.00    0.00   95.98
21:51:07      12    2.03    0.00    0.81    0.00    0.00    0.00    0.00    0.00    0.00   97.15
21:51:07      13    6.29    0.00    0.61    0.20    0.00    0.00    0.00    0.00    0.00   92.90
21:51:07      14    0.81    0.00    1.01    0.00    0.00    0.00    0.00    0.00    0.00   98.17
21:51:07      15    1.20    0.00    0.80    0.00    0.00    0.20    0.00    0.00    0.00   97.79

21:51:07     CPU    %usr   %nice    %sys %iowait    %irq   %soft  %steal  %guest  %gnice   %idle
21:51:12     all    2.56    0.00    0.82    0.03    0.00    0.42    0.00    0.00    0.00   96.18
21:51:12       0    0.79    0.00    0.40    0.00    0.00    2.78    0.00    0.00    0.00   96.03
21:51:12       1    1.21    0.00    0.81    0.00    0.00    0.81    0.00    0.00    0.00   97.17
21:51:12       2    2.20    0.00    1.00    0.00    0.00    0.20    0.00    0.00    0.00   96.59
21:51:12       3    6.05    0.00    1.61    0.00    0.00    0.20    0.00    0.00    0.00   92.14
21:51:12       4    2.99    0.00    1.20    0.00    0.00    0.40    0.00    0.00    0.00   95.41
21:51:12       5    3.85    0.00    1.42    0.00    0.00    0.20    0.00    0.00    0.00   94.53
21:51:12       6    2.61    0.00    1.20    0.00    0.00    0.40    0.00    0.00    0.00   95.79
21:51:12       7    4.02    0.00    1.41    0.00    0.00    0.40    0.00    0.00    0.00   94.18
21:51:12       8    1.21    0.00    0.40    0.00    0.00    0.20    0.00    0.00    0.00   98.19
21:51:12       9    1.21    0.00    0.20    0.00    0.00    0.20    0.00    0.00    0.00   98.39
21:51:12      10    0.82    0.00    0.82    0.00    0.00    0.20    0.00    0.00    0.00   98.16
21:51:12      11    2.23    0.00    0.41    0.00    0.00    0.00    0.00    0.00    0.00   97.36
21:51:12      12    1.42    0.00    0.61    0.40    0.00    0.20    0.00    0.00    0.00   97.37
21:51:12      13    8.25    0.00    0.40    0.00    0.00    0.20    0.00    0.00    0.00   91.15
21:51:12      14    1.01    0.00    0.60    0.00    0.00    0.20    0.00    0.00    0.00   98.19
21:51:12      15    1.01    0.00    0.61    0.00    0.00    0.00    0.00    0.00    0.00   98.38

21:51:12     CPU    %usr   %nice    %sys %iowait    %irq   %soft  %steal  %guest  %gnice   %idle
21:51:17     all    2.37    0.00    0.92    0.01    0.00    0.40    0.00    0.00    0.00   96.29
21:51:17       0    0.80    0.00    0.80    0.00    0.00    2.39    0.00    0.00    0.00   96.02
21:51:17       1    1.01    0.00    0.61    0.00    0.00    0.81    0.00    0.00    0.00   97.57
21:51:17       2    1.41    0.00    0.81    0.00    0.00    0.40    0.00    0.00    0.00   97.38
21:51:17       3    4.82    0.00    1.81    0.00    0.00    0.40    0.00    0.00    0.00   92.97
21:51:17       4    3.00    0.00    1.00    0.00    0.00    0.40    0.00    0.00    0.00   95.60
21:51:17       5    3.19    0.00    1.60    0.00    0.00    0.60    0.00    0.00    0.00   94.61
21:51:17       6    2.61    0.00    1.20    0.00    0.00    0.20    0.00    0.00    0.00   95.98
21:51:17       7    4.00    0.00    1.60    0.20    0.00    0.40    0.00    0.00    0.00   93.80
21:51:17       8    1.40    0.00    0.80    0.00    0.00    0.00    0.00    0.00    0.00   97.80
21:51:17       9    1.21    0.00    0.60    0.00    0.00    0.00    0.00    0.00    0.00   98.19
21:51:17      10    1.43    0.00    0.20    0.00    0.00    0.00    0.00    0.00    0.00   98.37
21:51:17      11    1.81    0.00    1.00    0.00    0.00    0.20    0.00    0.00    0.00   96.99
21:51:17      12    1.61    0.00    0.60    0.00    0.00    0.20    0.00    0.00    0.00   97.58
21:51:17      13    7.03    0.00    0.80    0.00    0.00    0.20    0.00    0.00    0.00   91.97
21:51:17      14    1.41    0.00    0.60    0.00    0.00    0.00    0.00    0.00    0.00   97.98
21:51:17      15    1.21    0.00    0.61    0.00    0.00    0.20    0.00    0.00    0.00   97.98

21:51:17     CPU    %usr   %nice    %sys %iowait    %irq   %soft  %steal  %guest  %gnice   %idle
21:51:22     all    2.81    0.00    0.92    0.05    0.00    0.47    0.00    0.00    0.00   95.76
21:51:22       0    1.57    0.00    0.59    0.20    0.00    3.73    0.00    0.00    0.00   93.91
21:51:22       1    1.21    0.00    0.61    0.00    0.00    0.81    0.00    0.00    0.00   97.37
21:51:22       2    1.61    0.00    0.60    0.00    0.00    0.20    0.00    0.00    0.00   97.58
21:51:22       3    8.05    0.00    1.41    0.00    0.00    0.40    0.00    0.00    0.00   90.14
21:51:22       4    3.02    0.00    1.21    0.00    0.00    0.20    0.00    0.00    0.00   95.56
21:51:22       5    6.87    0.00    1.41    0.20    0.00    0.00    0.00    0.00    0.00   91.52
21:51:22       6    2.99    0.00    1.20    0.00    0.00    0.60    0.00    0.00    0.00   95.22
21:51:22       7    3.44    0.00    1.21    0.00    0.00    0.20    0.00    0.00    0.00   95.14
21:51:22       8    1.21    0.00    0.60    0.00    0.00    0.20    0.00    0.00    0.00   97.99
21:51:22       9    1.00    0.00    0.60    0.00    0.00    0.20    0.00    0.00    0.00   98.19
21:51:22      10    1.23    0.00    0.41    0.00    0.00    0.00    0.00    0.00    0.00   98.36
21:51:22      11    2.22    0.00    1.21    0.00    0.00    0.20    0.00    0.00    0.00   96.36
21:51:22      12    1.61    0.00    0.81    0.40    0.00    0.00    0.00    0.00    0.00   97.18
21:51:22      13    2.23    0.00    1.01    0.00    0.00    0.00    0.00    0.00    0.00   96.76
21:51:22      14    1.21    0.00    0.40    0.00    0.00    0.20    0.00    0.00    0.00   98.18
21:51:22      15    5.45    0.00    1.41    0.00    0.00    0.40    0.00    0.00    0.00   92.73

21:51:22     CPU    %usr   %nice    %sys %iowait    %irq   %soft  %steal  %guest  %gnice   %idle
21:51:27     all    2.41    0.00    0.80    0.08    0.00    0.45    0.00    0.00    0.00   96.25
21:51:27       0    1.58    0.00    0.79    0.00    0.00    2.76    0.00    0.00    0.00   94.87
21:51:27       1    1.21    0.00    0.81    0.00    0.00    0.61    0.00    0.00    0.00   97.37
21:51:27       2    1.40    0.00    0.80    0.00    0.00    0.40    0.00    0.00    0.00   97.39
21:51:27       3    6.24    0.00    1.61    0.00    0.00    0.40    0.00    0.00    0.00   91.75
21:51:27       4    3.01    0.00    0.80    0.00    0.00    0.40    0.00    0.00    0.00   95.78
21:51:27       5    7.83    0.00    1.20    0.20    0.00    0.40    0.00    0.00    0.00   90.36
21:51:27       6    3.02    0.00    1.01    0.00    0.00    0.20    0.00    0.00    0.00   95.77
21:51:27       7    3.01    0.00    0.80    0.00    0.00    0.40    0.00    0.00    0.00   95.78
21:51:27       8    1.01    0.00    0.40    0.00    0.00    0.20    0.00    0.00    0.00   98.39
21:51:27       9    0.61    0.00    0.20    0.20    0.00    0.00    0.00    0.00    0.00   98.99
21:51:27      10    1.02    0.00    0.20    0.00    0.00    0.20    0.00    0.00    0.00   98.57
21:51:27      11    1.41    0.00    0.60    0.40    0.00    0.20    0.00    0.00    0.00   97.39
21:51:27      12    1.21    0.00    0.60    0.00    0.00    0.20    0.00    0.00    0.00   97.99
21:51:27      13    1.21    0.00    0.81    0.40    0.00    0.20    0.00    0.00    0.00   97.38
21:51:27      14    2.02    0.00    0.81    0.00    0.00    0.20    0.00    0.00    0.00   96.97
21:51:27      15    2.82    0.00    1.41    0.00    0.00    0.40    0.00    0.00    0.00   95.37

21:51:27     CPU    %usr   %nice    %sys %iowait    %irq   %soft  %steal  %guest  %gnice   %idle
21:51:32     all    2.40    0.00    0.88    0.01    0.00    0.49    0.00    0.00    0.00   96.22
21:51:32       0    1.56    0.00    0.59    0.20    0.00    4.10    0.00    0.00    0.00   93.55
21:51:32       1    1.01    0.00    0.40    0.00    0.00    1.01    0.00    0.00    0.00   97.58
21:51:32       2    1.80    0.00    1.00    0.00    0.00    0.20    0.00    0.00    0.00   97.00
21:51:32       3    6.21    0.00    1.80    0.00    0.00    0.40    0.00    0.00    0.00   91.58
21:51:32       4    3.62    0.00    1.21    0.00    0.00    0.20    0.00    0.00    0.00   94.97
21:51:32       5    6.24    0.00    1.41    0.00    0.00    0.40    0.00    0.00    0.00   91.95
21:51:32       6    2.41    0.00    0.80    0.00    0.00    0.40    0.00    0.00    0.00   96.39
21:51:32       7    3.43    0.00    1.01    0.00    0.00    0.20    0.00    0.00    0.00   95.36
21:51:32       8    1.41    0.00    0.60    0.00    0.00    0.20    0.00    0.00    0.00   97.79
21:51:32       9    0.81    0.00    0.20    0.00    0.00    0.00    0.00    0.00    0.00   98.99
21:51:32      10    1.02    0.00    0.61    0.00    0.00    0.00    0.00    0.00    0.00   98.37
21:51:32      11    1.41    0.00    0.61    0.00    0.00    0.00    0.00    0.00    0.00   97.98
21:51:32      12    1.01    0.00    0.40    0.00    0.00    0.00    0.00    0.00    0.00   98.59
21:51:32      13    1.61    0.00    0.80    0.00    0.00    0.20    0.00    0.00    0.00   97.39
21:51:32      14    2.82    0.00    1.01    0.00    0.00    0.20    0.00    0.00    0.00   95.98
21:51:32      15    2.01    0.00    1.61    0.00    0.00    0.20    0.00    0.00    0.00   96.18

21:51:32     CPU    %usr   %nice    %sys %iowait    %irq   %soft  %steal  %guest  %gnice   %idle
21:51:37     all    2.90    0.00    1.11    0.03    0.00    0.48    0.00    0.00    0.00   95.49
21:51:37       0    0.98    0.00    0.78    0.00    0.00    3.91    0.00    0.00    0.00   94.32
21:51:37       1    1.62    0.00    0.81    0.00    0.00    0.81    0.00    0.00    0.00   96.77
21:51:37       2    2.01    0.00    1.01    0.00    0.00    0.40    0.00    0.00    0.00   96.58
21:51:37       3    7.26    0.00    1.81    0.00    0.00    0.20    0.00    0.00    0.00   90.73
21:51:37       4    3.02    0.00    1.41    0.00    0.00    0.20    0.00    0.00    0.00   95.36
21:51:37       5    5.19    0.00    1.80    0.00    0.00    0.40    0.00    0.00    0.00   92.61
21:51:37       6    2.62    0.00    0.81    0.00    0.00    0.20    0.00    0.00    0.00   96.37
21:51:37       7    5.43    0.00    1.21    0.00    0.00    0.20    0.00    0.00    0.00   93.16
21:51:37       8    2.01    0.00    0.80    0.20    0.00    0.00    0.00    0.00    0.00   96.98
21:51:37       9    1.41    0.00    0.80    0.00    0.00    0.20    0.00    0.00    0.00   97.59
21:51:37      10    1.22    0.00    0.82    0.00    0.00    0.20    0.00    0.00    0.00   97.76
21:51:37      11    2.02    0.00    1.42    0.00    0.00    0.00    0.00    0.00    0.00   96.56
21:51:37      12    1.80    0.00    0.60    0.20    0.00    0.20    0.00    0.00    0.00   97.19
21:51:37      13    2.63    0.00    1.21    0.00    0.00    0.00    0.00    0.00    0.00   96.16
21:51:37      14    2.83    0.00    1.01    0.00    0.00    0.20    0.00    0.00    0.00   95.96
21:51:37      15    4.42    0.00    1.41    0.00    0.00    0.40    0.00    0.00    0.00   93.78

21:51:37     CPU    %usr   %nice    %sys %iowait    %irq   %soft  %steal  %guest  %gnice   %idle
21:51:42     all    2.69    0.00    0.87    0.04    0.00    0.42    0.00    0.00    0.00   95.99
21:51:42       0    1.18    0.00    0.39    0.00    0.00    2.96    0.00    0.00    0.00   95.46
21:51:42       1    2.02    0.00    0.81    0.00    0.00    0.81    0.00    0.00    0.00   96.37
21:51:42       2    1.42    0.00    0.81    0.00    0.00    0.20    0.00    0.00    0.00   97.57
21:51:42       3    5.01    0.00    1.60    0.00    0.00    0.40    0.00    0.00    0.00   92.99
21:51:42       4    4.02    0.00    1.21    0.00    0.00    0.20    0.00    0.00    0.00   94.57
21:51:42       5    5.42    0.00    1.20    0.00    0.00    0.40    0.00    0.00    0.00   92.97
21:51:42       6    2.62    0.00    1.21    0.00    0.00    0.20    0.00    0.00    0.00   95.98
21:51:42       7    3.82    0.00    1.20    0.00    0.00    0.40    0.00    0.00    0.00   94.58
21:51:42       8    1.81    0.00    0.60    0.00    0.00    0.20    0.00    0.00    0.00   97.38
21:51:42       9    1.21    0.00    0.60    0.00    0.00    0.00    0.00    0.00    0.00   98.19
21:51:42      10    1.23    0.00    0.20    0.00    0.00    0.00    0.00    0.00    0.00   98.57
21:51:42      11    1.01    0.00    0.61    0.00    0.00    0.20    0.00    0.00    0.00   98.18
21:51:42      12    1.21    0.00    0.60    0.00    0.00    0.20    0.00    0.00    0.00   97.98
21:51:42      13    7.03    0.00    1.00    0.60    0.00    0.40    0.00    0.00    0.00   90.96
21:51:42      14    2.23    0.00    0.81    0.00    0.00    0.00    0.00    0.00    0.00   96.96
21:51:42      15    1.81    0.00    1.01    0.00    0.00    0.00    0.00    0.00    0.00   97.18

21:51:42     CPU    %usr   %nice    %sys %iowait    %irq   %soft  %steal  %guest  %gnice   %idle
21:51:47     all    2.94    0.00    1.16    0.04    0.00    0.53    0.00    0.00    0.00   95.34
21:51:47       0    0.97    0.00    0.58    0.00    0.00    4.68    0.00    0.00    0.00   93.76
21:51:47       1    1.61    0.00    0.80    0.00    0.00    1.01    0.00    0.00    0.00   96.58
21:51:47       2    2.43    0.00    1.01    0.00    0.00    0.20    0.00    0.00    0.00   96.36
21:51:47       3    6.21    0.00    1.80    0.00    0.00    0.40    0.00    0.00    0.00   91.58
21:51:47       4    3.82    0.00    1.01    0.20    0.00    0.40    0.00    0.00    0.00   94.57
21:51:47       5    4.23    0.00    2.62    0.00    0.00    0.20    0.00    0.00    0.00   92.96
21:51:47       6    4.01    0.00    1.60    0.00    0.00    0.20    0.00    0.00    0.00   94.19
21:51:47       7    3.85    0.00    1.82    0.00    0.00    0.00    0.00    0.00    0.00   94.33
21:51:47       8    2.02    0.00    0.81    0.00    0.00    0.20    0.00    0.00    0.00   96.98
21:51:47       9    1.81    0.00    0.60    0.00    0.00    0.00    0.00    0.00    0.00   97.58
21:51:47      10    1.02    0.00    1.02    0.00    0.00    0.20    0.00    0.00    0.00   97.76
21:51:47      11    4.22    0.00    1.41    0.40    0.00    0.20    0.00    0.00    0.00   93.78
21:51:47      12    1.81    0.00    0.60    0.00    0.00    0.20    0.00    0.00    0.00   97.38
21:51:47      13    4.61    0.00    1.00    0.00    0.00    0.00    0.00    0.00    0.00   94.39
21:51:47      14    1.80    0.00    1.00    0.00    0.00    0.20    0.00    0.00    0.00   96.99
21:51:47      15    2.63    0.00    0.81    0.00    0.00    0.20    0.00    0.00    0.00   96.36

21:51:47     CPU    %usr   %nice    %sys %iowait    %irq   %soft  %steal  %guest  %gnice   %idle
21:51:52     all    2.37    0.00    0.87    0.03    0.00    0.52    0.00    0.00    0.00   96.22
21:51:52       0    0.98    0.00    0.39    0.00    0.00    4.69    0.00    0.00    0.00   93.95
21:51:52       1    2.01    0.00    0.80    0.00    0.00    1.01    0.00    0.00    0.00   96.18
21:51:52       2    1.81    0.00    0.81    0.00    0.00    0.00    0.00    0.00    0.00   97.38
21:51:52       3    3.82    0.00    2.01    0.00    0.00    0.40    0.00    0.00    0.00   93.78
21:51:52       4    4.41    0.00    1.00    0.00    0.00    0.20    0.00    0.00    0.00   94.39
21:51:52       5    6.44    0.00    1.41    0.00    0.00    0.20    0.00    0.00    0.00   91.95
21:51:52       6    2.41    0.00    1.01    0.00    0.00    0.20    0.00    0.00    0.00   96.38
21:51:52       7    3.21    0.00    1.40    0.00    0.00    0.40    0.00    0.00    0.00   94.99
21:51:52       8    1.20    0.00    0.40    0.00    0.00    0.00    0.00    0.00    0.00   98.39
21:51:52       9    1.40    0.00    0.80    0.00    0.00    0.20    0.00    0.00    0.00   97.60
21:51:52      10    1.22    0.00    0.61    0.00    0.00    0.00    0.00    0.00    0.00   98.17
21:51:52      11    1.81    0.00    0.60    0.00    0.00    0.20    0.00    0.00    0.00   97.39
21:51:52      12    1.22    0.00    0.20    0.41    0.00    0.00    0.00    0.00    0.00   98.17
21:51:52      13    2.41    0.00    1.01    0.00    0.00    0.20    0.00    0.00    0.00   96.38
21:51:52      14    1.41    0.00    0.61    0.00    0.00    0.20    0.00    0.00    0.00   97.78
21:51:52      15    2.22    0.00    0.81    0.00    0.00    0.20    0.00    0.00    0.00   96.77

21:51:52     CPU    %usr   %nice    %sys %iowait    %irq   %soft  %steal  %guest  %gnice   %idle
21:51:57     all    2.49    0.00    0.88    0.16    0.00    0.44    0.00    0.00    0.00   96.03
21:51:57       0    1.19    0.00    0.40    0.00    0.00    2.96    0.00    0.00    0.00   95.45
21:51:57       1    1.01    0.00    0.40    0.60    0.00    1.01    0.00    0.00    0.00   96.98
21:51:57       2    1.62    0.00    0.61    0.00    0.00    0.20    0.00    0.00    0.00   97.58
21:51:57       3    6.22    0.00    1.61    0.00    0.00    0.20    0.00    0.00    0.00   91.97
21:51:57       4    4.02    0.00    1.20    0.00    0.00    0.20    0.00    0.00    0.00   94.58
21:51:57       5    6.22    0.00    1.81    0.00    0.00    0.40    0.00    0.00    0.00   91.57
21:51:57       6    3.02    0.00    1.41    0.00    0.00    0.20    0.00    0.00    0.00   95.37
21:51:57       7    4.65    0.00    1.01    0.61    0.00    0.20    0.00    0.00    0.00   93.54
21:51:57       8    2.41    0.00    1.00    0.00    0.00    0.20    0.00    0.00    0.00   96.39
21:51:57       9    1.60    0.00    0.60    0.60    0.00    0.20    0.00    0.00    0.00   96.99
21:51:57      10    1.22    0.00    0.81    0.00    0.00    0.20    0.00    0.00    0.00   97.76
21:51:57      11    2.01    0.00    0.60    0.00    0.00    0.20    0.00    0.00    0.00   97.18
21:51:57      12    1.41    0.00    0.60    0.00    0.00    0.20    0.00    0.00    0.00   97.79
21:51:57      13    1.20    0.00    0.80    0.20    0.00    0.20    0.00    0.00    0.00   97.60
21:51:57      14    1.01    0.00    0.60    0.60    0.00    0.00    0.00    0.00    0.00   97.79
21:51:57      15    1.01    0.00    0.60    0.00    0.00    0.40    0.00    0.00    0.00   97.99

21:51:57     CPU    %usr   %nice    %sys %iowait    %irq   %soft  %steal  %guest  %gnice   %idle
21:52:02     all    4.05    0.00    1.66    0.04    0.00    0.52    0.00    0.00    0.00   93.73
21:52:02       0    1.96    0.00    1.38    0.00    0.00    4.13    0.00    0.00    0.00   92.53
21:52:02       1    2.82    0.00    1.21    0.00    0.00    1.01    0.00    0.00    0.00   94.96
21:52:02       2    2.43    0.00    1.21    0.00    0.00    0.20    0.00    0.00    0.00   96.15
21:52:02       3    7.63    0.00    2.61    0.20    0.00    0.40    0.00    0.00    0.00   89.16
21:52:02       4    4.41    0.00    1.80    0.00    0.00    0.60    0.00    0.00    0.00   93.19
21:52:02       5    9.40    0.00    3.20    0.00    0.00    0.40    0.00    0.00    0.00   87.00
21:52:02       6    3.61    0.00    1.81    0.20    0.00    0.20    0.00    0.00    0.00   94.18
21:52:02       7    6.21    0.00    1.80    0.00    0.00    0.20    0.00    0.00    0.00   91.78
21:52:02       8    2.82    0.00    1.01    0.00    0.00    0.20    0.00    0.00    0.00   95.98
21:52:02       9    2.41    0.00    1.61    0.00    0.00    0.20    0.00    0.00    0.00   95.77
21:52:02      10    2.27    0.00    1.45    0.00    0.00    0.00    0.00    0.00    0.00   96.28
21:52:02      11    6.61    0.00    2.40    0.00    0.00    0.20    0.00    0.00    0.00   90.78
21:52:02      12    3.64    0.00    1.21    0.20    0.00    0.00    0.00    0.00    0.00   94.95
21:52:02      13    3.25    0.00    1.22    0.00    0.00    0.00    0.00    0.00    0.00   95.54
21:52:02      14    2.03    0.00    0.81    0.00    0.00    0.20    0.00    0.00    0.00   96.96
21:52:02      15    3.23    0.00    1.81    0.00    0.00    0.20    0.00    0.00    0.00   94.76

21:52:02     CPU    %usr   %nice    %sys %iowait    %irq   %soft  %steal  %guest  %gnice   %idle
21:52:07     all    2.43    0.00    0.87    0.05    0.00    0.49    0.00    0.00    0.00   96.16
21:52:07       0    0.98    0.00    0.39    0.00    0.00    3.73    0.00    0.00    0.00   94.89
21:52:07       1    1.21    0.00    0.60    0.00    0.00    0.81    0.00    0.00    0.00   97.38
21:52:07       2    1.81    0.00    0.40    0.00    0.00    0.20    0.00    0.00    0.00   97.59
21:52:07       3    4.26    0.00    1.22    0.00    0.00    0.20    0.00    0.00    0.00   94.32
21:52:07       4    3.82    0.00    1.00    0.00    0.00    0.20    0.00    0.00    0.00   94.98
21:52:07       5    4.02    0.00    1.41    0.00    0.00    0.40    0.00    0.00    0.00   94.18
21:52:07       6    2.21    0.00    0.80    0.00    0.00    0.40    0.00    0.00    0.00   96.59
21:52:07       7    2.22    0.00    1.21    0.00    0.00    0.20    0.00    0.00    0.00   96.37
21:52:07       8    1.00    0.00    0.60    0.00    0.00    0.20    0.00    0.00    0.00   98.19
21:52:07       9    0.81    0.00    0.20    0.00    0.00    0.00    0.00    0.00    0.00   98.99
21:52:07      10    0.82    0.00    0.41    0.00    0.00    0.00    0.00    0.00    0.00   98.77
21:52:07      11    5.44    0.00    1.61    0.20    0.00    0.40    0.00    0.00    0.00   92.34
21:52:07      12    3.02    0.00    0.60    0.40    0.00    0.20    0.00    0.00    0.00   95.77
21:52:07      13    2.82    0.00    1.61    0.00    0.00    0.40    0.00    0.00    0.00   95.16
21:52:07      14    2.20    0.00    1.00    0.20    0.00    0.20    0.00    0.00    0.00   96.39
21:52:07      15    2.21    0.00    0.80    0.00    0.00    0.20    0.00    0.00    0.00   96.78

21:52:07     CPU    %usr   %nice    %sys %iowait    %irq   %soft  %steal  %guest  %gnice   %idle
21:52:12     all    2.42    0.00    0.94    0.00    0.00    0.36    0.00    0.00    0.00   96.27
21:52:12       0    0.79    0.00    0.60    0.00    0.00    2.38    0.00    0.00    0.00   96.23
21:52:12       1    1.22    0.00    0.61    0.00    0.00    0.61    0.00    0.00    0.00   97.57
21:52:12       2    1.21    0.00    0.60    0.00    0.00    0.20    0.00    0.00    0.00   97.98
21:52:12       3    4.23    0.00    1.81    0.00    0.00    0.60    0.00    0.00    0.00   93.36
21:52:12       4    2.62    0.00    1.21    0.00    0.00    0.40    0.00    0.00    0.00   95.77
21:52:12       5    4.63    0.00    1.41    0.00    0.00    0.20    0.00    0.00    0.00   93.76
21:52:12       6    2.61    0.00    1.20    0.00    0.00    0.00    0.00    0.00    0.00   96.19
21:52:12       7    5.41    0.00    1.60    0.00    0.00    0.40    0.00    0.00    0.00   92.59
21:52:12       8    1.21    0.00    0.60    0.00    0.00    0.00    0.00    0.00    0.00   98.19
21:52:12       9    1.00    0.00    0.40    0.00    0.00    0.00    0.00    0.00    0.00   98.59
21:52:12      10    0.82    0.00    0.41    0.00    0.00    0.20    0.00    0.00    0.00   98.57
21:52:12      11    5.06    0.00    1.01    0.00    0.00    0.20    0.00    0.00    0.00   93.72
21:52:12      12    1.41    0.00    0.80    0.00    0.00    0.20    0.00    0.00    0.00   97.59
21:52:12      13    3.43    0.00    1.01    0.00    0.00    0.00    0.00    0.00    0.00   95.56
21:52:12      14    1.21    0.00    0.81    0.00    0.00    0.20    0.00    0.00    0.00   97.78
21:52:12      15    1.81    0.00    1.00    0.00    0.00    0.20    0.00    0.00    0.00   96.99

21:52:12     CPU    %usr   %nice    %sys %iowait    %irq   %soft  %steal  %guest  %gnice   %idle
21:52:17     all    3.30    0.00    1.11    0.01    0.00    0.50    0.00    0.00    0.00   95.07
21:52:17       0    1.19    0.00    0.99    0.00    0.00    2.97    0.00    0.00    0.00   94.85
21:52:17       1    1.42    0.00    0.81    0.00    0.00    1.01    0.00    0.00    0.00   96.76
21:52:17       2    2.42    0.00    0.81    0.00    0.00    0.20    0.00    0.00    0.00   96.57
21:52:17       3    5.26    0.00    1.82    0.00    0.00    0.20    0.00    0.00    0.00   92.71
21:52:17       4    3.02    0.00    1.41    0.00    0.00    0.40    0.00    0.00    0.00   95.16
21:52:17       5    4.42    0.00    1.81    0.20    0.00    0.40    0.00    0.00    0.00   93.17
21:52:17       6    2.22    0.00    0.81    0.00    0.00    0.40    0.00    0.00    0.00   96.57
21:52:17       7    7.72    0.00    2.03    0.00    0.00    0.41    0.00    0.00    0.00   89.84
21:52:17       8    3.02    0.00    1.01    0.00    0.00    0.20    0.00    0.00    0.00   95.77
21:52:17       9    1.61    0.00    1.00    0.00    0.00    0.20    0.00    0.00    0.00   97.19
21:52:17      10    1.03    0.00    0.62    0.00    0.00    0.21    0.00    0.00    0.00   98.14
21:52:17      11    7.23    0.00    1.20    0.00    0.00    0.40    0.00    0.00    0.00   91.16
21:52:17      12    2.62    0.00    0.80    0.00    0.00    0.20    0.00    0.00    0.00   96.38
21:52:17      13    5.04    0.00    1.01    0.00    0.00    0.20    0.00    0.00    0.00   93.75
21:52:17      14    2.41    0.00    0.60    0.00    0.00    0.40    0.00    0.00    0.00   96.58
21:52:17      15    2.21    0.00    1.01    0.00    0.00    0.20    0.00    0.00    0.00   96.58

21:52:17     CPU    %usr   %nice    %sys %iowait    %irq   %soft  %steal  %guest  %gnice   %idle
21:52:22     all    3.58    0.00    1.12    0.01    0.00    0.64    0.00    0.00    0.00   94.65
21:52:22       0    2.34    0.00    0.78    0.00    0.00    4.68    0.00    0.00    0.00   92.20
21:52:22       1    2.02    0.00    1.01    0.00    0.00    1.21    0.00    0.00    0.00   95.76
21:52:22       2    2.02    0.00    1.01    0.00    0.00    0.40    0.00    0.00    0.00   96.57
21:52:22       3    6.83    0.00    2.01    0.00    0.00    0.40    0.00    0.00    0.00   90.76
21:52:22       4    4.60    0.00    1.60    0.00    0.00    0.40    0.00    0.00    0.00   93.40
21:52:22       5    7.26    0.00    1.81    0.00    0.00    0.60    0.00    0.00    0.00   90.32
21:52:22       6    2.63    0.00    1.01    0.00    0.00    0.40    0.00    0.00    0.00   95.96
21:52:22       7    6.19    0.00    1.60    0.00    0.00    0.40    0.00    0.00    0.00   91.82
21:52:22       8    2.41    0.00    0.60    0.00    0.00    0.40    0.00    0.00    0.00   96.59
21:52:22       9    1.62    0.00    0.61    0.00    0.00    0.20    0.00    0.00    0.00   97.58
21:52:22      10    2.45    0.00    1.22    0.00    0.00    0.00    0.00    0.00    0.00   96.33
21:52:22      11    4.83    0.00    1.41    0.00    0.00    0.20    0.00    0.00    0.00   93.56
21:52:22      12    2.22    0.00    0.81    0.20    0.00    0.20    0.00    0.00    0.00   96.57
21:52:22      13    5.47    0.00    0.61    0.00    0.00    0.20    0.00    0.00    0.00   93.72
21:52:22      14    2.21    0.00    0.80    0.00    0.00    0.20    0.00    0.00    0.00   96.79
21:52:22      15    2.22    0.00    1.01    0.00    0.00    0.20    0.00    0.00    0.00   96.57

21:52:22     CPU    %usr   %nice    %sys %iowait    %irq   %soft  %steal  %guest  %gnice   %idle
21:52:27     all    3.66    0.00    1.12    0.11    0.00    0.57    0.00    0.00    0.00   94.54
21:52:27       0    1.97    0.00    0.79    0.00    0.00    3.94    0.00    0.00    0.00   93.31
21:52:27       1    2.42    0.00    0.81    0.00    0.00    1.01    0.00    0.00    0.00   95.76
21:52:27       2    2.61    0.00    1.00    0.00    0.00    0.60    0.00    0.00    0.00   95.79
21:52:27       3    7.46    0.00    2.02    0.00    0.00    0.40    0.00    0.00    0.00   90.12
21:52:27       4    4.02    0.00    1.41    0.60    0.00    0.40    0.00    0.00    0.00   93.56
21:52:27       5    8.65    0.00    1.21    0.00    0.00    0.20    0.00    0.00    0.00   89.94
21:52:27       6    3.81    0.00    1.20    0.00    0.00    0.20    0.00    0.00    0.00   94.79
21:52:27       7    6.04    0.00    1.21    0.80    0.00    0.00    0.00    0.00    0.00   91.95
21:52:27       8    2.22    0.00    0.81    0.00    0.00    0.20    0.00    0.00    0.00   96.77
21:52:27       9    1.82    0.00    1.01    0.00    0.00    0.20    0.00    0.00    0.00   96.97
21:52:27      10    2.26    0.00    1.03    0.00    0.00    0.41    0.00    0.00    0.00   96.30
21:52:27      11    3.42    0.00    1.81    0.20    0.00    0.40    0.00    0.00    0.00   94.16
21:52:27      12    2.21    0.00    1.20    0.00    0.00    0.20    0.00    0.00    0.00   96.39
21:52:27      13    5.84    0.00    0.80    0.00    0.00    0.20    0.00    0.00    0.00   93.16
21:52:27      14    1.81    0.00    0.81    0.20    0.00    0.20    0.00    0.00    0.00   96.98
21:52:27      15    2.02    0.00    0.81    0.00    0.00    0.40    0.00    0.00    0.00   96.77

21:52:27     CPU    %usr   %nice    %sys %iowait    %irq   %soft  %steal  %guest  %gnice   %idle
21:52:32     all    3.55    0.00    1.17    0.01    0.00    0.52    0.00    0.00    0.00   94.75
21:52:32       0    1.39    0.00    0.60    0.00    0.00    3.37    0.00    0.00    0.00   94.64
21:52:32       1    1.61    0.00    1.01    0.00    0.00    1.41    0.00    0.00    0.00   95.98
21:52:32       2    2.02    0.00    1.01    0.00    0.00    0.20    0.00    0.00    0.00   96.77
21:52:32       3    8.05    0.00    2.01    0.00    0.00    0.40    0.00    0.00    0.00   89.54
21:52:32       4    4.38    0.00    1.79    0.20    0.00    0.40    0.00    0.00    0.00   93.23
21:52:32       5    6.25    0.00    1.61    0.00    0.00    0.40    0.00    0.00    0.00   91.73
21:52:32       6    3.23    0.00    1.01    0.00    0.00    0.20    0.00    0.00    0.00   95.56
21:52:32       7    5.43    0.00    1.41    0.00    0.00    0.40    0.00    0.00    0.00   92.76
21:52:32       8    1.41    0.00    0.80    0.00    0.00    0.20    0.00    0.00    0.00   97.59
21:52:32       9    1.81    0.00    0.60    0.00    0.00    0.00    0.00    0.00    0.00   97.59
21:52:32      10    2.05    0.00    1.23    0.00    0.00    0.00    0.00    0.00    0.00   96.72
21:52:32      11    2.02    0.00    1.21    0.00    0.00    0.20    0.00    0.00    0.00   96.57
21:52:32      12    6.69    0.00    1.42    0.00    0.00    0.20    0.00    0.00    0.00   91.68
21:52:32      13    5.06    0.00    1.21    0.00    0.00    0.40    0.00    0.00    0.00   93.32
21:52:32      14    2.62    0.00    0.81    0.00    0.00    0.00    0.00    0.00    0.00   96.57
21:52:32      15    2.81    0.00    1.00    0.00    0.00    0.40    0.00    0.00    0.00   95.79

21:52:32     CPU    %usr   %nice    %sys %iowait    %irq   %soft  %steal  %guest  %gnice   %idle
21:52:37     all    3.52    0.00    1.16    0.03    0.00    0.55    0.00    0.00    0.00   94.74
21:52:37       0    1.38    0.00    0.59    0.00    0.00    4.13    0.00    0.00    0.00   93.91
21:52:37       1    1.83    0.00    1.01    0.00    0.00    0.81    0.00    0.00    0.00   96.35
21:52:37       2    2.42    0.00    0.81    0.00    0.00    0.40    0.00    0.00    0.00   96.36
21:52:37       3    6.25    0.00    1.81    0.00    0.00    0.40    0.00    0.00    0.00   91.53
21:52:37       4    4.06    0.00    1.22    0.00    0.00    0.00    0.00    0.00    0.00   94.73
21:52:37       5    7.49    0.00    1.82    0.20    0.00    0.20    0.00    0.00    0.00   90.28
21:52:37       6    4.22    0.00    1.00    0.00    0.00    0.20    0.00    0.00    0.00   94.58
21:52:37       7    5.42    0.00    2.01    0.00    0.00    0.40    0.00    0.00    0.00   92.17
21:52:37       8    2.02    0.00    0.61    0.00    0.00    0.20    0.00    0.00    0.00   97.17
21:52:37       9    2.01    0.00    0.60    0.00    0.00    0.20    0.00    0.00    0.00   97.19
21:52:37      10    1.85    0.00    0.62    0.00    0.00    0.41    0.00    0.00    0.00   97.12
21:52:37      11    2.64    0.00    1.22    0.00    0.00    0.20    0.00    0.00    0.00   95.93
21:52:37      12    6.61    0.00    1.80    0.00    0.00    0.40    0.00    0.00    0.00   91.18
21:52:37      13    3.82    0.00    1.41    0.00    0.00    0.40    0.00    0.00    0.00   94.37
21:52:37      14    2.21    0.00    1.00    0.20    0.00    0.40    0.00    0.00    0.00   96.18
21:52:37      15    2.02    0.00    1.01    0.00    0.00    0.00    0.00    0.00    0.00   96.96

21:52:37     CPU    %usr   %nice    %sys %iowait    %irq   %soft  %steal  %guest  %gnice   %idle
21:52:42     all    3.64    0.00    1.15    0.03    0.00    0.59    0.00    0.00    0.00   94.60
21:52:42       0    1.96    0.00    0.98    0.00    0.00    3.93    0.00    0.00    0.00   93.12
21:52:42       1    2.41    0.00    1.20    0.00    0.00    1.41    0.00    0.00    0.00   94.98
21:52:42       2    2.02    0.00    1.01    0.00    0.00    0.40    0.00    0.00    0.00   96.56
21:52:42       3    9.46    0.00    1.41    0.20    0.00    0.20    0.00    0.00    0.00   88.73
21:52:42       4    5.22    0.00    1.61    0.00    0.00    0.40    0.00    0.00    0.00   92.77
21:52:42       5    9.53    0.00    1.62    0.00    0.00    0.41    0.00    0.00    0.00   88.44
21:52:42       6    4.23    0.00    1.21    0.00    0.00    0.20    0.00    0.00    0.00   94.35
21:52:42       7    4.61    0.00    1.60    0.00    0.00    0.20    0.00    0.00    0.00   93.59
21:52:42       8    2.21    0.00    0.80    0.00    0.00    0.20    0.00    0.00    0.00   96.78
21:52:42       9    1.41    0.00    0.60    0.20    0.00    0.20    0.00    0.00    0.00   97.59
21:52:42      10    1.66    0.00    0.62    0.00    0.00    0.00    0.00    0.00    0.00   97.72
21:52:42      11    2.81    0.00    1.20    0.00    0.00    0.60    0.00    0.00    0.00   95.39
21:52:42      12    3.03    0.00    1.01    0.00    0.00    0.20    0.00    0.00    0.00   95.76
21:52:42      13    2.62    0.00    1.41    0.00    0.00    0.20    0.00    0.00    0.00   95.77
21:52:42      14    2.62    0.00    1.21    0.00    0.00    0.40    0.00    0.00    0.00   95.77
21:52:42      15    2.42    0.00    0.81    0.00    0.00    0.40    0.00    0.00    0.00   96.36

21:52:42     CPU    %usr   %nice    %sys %iowait    %irq   %soft  %steal  %guest  %gnice   %idle
21:52:47     all    3.52    0.00    1.22    0.00    0.00    0.58    0.00    0.00    0.00   94.68
21:52:47       0    2.17    0.00    0.59    0.00    0.00    3.94    0.00    0.00    0.00   93.29
21:52:47       1    1.43    0.00    0.82    0.00    0.00    0.82    0.00    0.00    0.00   96.94
21:52:47       2    2.21    0.00    1.00    0.00    0.00    0.60    0.00    0.00    0.00   96.18
21:52:47       3    7.65    0.00    2.01    0.00    0.00    0.60    0.00    0.00    0.00   89.74
21:52:47       4    4.23    0.00    2.22    0.00    0.00    0.60    0.00    0.00    0.00   92.94
21:52:47       5    9.07    0.00    2.22    0.00    0.00    0.40    0.00    0.00    0.00   88.31
21:52:47       6    4.62    0.00    1.20    0.00    0.00    0.20    0.00    0.00    0.00   93.98
21:52:47       7    6.64    0.00    1.21    0.00    0.00    0.40    0.00    0.00    0.00   91.75
21:52:47       8    2.02    0.00    0.81    0.00    0.00    0.00    0.00    0.00    0.00   97.18
21:52:47       9    1.81    0.00    0.60    0.00    0.00    0.20    0.00    0.00    0.00   97.38
21:52:47      10    1.43    0.00    0.82    0.00    0.00    0.41    0.00    0.00    0.00   97.34
21:52:47      11    2.20    0.00    1.80    0.00    0.00    0.40    0.00    0.00    0.00   95.60
21:52:47      12    2.82    0.00    1.21    0.00    0.00    0.20    0.00    0.00    0.00   95.77
21:52:47      13    3.63    0.00    1.21    0.00    0.00    0.20    0.00    0.00    0.00   94.96
21:52:47      14    1.62    0.00    0.61    0.00    0.00    0.00    0.00    0.00    0.00   97.77
21:52:47      15    2.82    0.00    1.21    0.00    0.00    0.20    0.00    0.00    0.00   95.77

21:52:47     CPU    %usr   %nice    %sys %iowait    %irq   %soft  %steal  %guest  %gnice   %idle
21:52:52     all    3.49    0.00    1.16    0.01    0.00    0.55    0.00    0.00    0.00   94.78
21:52:52       0    1.38    0.00    0.98    0.00    0.00    3.94    0.00    0.00    0.00   93.70
21:52:52       1    2.22    0.00    1.01    0.00    0.00    1.21    0.00    0.00    0.00   95.56
21:52:52       2    3.02    0.00    1.01    0.00    0.00    0.20    0.00    0.00    0.00   95.77
21:52:52       3    6.88    0.00    1.82    0.00    0.00    0.20    0.00    0.00    0.00   91.09
21:52:52       4    6.40    0.00    1.40    0.00    0.00    0.40    0.00    0.00    0.00   91.80
21:52:52       5    7.26    0.00    2.22    0.20    0.00    0.40    0.00    0.00    0.00   89.92
21:52:52       6    4.82    0.00    1.41    0.00    0.00    0.20    0.00    0.00    0.00   93.57
21:52:52       7    6.65    0.00    1.41    0.00    0.00    0.40    0.00    0.00    0.00   91.53
21:52:52       8    2.22    0.00    0.60    0.00    0.00    0.20    0.00    0.00    0.00   96.98
21:52:52       9    1.42    0.00    0.61    0.00    0.00    0.20    0.00    0.00    0.00   97.77
21:52:52      10    2.05    0.00    1.23    0.00    0.00    0.21    0.00    0.00    0.00   96.51
21:52:52      11    2.20    0.00    1.40    0.00    0.00    0.20    0.00    0.00    0.00   96.19
21:52:52      12    2.02    0.00    0.81    0.00    0.00    0.20    0.00    0.00    0.00   96.98
21:52:52      13    3.04    0.00    1.01    0.00    0.00    0.40    0.00    0.00    0.00   95.55
21:52:52      14    1.83    0.00    0.41    0.00    0.00    0.20    0.00    0.00    0.00   97.57
21:52:52      15    2.42    0.00    1.21    0.00    0.00    0.20    0.00    0.00    0.00   96.16

21:52:52     CPU    %usr   %nice    %sys %iowait    %irq   %soft  %steal  %guest  %gnice   %idle
21:52:57     all    3.61    0.00    1.12    0.03    0.00    0.63    0.00    0.00    0.00   94.62
21:52:57       0    1.57    0.00    0.59    0.00    0.00    4.52    0.00    0.00    0.00   93.32
21:52:57       1    2.42    0.00    1.41    0.00    0.00    1.01    0.00    0.00    0.00   95.16
21:52:57       2    2.63    0.00    0.81    0.00    0.00    0.40    0.00    0.00    0.00   96.16
21:52:57       3    8.05    0.00    1.61    0.00    0.00    0.60    0.00    0.00    0.00   89.74
21:52:57       4    5.02    0.00    1.41    0.00    0.00    0.20    0.00    0.00    0.00   93.37
21:52:57       5    8.45    0.00    1.61    0.00    0.00    0.40    0.00    0.00    0.00   89.54
21:52:57       6    3.63    0.00    1.01    0.00    0.00    0.40    0.00    0.00    0.00   94.96
21:52:57       7    5.65    0.00    1.41    0.00    0.00    0.40    0.00    0.00    0.00   92.54
21:52:57       8    2.21    0.00    0.80    0.00    0.00    0.20    0.00    0.00    0.00   96.79
21:52:57       9    1.41    0.00    0.60    0.00    0.00    0.20    0.00    0.00    0.00   97.79
21:52:57      10    2.27    0.00    0.62    0.00    0.00    0.21    0.00    0.00    0.00   96.91
21:52:57      11    2.61    0.00    1.20    0.20    0.00    0.40    0.00    0.00    0.00   95.58
21:52:57      12    2.61    0.00    0.80    0.00    0.00    0.20    0.00    0.00    0.00   96.39
21:52:57      13    4.41    0.00    1.80    0.00    0.00    0.40    0.00    0.00    0.00   93.39
21:52:57      14    1.82    0.00    0.81    0.20    0.00    0.20    0.00    0.00    0.00   96.96
21:52:57      15    3.02    0.00    1.41    0.00    0.00    0.20    0.00    0.00    0.00   95.36

21:52:57     CPU    %usr   %nice    %sys %iowait    %irq   %soft  %steal  %guest  %gnice   %idle
21:53:02     all    4.66    0.00    2.21    0.03    0.00    0.58    0.00    0.00    0.00   92.53
21:53:02       0    2.75    0.00    2.16    0.00    0.00    3.93    0.00    0.00    0.00   91.16
21:53:02       1    3.24    0.00    1.82    0.00    0.00    1.21    0.00    0.00    0.00   93.72
21:53:02       2    3.63    0.00    2.02    0.00    0.00    0.20    0.00    0.00    0.00   94.15
21:53:02       3    7.43    0.00    3.61    0.00    0.00    0.40    0.00    0.00    0.00   88.55
21:53:02       4    4.48    0.00    1.43    0.00    0.00    0.41    0.00    0.00    0.00   93.69
21:53:02       5    8.45    0.00    3.42    0.00    0.00    0.40    0.00    0.00    0.00   87.73
21:53:02       6    4.42    0.00    2.41    0.00    0.00    0.40    0.00    0.00    0.00   92.77
21:53:02       7    5.63    0.00    2.41    0.00    0.00    0.40    0.00    0.00    0.00   91.55
21:53:02       8    3.03    0.00    1.82    0.00    0.00    0.00    0.00    0.00    0.00   95.15
21:53:02       9    2.63    0.00    1.62    0.00    0.00    0.20    0.00    0.00    0.00   95.56
21:53:02      10    2.47    0.00    1.65    0.00    0.00    0.21    0.00    0.00    0.00   95.67
21:53:02      11    6.05    0.00    3.63    0.00    0.00    0.40    0.00    0.00    0.00   89.92
21:53:02      12    4.05    0.00    1.62    0.00    0.00    0.20    0.00    0.00    0.00   94.13
21:53:02      13    9.51    0.00    1.82    0.00    0.00    0.20    0.00    0.00    0.00   88.46
21:53:02      14    3.02    0.00    2.02    0.20    0.00    0.20    0.00    0.00    0.00   94.56
21:53:02      15    3.80    0.00    1.80    0.20    0.00    0.40    0.00    0.00    0.00   93.80

21:53:02     CPU    %usr   %nice    %sys %iowait    %irq   %soft  %steal  %guest  %gnice   %idle
21:53:07     all    2.46    0.00    0.85    0.04    0.00    0.52    0.00    0.00    0.00   96.13
21:53:07       0    1.18    0.00    0.39    0.00    0.00    3.73    0.00    0.00    0.00   94.70
21:53:07       1    1.21    0.00    0.80    0.00    0.00    1.01    0.00    0.00    0.00   96.98
21:53:07       2    1.41    0.00    0.80    0.00    0.00    0.40    0.00    0.00    0.00   97.39
21:53:07       3    4.41    0.00    1.20    0.20    0.00    0.40    0.00    0.00    0.00   93.79
21:53:07       4    1.81    0.00    1.01    0.00    0.00    0.40    0.00    0.00    0.00   96.78
21:53:07       5    3.82    0.00    1.01    0.00    0.00    0.20    0.00    0.00    0.00   94.97
21:53:07       6    1.41    0.00    0.61    0.20    0.00    0.20    0.00    0.00    0.00   97.58
21:53:07       7    3.02    0.00    1.21    0.00    0.00    0.20    0.00    0.00    0.00   95.57
21:53:07       8    0.80    0.00    0.40    0.00    0.00    0.20    0.00    0.00    0.00   98.59
21:53:07       9    0.80    0.00    0.20    0.00    0.00    0.00    0.00    0.00    0.00   98.99
21:53:07      10    1.02    0.00    0.81    0.00    0.00    0.20    0.00    0.00    0.00   97.96
21:53:07      11    7.80    0.00    2.00    0.00    0.00    0.40    0.00    0.00    0.00   89.80
21:53:07      12    3.23    0.00    0.81    0.00    0.00    0.20    0.00    0.00    0.00   95.77
21:53:07      13    3.83    0.00    1.41    0.20    0.00    0.20    0.00    0.00    0.00   94.35
21:53:07      14    2.21    0.00    0.40    0.00    0.00    0.20    0.00    0.00    0.00   97.18
21:53:07      15    1.41    0.00    0.60    0.00    0.00    0.20    0.00    0.00    0.00   97.78

21:53:07     CPU    %usr   %nice    %sys %iowait    %irq   %soft  %steal  %guest  %gnice   %idle
21:53:12     all    3.23    0.00    1.11    0.08    0.00    0.63    0.00    0.00    0.00   94.96
21:53:12       0    1.75    0.00    0.58    0.00    0.00    5.05    0.00    0.00    0.00   92.62
21:53:12       1    1.42    0.00    1.01    0.00    0.00    1.01    0.00    0.00    0.00   96.56
21:53:12       2    2.20    0.00    1.00    0.20    0.00    0.60    0.00    0.00    0.00   96.00
21:53:12       3    7.01    0.00    1.60    0.20    0.00    0.40    0.00    0.00    0.00   90.78
21:53:12       4    3.04    0.00    1.21    0.00    0.00    0.20    0.00    0.00    0.00   95.55
21:53:12       5    6.85    0.00    1.41    0.00    0.00    0.60    0.00    0.00    0.00   91.13
21:53:12       6    3.02    0.00    1.21    0.00    0.00    0.20    0.00    0.00    0.00   95.57
21:53:12       7    3.42    0.00    1.61    0.20    0.00    0.20    0.00    0.00    0.00   94.57
21:53:12       8    1.61    0.00    0.81    0.00    0.00    0.00    0.00    0.00    0.00   97.58
21:53:12       9    1.61    0.00    0.60    0.00    0.00    0.20    0.00    0.00    0.00   97.59
21:53:12      10    1.44    0.00    0.82    0.00    0.00    0.21    0.00    0.00    0.00   97.53
21:53:12      11    5.60    0.00    2.00    0.20    0.00    0.40    0.00    0.00    0.00   91.80
21:53:12      12    2.81    0.00    1.20    0.20    0.00    0.20    0.00    0.00    0.00   95.58
21:53:12      13    4.83    0.00    1.21    0.00    0.00    0.20    0.00    0.00    0.00   93.76
21:53:12      14    1.81    0.00    0.60    0.20    0.00    0.40    0.00    0.00    0.00   96.98
21:53:12      15    3.25    0.00    0.81    0.00    0.00    0.00    0.00    0.00    0.00   95.93

21:53:12     CPU    %usr   %nice    %sys %iowait    %irq   %soft  %steal  %guest  %gnice   %idle
21:53:17     all    3.52    0.00    1.08    0.04    0.00    0.55    0.00    0.00    0.00   94.81
21:53:17       0    1.37    0.00    0.78    0.00    0.00    4.31    0.00    0.00    0.00   93.54
21:53:17       1    2.41    0.00    0.80    0.00    0.00    1.20    0.00    0.00    0.00   95.58
21:53:17       2    2.21    0.00    1.20    0.00    0.00    0.40    0.00    0.00    0.00   96.18
21:53:17       3    5.44    0.00    1.41    0.20    0.00    0.40    0.00    0.00    0.00   92.54
21:53:17       4    3.83    0.00    1.21    0.20    0.00    0.20    0.00    0.00    0.00   94.56
21:53:17       5    8.22    0.00    1.80    0.00    0.00    0.20    0.00    0.00    0.00   89.78
21:53:17       6    3.03    0.00    1.21    0.00    0.00    0.20    0.00    0.00    0.00   95.56
21:53:17       7    4.87    0.00    1.22    0.00    0.00    0.20    0.00    0.00    0.00   93.71
21:53:17       8    1.81    0.00    0.80    0.00    0.00    0.20    0.00    0.00    0.00   97.19
21:53:17       9    1.42    0.00    0.41    0.00    0.00    0.00    0.00    0.00    0.00   98.17
21:53:17      10    1.45    0.00    0.62    0.00    0.00    0.21    0.00    0.00    0.00   97.73
21:53:17      11    4.00    0.00    1.60    0.00    0.00    0.40    0.00    0.00    0.00   94.00
21:53:17      12    2.42    0.00    1.01    0.00    0.00    0.20    0.00    0.00    0.00   96.36
21:53:17      13    9.40    0.00    1.40    0.00    0.00    0.20    0.00    0.00    0.00   89.00
21:53:17      14    2.21    0.00    1.00    0.20    0.00    0.20    0.00    0.00    0.00   96.39
21:53:17      15    2.21    0.00    0.80    0.00    0.00    0.20    0.00    0.00    0.00   96.78

21:53:17     CPU    %usr   %nice    %sys %iowait    %irq   %soft  %steal  %guest  %gnice   %idle
21:53:22     all    3.62    0.00    1.21    0.00    0.00    0.67    0.00    0.00    0.00   94.51
21:53:22       0    1.55    0.00    1.17    0.00    0.00    5.05    0.00    0.00    0.00   92.23
21:53:22       1    1.62    0.00    1.01    0.00    0.00    1.22    0.00    0.00    0.00   96.15
21:53:22       2    1.81    0.00    1.00    0.00    0.00    0.60    0.00    0.00    0.00   96.59
21:53:22       3    4.44    0.00    1.41    0.00    0.00    0.40    0.00    0.00    0.00   93.75
21:53:22       4    4.01    0.00    1.80    0.00    0.00    0.40    0.00    0.00    0.00   93.79
21:53:22       5    7.26    0.00    1.81    0.00    0.00    0.20    0.00    0.00    0.00   90.73
21:53:22       6    4.44    0.00    1.81    0.00    0.00    0.20    0.00    0.00    0.00   93.55
21:53:22       7    5.63    0.00    1.41    0.00    0.00    0.20    0.00    0.00    0.00   92.76
21:53:22       8    2.41    0.00    0.80    0.00    0.00    0.20    0.00    0.00    0.00   96.58
21:53:22       9    2.21    0.00    0.60    0.00    0.00    0.20    0.00    0.00    0.00   96.99
21:53:22      10    1.85    0.00    1.03    0.00    0.00    0.21    0.00    0.00    0.00   96.91
21:53:22      11   10.58    0.00    1.40    0.00    0.00    0.20    0.00    0.00    0.00   87.82
21:53:22      12    2.02    0.00    1.01    0.00    0.00    0.20    0.00    0.00    0.00   96.77
21:53:22      13    3.84    0.00    1.21    0.00    0.00    0.40    0.00    0.00    0.00   94.55
21:53:22      14    1.81    0.00    0.80    0.00    0.00    0.20    0.00    0.00    0.00   97.19
21:53:22      15    2.40    0.00    1.00    0.00    0.00    0.60    0.00    0.00    0.00   96.00

21:53:22     CPU    %usr   %nice    %sys %iowait    %irq   %soft  %steal  %guest  %gnice   %idle
21:53:27     all    3.65    0.00    1.12    0.08    0.00    0.63    0.00    0.00    0.00   94.52
21:53:27       0    2.13    0.00    0.97    0.00    0.00    5.03    0.00    0.00    0.00   91.88
21:53:27       1    2.02    0.00    0.81    0.00    0.00    1.01    0.00    0.00    0.00   96.16
21:53:27       2    2.23    0.00    0.81    0.00    0.00    0.41    0.00    0.00    0.00   96.55
21:53:27       3    4.84    0.00    2.42    0.20    0.00    0.40    0.00    0.00    0.00   92.14
21:53:27       4    3.62    0.00    1.21    0.00    0.00    0.20    0.00    0.00    0.00   94.97
21:53:27       5    4.86    0.00    1.62    0.20    0.00    0.40    0.00    0.00    0.00   92.91
21:53:27       6    4.04    0.00    1.41    0.00    0.00    0.20    0.00    0.00    0.00   94.34
21:53:27       7    5.03    0.00    1.81    0.00    0.00    0.40    0.00    0.00    0.00   92.76
21:53:27       8    1.82    0.00    0.61    0.00    0.00    0.00    0.00    0.00    0.00   97.58
21:53:27       9    1.62    0.00    0.61    0.00    0.00    0.20    0.00    0.00    0.00   97.58
21:53:27      10    1.64    0.00    0.82    0.00    0.00    0.41    0.00    0.00    0.00   97.13
21:53:27      11    6.45    0.00    1.61    0.40    0.00    0.20    0.00    0.00    0.00   91.33
21:53:27      12    3.43    0.00    1.01    0.00    0.00    0.20    0.00    0.00    0.00   95.36
21:53:27      13    9.22    0.00    0.80    0.00    0.00    0.40    0.00    0.00    0.00   89.58
21:53:27      14    2.62    0.00    0.60    0.40    0.00    0.20    0.00    0.00    0.00   96.17
21:53:27      15    2.82    0.00    0.81    0.00    0.00    0.20    0.00    0.00    0.00   96.17

21:53:27     CPU    %usr   %nice    %sys %iowait    %irq   %soft  %steal  %guest  %gnice   %idle
21:53:32     all    2.59    0.00    0.99    0.03    0.00    0.48    0.00    0.00    0.00   95.91
21:53:32       0    0.98    0.00    0.39    0.00    0.00    3.54    0.00    0.00    0.00   95.09
21:53:32       1    1.41    0.00    0.81    0.00    0.00    0.81    0.00    0.00    0.00   96.98
21:53:32       2    2.02    0.00    0.81    0.00    0.00    0.20    0.00    0.00    0.00   96.98
21:53:32       3    5.43    0.00    2.21    0.00    0.00    0.40    0.00    0.00    0.00   91.95
21:53:32       4    3.80    0.00    1.20    0.00    0.00    0.40    0.00    0.00    0.00   94.60
21:53:32       5    5.49    0.00    1.22    0.00    0.00    0.20    0.00    0.00    0.00   93.09
21:53:32       6    2.41    0.00    1.00    0.00    0.00    0.40    0.00    0.00    0.00   96.18
21:53:32       7    4.42    0.00    1.61    0.00    0.00    0.20    0.00    0.00    0.00   93.78
21:53:32       8    1.01    0.00    0.40    0.00    0.00    0.20    0.00    0.00    0.00   98.39
21:53:32       9    1.00    0.00    0.60    0.00    0.00    0.00    0.00    0.00    0.00   98.39
21:53:32      10    1.22    0.00    0.61    0.00    0.00    0.20    0.00    0.00    0.00   97.96
21:53:32      11    3.43    0.00    1.21    0.00    0.00    0.20    0.00    0.00    0.00   95.15
21:53:32      12    3.85    0.00    1.62    0.20    0.00    0.20    0.00    0.00    0.00   94.13
21:53:32      13    2.00    0.00    0.80    0.00    0.00    0.40    0.00    0.00    0.00   96.79
21:53:32      14    1.41    0.00    0.60    0.00    0.00    0.00    0.00    0.00    0.00   97.98
21:53:32      15    1.61    0.00    0.81    0.20    0.00    0.20    0.00    0.00    0.00   97.18

21:53:32     CPU    %usr   %nice    %sys %iowait    %irq   %soft  %steal  %guest  %gnice   %idle
21:53:37     all    2.25    0.00    0.91    0.01    0.00    0.36    0.00    0.00    0.00   96.46
21:53:37       0    0.98    0.00    0.79    0.00    0.00    2.76    0.00    0.00    0.00   95.47
21:53:37       1    1.01    0.00    0.61    0.00    0.00    0.61    0.00    0.00    0.00   97.78
21:53:37       2    1.40    0.00    0.80    0.00    0.00    0.20    0.00    0.00    0.00   97.60
21:53:37       3    5.66    0.00    1.21    0.00    0.00    0.20    0.00    0.00    0.00   92.93
21:53:37       4    2.21    0.00    1.00    0.00    0.00    0.20    0.00    0.00    0.00   96.59
21:53:37       5    3.61    0.00    1.20    0.00    0.00    0.20    0.00    0.00    0.00   94.98
21:53:37       6    1.81    0.00    0.80    0.00    0.00    0.20    0.00    0.00    0.00   97.18
21:53:37       7    2.63    0.00    1.21    0.00    0.00    0.40    0.00    0.00    0.00   95.76
21:53:37       8    1.01    0.00    0.60    0.00    0.00    0.00    0.00    0.00    0.00   98.39
21:53:37       9    0.61    0.00    0.20    0.00    0.00    0.20    0.00    0.00    0.00   98.99
21:53:37      10    1.02    0.00    0.61    0.00    0.00    0.00    0.00    0.00    0.00   98.36
21:53:37      11    2.63    0.00    1.01    0.20    0.00    0.00    0.00    0.00    0.00   96.15
21:53:37      12    3.43    0.00    1.41    0.00    0.00    0.20    0.00    0.00    0.00   94.95
21:53:37      13    4.65    0.00    1.01    0.00    0.00    0.20    0.00    0.00    0.00   94.14
21:53:37      14    1.41    0.00    1.00    0.00    0.00    0.20    0.00    0.00    0.00   97.39
21:53:37      15    2.01    0.00    1.00    0.00    0.00    0.20    0.00    0.00    0.00   96.79

21:53:37     CPU    %usr   %nice    %sys %iowait    %irq   %soft  %steal  %guest  %gnice   %idle
21:53:42     all    2.62    0.00    0.89    0.00    0.00    0.41    0.00    0.00    0.00   96.08
21:53:42       0    0.99    0.00    0.59    0.00    0.00    2.57    0.00    0.00    0.00   95.84
21:53:42       1    1.01    0.00    0.81    0.00    0.00    0.61    0.00    0.00    0.00   97.58
21:53:42       2    1.61    0.00    0.60    0.00    0.00    0.20    0.00    0.00    0.00   97.59
21:53:42       3    6.24    0.00    1.01    0.00    0.00    0.40    0.00    0.00    0.00   92.35
21:53:42       4    3.42    0.00    1.01    0.00    0.00    0.20    0.00    0.00    0.00   95.37
21:53:42       5    5.62    0.00    1.20    0.00    0.00    0.40    0.00    0.00    0.00   92.77
21:53:42       6    2.40    0.00    0.80    0.00    0.00    0.20    0.00    0.00    0.00   96.60
21:53:42       7    3.82    0.00    1.20    0.00    0.00    0.40    0.00    0.00    0.00   94.58
21:53:42       8    1.01    0.00    0.20    0.00    0.00    0.00    0.00    0.00    0.00   98.79
21:53:42       9    0.81    0.00    0.40    0.00    0.00    0.00    0.00    0.00    0.00   98.79
21:53:42      10    1.23    0.00    0.61    0.00    0.00    0.00    0.00    0.00    0.00   98.16
21:53:42      11    2.62    0.00    1.21    0.00    0.00    0.20    0.00    0.00    0.00   95.97
21:53:42      12    2.42    0.00    1.01    0.00    0.00    0.20    0.00    0.00    0.00   96.36
21:53:42      13    4.02    0.00    1.41    0.00    0.00    0.40    0.00    0.00    0.00   94.16
21:53:42      14    2.60    0.00    1.20    0.00    0.00    0.40    0.00    0.00    0.00   95.80
21:53:42      15    2.01    0.00    1.00    0.00    0.00    0.40    0.00    0.00    0.00   96.59

21:53:42     CPU    %usr   %nice    %sys %iowait    %irq   %soft  %steal  %guest  %gnice   %idle
21:53:47     all    3.59    0.00    1.13    0.05    0.00    0.58    0.00    0.00    0.00   94.65
21:53:47       0    1.57    0.00    0.59    0.39    0.00    4.33    0.00    0.00    0.00   93.11
21:53:47       1    1.83    0.00    0.61    0.00    0.00    0.61    0.00    0.00    0.00   96.95
21:53:47       2    2.01    0.00    1.21    0.00    0.00    0.40    0.00    0.00    0.00   96.38
21:53:47       3    5.85    0.00    1.81    0.00    0.00    0.40    0.00    0.00    0.00   91.94
21:53:47       4    3.41    0.00    1.20    0.00    0.00    0.40    0.00    0.00    0.00   94.98
21:53:47       5    8.69    0.00    1.41    0.00    0.00    0.20    0.00    0.00    0.00   89.70
21:53:47       6    3.81    0.00    1.40    0.00    0.00    0.40    0.00    0.00    0.00   94.39
21:53:47       7    5.24    0.00    1.21    0.00    0.00    0.20    0.00    0.00    0.00   93.35
21:53:47       8    1.41    0.00    0.60    0.00    0.00    0.40    0.00    0.00    0.00   97.58
21:53:47       9    1.61    0.00    0.60    0.00    0.00    0.00    0.00    0.00    0.00   97.78
21:53:47      10    1.65    0.00    0.62    0.00    0.00    0.21    0.00    0.00    0.00   97.53
21:53:47      11    3.03    0.00    1.41    0.00    0.00    0.20    0.00    0.00    0.00   95.35
21:53:47      12    5.23    0.00    1.21    0.00    0.00    0.20    0.00    0.00    0.00   93.36
21:53:47      13    3.01    0.00    1.20    0.00    0.00    0.40    0.00    0.00    0.00   95.38
21:53:47      14    4.83    0.00    1.61    0.00    0.00    0.40    0.00    0.00    0.00   93.16
21:53:47      15    4.19    0.00    1.40    0.40    0.00    0.40    0.00    0.00    0.00   93.61

21:53:47     CPU    %usr   %nice    %sys %iowait    %irq   %soft  %steal  %guest  %gnice   %idle
21:53:52     all    3.31    0.00    1.22    0.03    0.00    0.50    0.00    0.00    0.00   94.94
21:53:52       0    1.78    0.00    1.19    0.00    0.00    2.77    0.00    0.00    0.00   94.26
21:53:52       1    1.21    0.00    0.81    0.00    0.00    1.21    0.00    0.00    0.00   96.77
21:53:52       2    4.03    0.00    1.41    0.20    0.00    0.60    0.00    0.00    0.00   93.75
21:53:52       3    8.27    0.00    1.61    0.00    0.00    0.40    0.00    0.00    0.00   89.72
21:53:52       4    3.42    0.00    1.41    0.00    0.00    0.40    0.00    0.00    0.00   94.77
21:53:52       5    7.00    0.00    2.00    0.00    0.00    0.40    0.00    0.00    0.00   90.60
21:53:52       6    4.41    0.00    1.60    0.00    0.00    0.20    0.00    0.00    0.00   93.79
21:53:52       7    5.25    0.00    1.41    0.00    0.00    0.20    0.00    0.00    0.00   93.13
21:53:52       8    1.82    0.00    0.61    0.00    0.00    0.00    0.00    0.00    0.00   97.57
21:53:52       9    1.01    0.00    0.81    0.00    0.00    0.20    0.00    0.00    0.00   97.98
21:53:52      10    1.23    0.00    0.61    0.00    0.00    0.20    0.00    0.00    0.00   97.95
21:53:52      11    2.02    0.00    1.42    0.20    0.00    0.00    0.00    0.00    0.00   96.36
21:53:52      12    3.01    0.00    1.20    0.00    0.00    0.40    0.00    0.00    0.00   95.38
21:53:52      13    3.81    0.00    1.20    0.00    0.00    0.60    0.00    0.00    0.00   94.39
21:53:52      14    3.02    0.00    1.21    0.00    0.00    0.20    0.00    0.00    0.00   95.57
21:53:52      15    1.62    0.00    1.01    0.00    0.00    0.20    0.00    0.00    0.00   97.17

Average:     CPU    %usr   %nice    %sys %iowait    %irq   %soft  %steal  %guest  %gnice   %idle
Average:     all    3.32    0.00    1.17    0.04    0.00    0.54    0.00    0.00    0.00   94.93
Average:       0    1.56    0.00    0.79    0.02    0.00    3.84    0.00    0.00    0.00   93.79
Average:       1    1.83    0.00    0.92    0.02    0.00    1.01    0.00    0.00    0.00   96.22
Average:       2    2.21    0.00    1.01    0.02    0.00    0.33    0.00    0.00    0.00   96.43
Average:       3    6.79    0.00    1.90    0.04    0.00    0.40    0.00    0.00    0.00   90.87
Average:       4    4.27    0.00    1.41    0.09    0.00    0.35    0.00    0.00    0.00   93.88
Average:       5    6.65    0.00    1.84    0.07    0.00    0.36    0.00    0.00    0.00   91.08
Average:       6    3.56    0.00    1.29    0.03    0.00    0.28    0.00    0.00    0.00   94.84
Average:       7    5.25    0.00    1.61    0.05    0.00    0.33    0.00    0.00    0.00   92.76
Average:       8    1.89    0.00    0.79    0.01    0.00    0.17    0.00    0.00    0.00   97.13
Average:       9    1.70    0.00    0.72    0.02    0.00    0.14    0.00    0.00    0.00   97.42
Average:      10    1.70    0.00    0.85    0.00    0.00    0.18    0.00    0.00    0.00   97.27
Average:      11    3.75    0.00    1.29    0.05    0.00    0.24    0.00    0.00    0.00   94.67
Average:      12    2.46    0.00    0.96    0.05    0.00    0.20    0.00    0.00    0.00   96.33
Average:      13    4.60    0.00    1.26    0.05    0.00    0.25    0.00    0.00    0.00   93.85
Average:      14    2.34    0.00    0.94    0.06    0.00    0.20    0.00    0.00    0.00   96.45
Average:      15    2.59    0.00    1.07    0.05    0.00    0.25    0.00    0.00    0.00   96.04
