Linux 7.0.0-31-generic (ausitn-garcia-ROG-Zephyrus-G14-GA402XV-GA402XV) 	09/18/26 	_x86_64_	(16 CPU)

# Time        UID       PID    %usr %system  %guest   %wait    %CPU   CPU  Command
21:48:57     1000     19830    9.16    6.18    0.00    0.00   15.34    14  mediamtx
21:48:57     1000     19846    0.40    0.40    0.00    0.00    0.80    12  srcpub
21:48:57     1000     19847    0.20    0.20    0.00    0.00    0.40    13  srcpub
21:48:57     1000     19849    0.20    0.40    0.00    0.00    0.60     0  srcpub
21:48:57     1000     19850    0.20    0.20    0.00    0.00    0.40     2  srcpub
21:48:57     1000     19851    0.20    0.20    0.00    0.00    0.40     5  srcpub
21:48:57     1000     19853    0.40    0.20    0.00    0.00    0.60    13  srcpub
21:48:57     1000     19854    0.20    0.20    0.00    0.00    0.40     6  srcpub
21:48:57     1000     19855    0.00    0.40    0.00    0.00    0.40     3  srcpub
21:48:57     1000     19856    0.20    0.00    0.00    0.00    0.20     8  srcpub
21:48:57     1000     19857    0.40    0.20    0.00    0.00    0.60     3  srcpub
21:48:57     1000     19858    0.00    0.40    0.00    0.00    0.40     4  srcpub
21:48:57     1000     19860    0.00    0.40    0.00    0.00    0.40    12  srcpub
21:48:57     1000     19862    0.20    0.20    0.00    0.00    0.40     3  srcpub
21:48:57     1000     19863    0.20    0.20    0.00    0.00    0.40     7  srcpub
21:48:57     1000     19864    0.20    0.00    0.00    0.00    0.20     3  srcpub
21:48:57     1000     19865    0.20    0.20    0.00    0.00    0.40    13  srcpub
21:48:57     1000     19868    0.20    0.20    0.00    0.00    0.40     4  srcpub
21:48:57     1000     19874    0.20    0.20    0.00    0.00    0.40    11  srcpub
21:48:57     1000     19877    0.00    0.40    0.00    0.00    0.40     6  srcpub
21:48:57     1000     19878    0.20    0.40    0.00    0.00    0.60     6  srcpub
21:48:57     1000     19879    0.20    0.20    0.00    0.00    0.40     3  srcpub
21:48:57     1000     19881    0.20    0.20    0.00    0.00    0.40     9  srcpub
21:48:57     1000     19882    0.00    0.40    0.00    0.00    0.40    10  srcpub
21:48:57     1000     19884    0.20    0.40    0.00    0.00    0.60    13  srcpub
21:48:57     1000     19885    0.20    0.40    0.00    0.00    0.60     7  srcpub
21:48:57     1000     19886    0.40    0.20    0.00    0.00    0.60    10  srcpub
21:48:57     1000     19887    0.20    0.20    0.00    0.00    0.40    15  srcpub
21:48:57     1000     19894    0.20    0.40    0.00    0.00    0.60     9  srcpub
21:48:57     1000     28824    0.00    0.20    0.00    0.00    0.20     9  chrome
21:48:57     1000     29045    8.76    1.20    0.00    0.00    9.96    15  chrome
21:48:57     1000     29047    0.20    0.20    0.00    0.00    0.40     5  chrome
21:48:57     1000     29091   16.93    1.00    0.00    0.00   17.93     6  chrome
21:48:57      997     30965    0.60    0.40    0.00    0.00    1.00     5  ffmpeg
21:48:57      997     30966    0.60    0.40    0.00    0.20    1.00     4  ffmpeg
21:48:57      997     30967    0.40    0.20    0.00    0.00    0.60     8  ffmpeg
21:48:57      997     30968    0.20    0.20    0.00    0.00    0.40    12  ffmpeg
21:48:57      997     30969    0.40    0.00    0.00    0.00    0.40    11  ffmpeg
21:48:57      997     30970    0.20    0.20    0.00    0.00    0.40    15  ffmpeg
21:48:57      997     30971    0.20    0.20    0.00    0.00    0.40     8  ffmpeg
21:48:57      997     30972    0.40    0.00    0.00    0.00    0.40     0  ffmpeg
21:48:57      997     30973    0.20    0.20    0.00    0.00    0.40    14  ffmpeg
21:48:57      997     30974    0.40    0.20    0.00    0.00    0.60    10  ffmpeg
21:48:57      997     30975    0.20    0.20    0.00    0.00    0.40    14  ffmpeg
21:48:57      997     30976    0.20    0.20    0.00    0.00    0.40     9  ffmpeg
21:48:57      997     30977    0.20    0.20    0.00    0.00    0.40     1  ffmpeg
21:48:57      997     30978    0.20    0.20    0.00    0.00    0.40     7  ffmpeg
21:48:57      997     30979    0.40    0.00    0.00    0.00    0.40     6  ffmpeg
21:48:57      997     30980    0.20    0.20    0.00    0.00    0.40     2  ffmpeg
21:48:57      997     34070    0.60    0.40    0.00    0.00    1.00    11  ffmpeg
21:48:57      997     34071    0.20    0.00    0.00    0.00    0.20    13  ffmpeg
21:48:57      997     34072    0.20    0.20    0.00    0.00    0.40    13  ffmpeg
21:48:57      997     34080    0.20    0.20    0.00    0.00    0.40     6  ffmpeg
21:48:57      997     34081    0.20    0.00    0.00    0.00    0.20     5  ffmpeg
21:48:57      997     34082    0.20    0.20    0.00    0.00    0.40     0  ffmpeg
21:48:57      997     34083    0.20    0.20    0.00    0.00    0.40    15  ffmpeg
21:48:57      997     34084    0.20    0.00    0.00    0.00    0.20    15  ffmpeg
21:48:57      997     34085    0.20    0.00    0.00    0.00    0.20     5  ffmpeg

# Time        UID       PID    %usr %system  %guest   %wait    %CPU   CPU  Command
21:49:02     1000     19830    9.60    7.20    0.00    0.00   16.80    14  mediamtx
21:49:02     1000     19846    0.20    0.20    0.00    0.00    0.40    14  srcpub
21:49:02     1000     19847    0.20    0.20    0.00    0.00    0.40    13  srcpub
21:49:02     1000     19849    0.20    0.00    0.00    0.00    0.20     9  srcpub
21:49:02     1000     19850    0.20    0.00    0.00    0.00    0.20    11  srcpub
21:49:02     1000     19851    0.40    0.20    0.00    0.00    0.60     7  srcpub
21:49:02     1000     19853    0.20    0.20    0.00    0.00    0.40    14  srcpub
21:49:02     1000     19854    0.20    0.00    0.00    0.00    0.20    15  srcpub
21:49:02     1000     19855    0.20    0.20    0.00    0.00    0.40     1  srcpub
21:49:02     1000     19856    0.00    0.40    0.00    0.00    0.40    10  srcpub
21:49:02     1000     19857    0.20    0.20    0.00    0.00    0.40     4  srcpub
21:49:02     1000     19858    0.00    0.40    0.00    0.00    0.40    13  srcpub
21:49:02     1000     19860    0.20    0.40    0.00    0.00    0.60    10  srcpub
21:49:02     1000     19862    0.00    0.40    0.00    0.00    0.40     0  srcpub
21:49:02     1000     19863    0.20    0.40    0.00    0.00    0.60     6  srcpub
21:49:02     1000     19864    0.20    0.20    0.00    0.00    0.40     8  srcpub
21:49:02     1000     19865    0.20    0.20    0.00    0.00    0.40    10  srcpub
21:49:02     1000     19868    0.20    0.40    0.00    0.00    0.60    12  srcpub
21:49:02     1000     19877    0.40    0.20    0.00    0.20    0.60     2  srcpub
21:49:02     1000     19878    0.00    0.40    0.00    0.00    0.40    11  srcpub
21:49:02     1000     19879    0.00    0.40    0.00    0.00    0.40     4  srcpub
21:49:02     1000     19881    0.20    0.40    0.00    0.00    0.60     2  srcpub
21:49:02     1000     19882    0.20    0.00    0.00    0.00    0.20    14  srcpub
21:49:02     1000     19884    0.40    0.20    0.00    0.00    0.60     8  srcpub
21:49:02     1000     19885    0.00    0.40    0.00    0.00    0.40     5  srcpub
21:49:02     1000     19886    0.20    0.20    0.00    0.00    0.40    14  srcpub
21:49:02     1000     19887    0.20    0.20    0.00    0.00    0.40     6  srcpub
21:49:02     1000     19894    0.20    0.20    0.00    0.00    0.40    12  srcpub
21:49:02     1000     26251    0.20    0.00    0.00    0.00    0.20    15  chrome
21:49:02     1000     28824    0.20    0.00    0.00    0.00    0.20     7  chrome
21:49:02     1000     29045    9.40    1.40    0.00    0.20   10.80    13  chrome
21:49:02     1000     29047    0.40    0.20    0.00    0.00    0.60     5  chrome
21:49:02     1000     29091   17.60    1.40    0.00    0.20   19.00     3  chrome
21:49:02      997     30965    0.80    0.40    0.00    0.00    1.20     7  ffmpeg
21:49:02      997     30966    0.60    0.20    0.00    0.00    0.80     2  ffmpeg
21:49:02      997     30967    0.40    0.00    0.00    0.00    0.40     1  ffmpeg
21:49:02      997     30968    0.20    0.20    0.00    0.00    0.40    10  ffmpeg
21:49:02      997     30969    0.20    0.20    0.00    0.00    0.40    11  ffmpeg
21:49:02      997     30970    0.40    0.00    0.00    0.20    0.40    10  ffmpeg
21:49:02      997     30971    0.20    0.40    0.00    0.00    0.60    14  ffmpeg
21:49:02      997     30972    0.20    0.20    0.00    0.00    0.40     4  ffmpeg
21:49:02      997     30973    0.40    0.20    0.00    0.00    0.60     0  ffmpeg
21:49:02      997     30974    0.40    0.20    0.00    0.00    0.60     6  ffmpeg
21:49:02      997     30975    0.40    0.20    0.00    0.00    0.60    10  ffmpeg
21:49:02      997     30976    0.40    0.20    0.00    0.20    0.60     6  ffmpeg
21:49:02      997     30977    0.20    0.20    0.00    0.20    0.40     6  ffmpeg
21:49:02      997     30978    0.40    0.00    0.00    0.00    0.40     9  ffmpeg
21:49:02      997     30979    0.20    0.20    0.00    0.20    0.40     6  ffmpeg
21:49:02      997     30980    0.40    0.00    0.00    0.20    0.40    13  ffmpeg
21:49:02      997     34070    0.80    0.20    0.00    0.00    1.00     0  ffmpeg
21:49:02      997     34071    0.20    0.00    0.00    0.00    0.20    13  ffmpeg
21:49:02      997     34072    0.20    0.00    0.00    0.00    0.20    14  ffmpeg
21:49:02      997     34080    0.20    0.00    0.00    0.00    0.20    11  ffmpeg
21:49:02      997     34081    0.20    0.20    0.00    0.00    0.40     9  ffmpeg
21:49:02      997     34082    0.20    0.00    0.00    0.00    0.20     5  ffmpeg
21:49:02      997     34083    0.20    0.00    0.00    0.00    0.20     8  ffmpeg
21:49:02      997     34084    0.20    0.00    0.00    0.00    0.20    13  ffmpeg
21:49:02      997     34085    0.20    0.20    0.00    0.00    0.40    11  ffmpeg

# Time        UID       PID    %usr %system  %guest   %wait    %CPU   CPU  Command
21:49:07     1000     19830    9.20    5.80    0.00    0.00   15.00    14  mediamtx
21:49:07     1000     19846    0.20    0.20    0.00    0.00    0.40     2  srcpub
21:49:07     1000     19847    0.40    0.20    0.00    0.00    0.60    15  srcpub
21:49:07     1000     19849    0.40    0.00    0.00    0.00    0.40     5  srcpub
21:49:07     1000     19850    0.20    0.20    0.00    0.00    0.40    11  srcpub
21:49:07     1000     19851    0.40    0.00    0.00    0.00    0.40     7  srcpub
21:49:07     1000     19853    0.20    0.40    0.00    0.00    0.60     0  srcpub
21:49:07     1000     19854    0.00    0.20    0.00    0.00    0.20    12  srcpub
21:49:07     1000     19855    0.20    0.20    0.00    0.00    0.40    13  srcpub
21:49:07     1000     19856    0.40    0.00    0.00    0.00    0.40    11  srcpub
21:49:07     1000     19857    0.40    0.20    0.00    0.00    0.60    12  srcpub
21:49:07     1000     19858    0.00    0.20    0.00    0.00    0.20    15  srcpub
21:49:07     1000     19860    0.00    0.20    0.00    0.00    0.20    10  srcpub
21:49:07     1000     19862    0.40    0.00    0.00    0.00    0.40     6  srcpub
21:49:07     1000     19863    0.20    0.20    0.00    0.00    0.40     5  srcpub
21:49:07     1000     19864    0.40    0.00    0.00    0.00    0.40     7  srcpub
21:49:07     1000     19865    0.20    0.20    0.00    0.00    0.40     9  srcpub
21:49:07     1000     19868    0.20    0.20    0.00    0.00    0.40    12  srcpub
21:49:07     1000     19874    0.20    0.20    0.00    0.00    0.40     0  srcpub
21:49:07     1000     19877    0.20    0.20    0.00    0.00    0.40     8  srcpub
21:49:07     1000     19878    0.40    0.20    0.00    0.00    0.60    11  srcpub
21:49:07     1000     19879    0.00    0.20    0.00    0.00    0.20     8  srcpub
21:49:07     1000     19881    0.20    0.20    0.00    0.00    0.40     7  srcpub
21:49:07     1000     19882    0.20    0.20    0.00    0.00    0.40    14  srcpub
21:49:07     1000     19884    0.20    0.20    0.00    0.00    0.40     8  srcpub
21:49:07     1000     19885    0.20    0.40    0.00    0.00    0.60     6  srcpub
21:49:07     1000     19886    0.20    0.20    0.00    0.00    0.40     8  srcpub
21:49:07     1000     19887    0.20    0.20    0.00    0.00    0.40     7  srcpub
21:49:07     1000     19894    0.20    0.40    0.00    0.00    0.60    12  srcpub
21:49:07     1000     26207    0.20    0.00    0.00    0.00    0.20     4  chrome
21:49:07     1000     29045    9.00    1.20    0.00    0.00   10.20     4  chrome
21:49:07     1000     29047    0.20    0.00    0.00    0.00    0.20     5  chrome
21:49:07     1000     29091   17.20    1.00    0.00    0.00   18.20     7  chrome
21:49:07      997     30965    0.80    0.40    0.00    0.00    1.20     6  ffmpeg
21:49:07      997     30966    0.80    0.40    0.00    0.00    1.20     3  ffmpeg
21:49:07      997     30967    0.40    0.20    0.00    0.00    0.60    10  ffmpeg
21:49:07      997     30968    0.40    0.20    0.00    0.00    0.60     5  ffmpeg
21:49:07      997     30969    0.40    0.20    0.00    0.00    0.60    11  ffmpeg
21:49:07      997     30970    0.20    0.20    0.00    0.00    0.40    12  ffmpeg
21:49:07      997     30971    0.20    0.20    0.00    0.00    0.40    14  ffmpeg
21:49:07      997     30972    0.40    0.20    0.00    0.00    0.60    10  ffmpeg
21:49:07      997     30973    0.20    0.20    0.00    0.00    0.40     2  ffmpeg
21:49:07      997     30974    0.20    0.00    0.00    0.00    0.20    13  ffmpeg
21:49:07      997     30975    0.00    0.40    0.00    0.00    0.40     1  ffmpeg
21:49:07      997     30976    0.20    0.00    0.00    0.00    0.20     8  ffmpeg
21:49:07      997     30977    0.40    0.00    0.00    0.00    0.40     6  ffmpeg
21:49:07      997     30978    0.20    0.20    0.00    0.00    0.40     9  ffmpeg
21:49:07      997     30979    0.40    0.20    0.00    0.00    0.60     9  ffmpeg
21:49:07      997     30980    0.40    0.00    0.00    0.00    0.40    10  ffmpeg
21:49:07      997     34070    0.80    0.40    0.00    0.00    1.20     0  ffmpeg
21:49:07      997     34071    0.40    0.20    0.00    0.00    0.60    11  ffmpeg
21:49:07      997     34072    0.40    0.00    0.00    0.00    0.40     0  ffmpeg
21:49:07      997     34080    0.20    0.20    0.00    0.00    0.40     9  ffmpeg
21:49:07      997     34081    0.20    0.00    0.00    0.00    0.20    15  ffmpeg
21:49:07      997     34082    0.20    0.20    0.00    0.00    0.40     6  ffmpeg
21:49:07      997     34083    0.20    0.00    0.00    0.00    0.20     3  ffmpeg
21:49:07      997     34084    0.20    0.20    0.00    0.00    0.40    14  ffmpeg
21:49:07      997     34085    0.20    0.00    0.00    0.00    0.20    13  ffmpeg

# Time        UID       PID    %usr %system  %guest   %wait    %CPU   CPU  Command
21:49:12     1000     19830    9.60    6.60    0.00    0.00   16.20    14  mediamtx
21:49:12     1000     19846    0.40    0.20    0.00    0.00    0.60     3  srcpub
21:49:12     1000     19847    0.20    0.20    0.00    0.00    0.40    15  srcpub
21:49:12     1000     19849    0.00    0.60    0.00    0.00    0.60     2  srcpub
21:49:12     1000     19850    0.20    0.20    0.00    0.00    0.40    11  srcpub
21:49:12     1000     19851    0.20    0.20    0.00    0.00    0.40     7  srcpub
21:49:12     1000     19853    0.20    0.20    0.00    0.00    0.40     0  srcpub
21:49:12     1000     19854    0.40    0.00    0.00    0.00    0.40    10  srcpub
21:49:12     1000     19855    0.20    0.20    0.00    0.00    0.40     0  srcpub
21:49:12     1000     19856    0.00    0.20    0.00    0.00    0.20    10  srcpub
21:49:12     1000     19857    0.40    0.00    0.00    0.00    0.40    14  srcpub
21:49:12     1000     19858    0.20    0.20    0.00    0.00    0.40     0  srcpub
21:49:12     1000     19860    0.20    0.20    0.00    0.00    0.40    11  srcpub
21:49:12     1000     19862    0.00    0.20    0.00    0.00    0.20    10  srcpub
21:49:12     1000     19863    0.00    0.40    0.00    0.00    0.40     7  srcpub
21:49:12     1000     19864    0.20    0.00    0.00    0.00    0.20     1  srcpub
21:49:12     1000     19865    0.20    0.20    0.00    0.00    0.40     3  srcpub
21:49:12     1000     19868    0.40    0.20    0.00    0.00    0.60     4  srcpub
21:49:12     1000     19874    0.20    0.20    0.00    0.00    0.40     2  srcpub
21:49:12     1000     19877    0.20    0.20    0.00    0.00    0.40     2  srcpub
21:49:12     1000     19878    0.00    0.40    0.00    0.00    0.40    11  srcpub
21:49:12     1000     19879    0.20    0.20    0.00    0.00    0.40     8  srcpub
21:49:12     1000     19881    0.00    0.40    0.00    0.00    0.40     9  srcpub
21:49:12     1000     19882    0.00    0.40    0.00    0.00    0.40    14  srcpub
21:49:12     1000     19884    0.20    0.40    0.00    0.00    0.60     4  srcpub
21:49:12     1000     19885    0.00    0.20    0.00    0.00    0.20     7  srcpub
21:49:12     1000     19886    0.00    0.40    0.00    0.00    0.40     7  srcpub
21:49:12     1000     19887    0.40    0.20    0.00    0.00    0.60     7  srcpub
21:49:12     1000     19894    0.40    0.40    0.00    0.00    0.80    12  srcpub
21:49:12     1000     26251    0.20    0.00    0.00    0.00    0.20    15  chrome
21:49:12     1000     28824    0.20    0.00    0.00    0.00    0.20    11  chrome
21:49:12     1000     29045    8.80    1.40    0.00    0.00   10.20     3  chrome
21:49:12     1000     29047    0.20    0.20    0.00    0.00    0.40     5  chrome
21:49:12     1000     29091   16.80    1.00    0.00    0.00   17.80    15  chrome
21:49:12      997     30965    0.60    0.40    0.00    0.00    1.00     9  ffmpeg
21:49:12      997     30966    0.60    0.20    0.00    0.00    0.80     5  ffmpeg
21:49:12      997     30967    0.40    0.00    0.00    0.00    0.40     8  ffmpeg
21:49:12      997     30968    0.20    0.20    0.00    0.00    0.40    12  ffmpeg
21:49:12      997     30969    0.20    0.20    0.00    0.00    0.40     1  ffmpeg
21:49:12      997     30970    0.40    0.20    0.00    0.00    0.60     2  ffmpeg
21:49:12      997     30971    0.20    0.20    0.00    0.00    0.40    15  ffmpeg
21:49:12      997     30972    0.20    0.20    0.00    0.00    0.40     4  ffmpeg
21:49:12      997     30973    0.40    0.20    0.00    0.00    0.60    13  ffmpeg
21:49:12      997     30974    0.20    0.20    0.00    0.00    0.40    12  ffmpeg
21:49:12      997     30975    0.20    0.20    0.00    0.00    0.40     1  ffmpeg
21:49:12      997     30976    0.40    0.20    0.00    0.00    0.60     5  ffmpeg
21:49:12      997     30977    0.20    0.40    0.00    0.00    0.60     6  ffmpeg
21:49:12      997     30978    0.40    0.20    0.00    0.00    0.60     8  ffmpeg
21:49:12      997     30979    0.20    0.00    0.00    0.00    0.20    11  ffmpeg
21:49:12      997     30980    0.40    0.20    0.00    0.00    0.60    14  ffmpeg
21:49:12      997     34070    0.60    0.20    0.00    0.00    0.80    13  ffmpeg
21:49:12      997     34071    0.20    0.00    0.00    0.00    0.20    14  ffmpeg
21:49:12      997     34072    0.20    0.20    0.00    0.00    0.40     2  ffmpeg
21:49:12      997     34080    0.20    0.20    0.00    0.00    0.40    12  ffmpeg
21:49:12      997     34081    0.20    0.20    0.00    0.00    0.40     9  ffmpeg
21:49:12      997     34082    0.20    0.00    0.00    0.00    0.20     9  ffmpeg
21:49:12      997     34083    0.20    0.20    0.00    0.00    0.40     5  ffmpeg
21:49:12      997     34084    0.20    0.00    0.00    0.00    0.20     2  ffmpeg
21:49:12      997     34085    0.20    0.00    0.00    0.00    0.20    13  ffmpeg

# Time        UID       PID    %usr %system  %guest   %wait    %CPU   CPU  Command
21:49:17     1000     19830    9.80    6.20    0.00    0.00   16.00    14  mediamtx
21:49:17     1000     19846    0.40    0.20    0.00    0.00    0.60    14  srcpub
21:49:17     1000     19847    0.20    0.40    0.00    0.00    0.60     1  srcpub
21:49:17     1000     19849    0.00    0.40    0.00    0.00    0.40     7  srcpub
21:49:17     1000     19850    0.40    0.20    0.00    0.00    0.60    11  srcpub
21:49:17     1000     19851    0.20    0.20    0.00    0.00    0.40     7  srcpub
21:49:17     1000     19853    0.20    0.40    0.00    0.00    0.60     0  srcpub
21:49:17     1000     19854    0.00    0.20    0.00    0.00    0.20    10  srcpub
21:49:17     1000     19855    0.20    0.20    0.00    0.00    0.40    15  srcpub
21:49:17     1000     19856    0.00    0.40    0.00    0.00    0.40    10  srcpub
21:49:17     1000     19857    0.20    0.20    0.00    0.00    0.40    13  srcpub
21:49:17     1000     19858    0.20    0.20    0.00    0.00    0.40     0  srcpub
21:49:17     1000     19860    0.00    0.40    0.00    0.00    0.40     5  srcpub
21:49:17     1000     19862    0.20    0.20    0.00    0.00    0.40     9  srcpub
21:49:17     1000     19863    0.20    0.20    0.00    0.00    0.40     9  srcpub
21:49:17     1000     19864    0.20    0.20    0.00    0.00    0.40     1  srcpub
21:49:17     1000     19865    0.20    0.20    0.00    0.00    0.40     0  srcpub
21:49:17     1000     19868    0.20    0.20    0.00    0.00    0.40     4  srcpub
21:49:17     1000     19874    0.20    0.20    0.00    0.00    0.40    15  srcpub
21:49:17     1000     19877    0.00    0.40    0.00    0.00    0.40    12  srcpub
21:49:17     1000     19878    0.20    0.20    0.00    0.00    0.40     2  srcpub
21:49:17     1000     19879    0.20    0.20    0.00    0.00    0.40     4  srcpub
21:49:17     1000     19881    0.40    0.20    0.00    0.00    0.60     9  srcpub
21:49:17     1000     19882    0.20    0.00    0.00    0.00    0.20     2  srcpub
21:49:17     1000     19884    0.20    0.40    0.00    0.00    0.60     7  srcpub
21:49:17     1000     19885    0.20    0.40    0.00    0.00    0.60    11  srcpub
21:49:17     1000     19886    0.40    0.20    0.00    0.00    0.60     5  srcpub
21:49:17     1000     19887    0.00    0.20    0.00    0.00    0.20     8  srcpub
21:49:17     1000     19894    0.00    0.40    0.00    0.00    0.40    12  srcpub
21:49:17     1000     28824    0.20    0.20    0.00    0.00    0.40    11  chrome
21:49:17     1000     29045    9.20    1.00    0.00    0.00   10.20    14  chrome
21:49:17     1000     29047    0.20    0.00    0.00    0.00    0.20     3  chrome
21:49:17     1000     29091   16.80    1.00    0.00    0.00   17.80     6  chrome
21:49:17      997     30965    0.80    0.40    0.00    0.00    1.20     2  ffmpeg
21:49:17      997     30966    0.60    0.40    0.00    0.00    1.00     7  ffmpeg
21:49:17      997     30967    0.20    0.20    0.00    0.00    0.40     8  ffmpeg
21:49:17      997     30968    0.20    0.20    0.00    0.00    0.40    13  ffmpeg
21:49:17      997     30969    0.20    0.20    0.00    0.00    0.40    11  ffmpeg
21:49:17      997     30970    0.20    0.20    0.00    0.00    0.40    15  ffmpeg
21:49:17      997     30971    0.20    0.20    0.00    0.00    0.40    15  ffmpeg
21:49:17      997     30972    0.20    0.20    0.00    0.00    0.40    13  ffmpeg
21:49:17      997     30973    0.20    0.00    0.00    0.00    0.20    13  ffmpeg
21:49:17      997     30974    0.40    0.20    0.00    0.00    0.60    15  ffmpeg
21:49:17      997     30975    0.20    0.20    0.00    0.00    0.40     1  ffmpeg
21:49:17      997     30976    0.20    0.20    0.00    0.00    0.40     5  ffmpeg
21:49:17      997     30977    0.40    0.00    0.00    0.00    0.40     7  ffmpeg
21:49:17      997     30978    0.20    0.00    0.00    0.00    0.20     9  ffmpeg
21:49:17      997     30979    0.40    0.20    0.00    0.00    0.60     2  ffmpeg
21:49:17      997     30980    0.40    0.00    0.00    0.00    0.40     6  ffmpeg
21:49:17      997     34070    0.60    0.40    0.00    0.00    1.00    13  ffmpeg
21:49:17      997     34071    0.20    0.00    0.00    0.00    0.20    15  ffmpeg
21:49:17      997     34072    0.20    0.00    0.00    0.00    0.20     2  ffmpeg
21:49:17      997     34080    0.20    0.00    0.00    0.00    0.20    12  ffmpeg
21:49:17      997     34081    0.20    0.00    0.00    0.00    0.20    13  ffmpeg
21:49:17      997     34082    0.20    0.20    0.00    0.00    0.40     1  ffmpeg
21:49:17      997     34083    0.20    0.00    0.00    0.00    0.20     4  ffmpeg
21:49:17      997     34084    0.20    0.20    0.00    0.00    0.40    13  ffmpeg
21:49:17      997     34085    0.20    0.20    0.00    0.00    0.40     0  ffmpeg

# Time        UID       PID    %usr %system  %guest   %wait    %CPU   CPU  Command
21:49:22     1000     19830    9.20    6.20    0.00    0.00   15.40    14  mediamtx
21:49:22     1000     19846    0.00    0.40    0.00    0.00    0.40    14  srcpub
21:49:22     1000     19847    0.00    0.20    0.00    0.00    0.20     9  srcpub
21:49:22     1000     19849    0.20    0.20    0.00    0.00    0.40     9  srcpub
21:49:22     1000     19850    0.20    0.00    0.00    0.00    0.20     2  srcpub
21:49:22     1000     19851    0.20    0.20    0.00    0.00    0.40     7  srcpub
21:49:22     1000     19853    0.20    0.20    0.00    0.00    0.40     6  srcpub
21:49:22     1000     19854    0.00    0.20    0.00    0.00    0.20     1  srcpub
21:49:22     1000     19855    0.20    0.40    0.00    0.00    0.60     0  srcpub
21:49:22     1000     19856    0.20    0.20    0.00    0.00    0.40     2  srcpub
21:49:22     1000     19857    0.40    0.20    0.00    0.00    0.60    13  srcpub
21:49:22     1000     19858    0.20    0.00    0.00    0.00    0.20     0  srcpub
21:49:22     1000     19860    0.00    0.40    0.00    0.00    0.40    13  srcpub
21:49:22     1000     19862    0.20    0.20    0.00    0.00    0.40     0  srcpub
21:49:22     1000     19863    0.20    0.40    0.00    0.00    0.60    13  srcpub
21:49:22     1000     19864    0.40    0.00    0.00    0.20    0.40     4  srcpub
21:49:22     1000     19865    0.00    0.20    0.00    0.00    0.20     5  srcpub
21:49:22     1000     19868    0.20    0.20    0.00    0.00    0.40     5  srcpub
21:49:22     1000     19874    0.20    0.00    0.00    0.20    0.20     1  srcpub
21:49:22     1000     19877    0.20    0.40    0.00    0.00    0.60     2  srcpub
21:49:22     1000     19878    0.20    0.20    0.00    0.00    0.40     2  srcpub
21:49:22     1000     19879    0.20    0.20    0.00    0.00    0.40     4  srcpub
21:49:22     1000     19881    0.00    0.40    0.00    0.00    0.40     7  srcpub
21:49:22     1000     19882    0.40    0.00    0.00    0.00    0.40    10  srcpub
21:49:22     1000     19884    0.20    0.00    0.00    0.00    0.20     6  srcpub
21:49:22     1000     19885    0.20    0.40    0.00    0.00    0.60    11  srcpub
21:49:22     1000     19886    0.20    0.20    0.00    0.00    0.40    15  srcpub
21:49:22     1000     19887    0.20    0.20    0.00    0.00    0.40     7  srcpub
21:49:22     1000     19894    0.20    0.20    0.00    0.00    0.40    12  srcpub
21:49:22     1000     26251    0.00    0.20    0.00    0.00    0.20    12  chrome
21:49:22     1000     28824    0.20    0.00    0.00    0.00    0.20    11  chrome
21:49:22     1000     29045    9.00    1.40    0.00    0.00   10.40     3  chrome
21:49:22     1000     29047    0.20    0.40    0.00    0.00    0.60     3  chrome
21:49:22     1000     29091   17.00    1.20    0.00    0.00   18.20    12  chrome
21:49:22      997     30965    0.80    0.40    0.00    0.00    1.20     7  ffmpeg
21:49:22      997     30966    0.80    0.20    0.00    0.00    1.00    12  ffmpeg
21:49:22      997     30967    0.20    0.20    0.00    0.00    0.40     8  ffmpeg
21:49:22      997     30968    0.40    0.20    0.00    0.00    0.60     0  ffmpeg
21:49:22      997     30969    0.40    0.00    0.00    0.00    0.40     1  ffmpeg
21:49:22      997     30970    0.40    0.00    0.00    0.00    0.40     0  ffmpeg
21:49:22      997     30971    0.20    0.20    0.00    0.00    0.40    15  ffmpeg
21:49:22      997     30972    0.40    0.00    0.00    0.00    0.40    14  ffmpeg
21:49:22      997     30973    0.40    0.20    0.00    0.00    0.60    14  ffmpeg
21:49:22      997     30974    0.20    0.20    0.00    0.00    0.40    14  ffmpeg
21:49:22      997     30975    0.20    0.20    0.00    0.00    0.40    11  ffmpeg
21:49:22      997     30976    0.40    0.20    0.00    0.00    0.60     8  ffmpeg
21:49:22      997     30977    0.20    0.20    0.00    0.00    0.40    15  ffmpeg
21:49:22      997     30978    0.40    0.20    0.00    0.00    0.60     8  ffmpeg
21:49:22      997     30979    0.20    0.20    0.00    0.00    0.40    10  ffmpeg
21:49:22      997     30980    0.20    0.40    0.00    0.00    0.60    15  ffmpeg
21:49:22      997     34070    0.80    0.20    0.00    0.00    1.00    15  ffmpeg
21:49:22      997     34071    0.20    0.20    0.00    0.00    0.40     0  ffmpeg
21:49:22      997     34072    0.20    0.20    0.00    0.00    0.40     9  ffmpeg
21:49:22      997     34080    0.00    0.20    0.00    0.00    0.20     0  ffmpeg
21:49:22      997     34081    0.20    0.20    0.00    0.00    0.40    12  ffmpeg
21:49:22      997     34082    0.20    0.00    0.00    0.00    0.20    10  ffmpeg
21:49:22      997     34083    0.40    0.00    0.00    0.00    0.40     1  ffmpeg
21:49:22      997     34084    0.20    0.00    0.00    0.00    0.20    12  ffmpeg
21:49:22      997     34085    0.20    0.00    0.00    0.00    0.20     3  ffmpeg

# Time        UID       PID    %usr %system  %guest   %wait    %CPU   CPU  Command
21:49:27     1000     19830   10.20    6.20    0.00    0.00   16.40    14  mediamtx
21:49:27     1000     19846    0.40    0.40    0.00    0.00    0.80     1  srcpub
21:49:27     1000     19847    0.40    0.20    0.00    0.00    0.60    10  srcpub
21:49:27     1000     19849    0.40    0.20    0.00    0.00    0.60     9  srcpub
21:49:27     1000     19850    0.20    0.20    0.00    0.00    0.40     2  srcpub
21:49:27     1000     19851    0.20    0.00    0.00    0.00    0.20     1  srcpub
21:49:27     1000     19853    0.20    0.40    0.00    0.00    0.60     0  srcpub
21:49:27     1000     19854    0.20    0.20    0.00    0.00    0.40     2  srcpub
21:49:27     1000     19855    0.20    0.00    0.00    0.00    0.20     0  srcpub
21:49:27     1000     19856    0.00    0.20    0.00    0.00    0.20     1  srcpub
21:49:27     1000     19857    0.20    0.20    0.00    0.00    0.40     7  srcpub
21:49:27     1000     19858    0.20    0.20    0.00    0.00    0.40     2  srcpub
21:49:27     1000     19860    0.20    0.20    0.00    0.00    0.40    13  srcpub
21:49:27     1000     19862    0.00    0.40    0.00    0.00    0.40    14  srcpub
21:49:27     1000     19863    0.40    0.00    0.00    0.00    0.40    10  srcpub
21:49:27     1000     19864    0.20    0.00    0.00    0.00    0.20     6  srcpub
21:49:27     1000     19865    0.20    0.20    0.00    0.00    0.40    10  srcpub
21:49:27     1000     19868    0.40    0.20    0.00    0.00    0.60     7  srcpub
21:49:27     1000     19874    0.20    0.20    0.00    0.00    0.40    15  srcpub
21:49:27     1000     19877    0.20    0.40    0.00    0.00    0.60    12  srcpub
21:49:27     1000     19878    0.20    0.40    0.00    0.00    0.60     2  srcpub
21:49:27     1000     19879    0.20    0.20    0.00    0.00    0.40     3  srcpub
21:49:27     1000     19881    0.20    0.20    0.00    0.00    0.40     7  srcpub
21:49:27     1000     19882    0.00    0.40    0.00    0.00    0.40     1  srcpub
21:49:27     1000     19884    0.20    0.60    0.00    0.00    0.80     6  srcpub
21:49:27     1000     19885    0.00    0.40    0.00    0.00    0.40    11  srcpub
21:49:27     1000     19886    0.20    0.20    0.00    0.00    0.40    15  srcpub
21:49:27     1000     19887    0.00    0.40    0.00    0.00    0.40     3  srcpub
21:49:27     1000     19894    0.20    0.40    0.00    0.00    0.60    12  srcpub
21:49:27     1000     29045    8.80    1.20    0.00    0.00   10.00    13  chrome
21:49:27     1000     29047    0.20    0.20    0.00    0.00    0.40     5  chrome
21:49:27     1000     29091   17.00    1.00    0.00    0.00   18.00     5  chrome
21:49:27      997     30965    0.80    0.40    0.00    0.00    1.20     6  ffmpeg
21:49:27      997     30966    0.60    0.40    0.00    0.00    1.00    15  ffmpeg
21:49:27      997     30967    0.40    0.20    0.00    0.00    0.60    11  ffmpeg
21:49:27      997     30968    0.20    0.20    0.00    0.00    0.40     1  ffmpeg
21:49:27      997     30969    0.40    0.20    0.00    0.00    0.60     1  ffmpeg
21:49:27      997     30970    0.20    0.20    0.00    0.00    0.40     2  ffmpeg
21:49:27      997     30971    0.20    0.20    0.00    0.00    0.40    12  ffmpeg
21:49:27      997     30972    0.20    0.20    0.00    0.00    0.40     1  ffmpeg
21:49:27      997     30973    0.20    0.20    0.00    0.00    0.40    14  ffmpeg
21:49:27      997     30974    0.20    0.20    0.00    0.00    0.40    11  ffmpeg
21:49:27      997     30975    0.40    0.20    0.00    0.00    0.60    11  ffmpeg
21:49:27      997     30976    0.20    0.00    0.00    0.00    0.20     1  ffmpeg
21:49:27      997     30977    0.20    0.40    0.00    0.00    0.60     2  ffmpeg
21:49:27      997     30978    0.20    0.40    0.00    0.00    0.60     8  ffmpeg
21:49:27      997     30979    0.20    0.00    0.00    0.00    0.20    14  ffmpeg
21:49:27      997     30980    0.20    0.00    0.00    0.00    0.20     9  ffmpeg
21:49:27      997     34070    0.60    0.40    0.00    0.00    1.00     5  ffmpeg
21:49:27      997     34071    0.20    0.00    0.00    0.00    0.20    10  ffmpeg
21:49:27      997     34072    0.40    0.00    0.00    0.00    0.40     0  ffmpeg
21:49:27      997     34080    0.20    0.20    0.00    0.00    0.40     4  ffmpeg
21:49:27      997     34081    0.20    0.20    0.00    0.00    0.40    14  ffmpeg
21:49:27      997     34082    0.20    0.20    0.00    0.00    0.40    10  ffmpeg
21:49:27      997     34083    0.20    0.20    0.00    0.00    0.40     3  ffmpeg
21:49:27      997     34084    0.40    0.00    0.00    0.00    0.40     1  ffmpeg
21:49:27      997     34085    0.40    0.00    0.00    0.00    0.40     3  ffmpeg

# Time        UID       PID    %usr %system  %guest   %wait    %CPU   CPU  Command
21:49:32     1000     19830    9.40    6.20    0.00    0.00   15.60    14  mediamtx
21:49:32     1000     19846    0.20    0.20    0.00    0.00    0.40     0  srcpub
21:49:32     1000     19847    0.20    0.40    0.00    0.00    0.60    15  srcpub
21:49:32     1000     19849    0.00    0.20    0.00    0.00    0.20     2  srcpub
21:49:32     1000     19850    0.20    0.00    0.00    0.00    0.20    13  srcpub
21:49:32     1000     19851    0.20    0.40    0.00    0.00    0.60     1  srcpub
21:49:32     1000     19853    0.20    0.20    0.00    0.00    0.40     6  srcpub
21:49:32     1000     19854    0.20    0.20    0.00    0.00    0.40     2  srcpub
21:49:32     1000     19855    0.20    0.40    0.00    0.00    0.60     8  srcpub
21:49:32     1000     19856    0.00    0.40    0.00    0.00    0.40     2  srcpub
21:49:32     1000     19857    0.40    0.00    0.00    0.00    0.40     3  srcpub
21:49:32     1000     19858    0.00    0.40    0.00    0.00    0.40     8  srcpub
21:49:32     1000     19860    0.40    0.00    0.00    0.00    0.40    15  srcpub
21:49:32     1000     19862    0.00    0.40    0.00    0.00    0.40     4  srcpub
21:49:32     1000     19863    0.20    0.40    0.00    0.00    0.60    10  srcpub
21:49:32     1000     19864    0.20    0.20    0.00    0.00    0.40     2  srcpub
21:49:32     1000     19865    0.20    0.20    0.00    0.00    0.40    14  srcpub
21:49:32     1000     19868    0.20    0.20    0.00    0.00    0.40     6  srcpub
21:49:32     1000     19874    0.20    0.20    0.00    0.00    0.40    10  srcpub
21:49:32     1000     19877    0.00    0.40    0.00    0.00    0.40     5  srcpub
21:49:32     1000     19878    0.20    0.40    0.00    0.00    0.60     2  srcpub
21:49:32     1000     19879    0.00    0.20    0.00    0.00    0.20     3  srcpub
21:49:32     1000     19881    0.20    0.40    0.00    0.00    0.60    15  srcpub
21:49:32     1000     19882    0.00    0.20    0.00    0.00    0.20     8  srcpub
21:49:32     1000     19884    0.20    0.20    0.00    0.00    0.40     6  srcpub
21:49:32     1000     19885    0.20    0.20    0.00    0.00    0.40    11  srcpub
21:49:32     1000     19886    0.20    0.20    0.00    0.00    0.40    15  srcpub
21:49:32     1000     19887    0.20    0.20    0.00    0.00    0.40    10  srcpub
21:49:32     1000     19894    0.40    0.40    0.00    0.00    0.80     1  srcpub
21:49:32     1000     28824    0.20    0.00    0.00    0.00    0.20     4  chrome
21:49:32     1000     29045    8.80    1.20    0.00    0.00   10.00     3  chrome
21:49:32     1000     29047    0.40    0.00    0.00    0.00    0.40     5  chrome
21:49:32     1000     29091   16.80    1.00    0.00    0.20   17.80    15  chrome
21:49:32      997     30965    0.60    0.40    0.00    0.00    1.00    15  ffmpeg
21:49:32      997     30966    0.80    0.20    0.00    0.00    1.00     2  ffmpeg
21:49:32      997     30967    0.20    0.20    0.00    0.00    0.40    11  ffmpeg
21:49:32      997     30968    0.40    0.20    0.00    0.00    0.60     6  ffmpeg
21:49:32      997     30969    0.20    0.00    0.00    0.00    0.20    11  ffmpeg
21:49:32      997     30970    0.20    0.20    0.00    0.00    0.40    10  ffmpeg
21:49:32      997     30971    0.20    0.20    0.00    0.00    0.40    12  ffmpeg
21:49:32      997     30972    0.40    0.00    0.00    0.00    0.40     5  ffmpeg
21:49:32      997     30973    0.40    0.20    0.00    0.00    0.60     7  ffmpeg
21:49:32      997     30974    0.40    0.20    0.00    0.00    0.60     4  ffmpeg
21:49:32      997     30975    0.20    0.00    0.00    0.00    0.20    11  ffmpeg
21:49:32      997     30976    0.20    0.40    0.00    0.00    0.60     3  ffmpeg
21:49:32      997     30977    0.40    0.00    0.00    0.00    0.40     3  ffmpeg
21:49:32      997     30978    0.40    0.00    0.00    0.00    0.40     1  ffmpeg
21:49:32      997     30979    0.40    0.20    0.00    0.00    0.60     0  ffmpeg
21:49:32      997     30980    0.40    0.20    0.00    0.00    0.60    10  ffmpeg
21:49:32      997     34070    0.60    0.20    0.00    0.00    0.80     4  ffmpeg
21:49:32      997     34071    0.20    0.20    0.00    0.00    0.40    10  ffmpeg
21:49:32      997     34072    0.20    0.20    0.00    0.00    0.40    12  ffmpeg
21:49:32      997     34080    0.20    0.00    0.00    0.00    0.20    13  ffmpeg
21:49:32      997     34081    0.20    0.00    0.00    0.00    0.20    12  ffmpeg
21:49:32      997     34082    0.20    0.00    0.00    0.00    0.20    14  ffmpeg
21:49:32      997     34083    0.20    0.00    0.00    0.00    0.20     3  ffmpeg
21:49:32      997     34084    0.00    0.20    0.00    0.00    0.20    13  ffmpeg
21:49:32      997     34085    0.20    0.20    0.00    0.00    0.40     4  ffmpeg

# Time        UID       PID    %usr %system  %guest   %wait    %CPU   CPU  Command
21:49:37     1000     19830   10.40    6.00    0.00    0.00   16.40    14  mediamtx
21:49:37     1000     19846    0.20    0.20    0.00    0.00    0.40     0  srcpub
21:49:37     1000     19847    0.00    0.20    0.00    0.00    0.20    15  srcpub
21:49:37     1000     19849    0.40    0.20    0.00    0.00    0.60    12  srcpub
21:49:37     1000     19850    0.20    0.20    0.00    0.00    0.40    13  srcpub
21:49:37     1000     19851    0.40    0.20    0.00    0.00    0.60     2  srcpub
21:49:37     1000     19853    0.20    0.40    0.00    0.00    0.60     9  srcpub
21:49:37     1000     19854    0.20    0.00    0.00    0.00    0.20     0  srcpub
21:49:37     1000     19855    0.00    0.20    0.00    0.00    0.20     7  srcpub
21:49:37     1000     19856    0.20    0.20    0.00    0.00    0.40     2  srcpub
21:49:37     1000     19857    0.40    0.20    0.00    0.00    0.60     4  srcpub
21:49:37     1000     19858    0.00    0.40    0.00    0.00    0.40     8  srcpub
21:49:37     1000     19860    0.00    0.40    0.00    0.00    0.40    15  srcpub
21:49:37     1000     19862    0.00    0.40    0.00    0.00    0.40    14  srcpub
21:49:37     1000     19863    0.20    0.20    0.00    0.00    0.40    10  srcpub
21:49:37     1000     19864    0.40    0.00    0.00    0.00    0.40     8  srcpub
21:49:37     1000     19865    0.20    0.20    0.00    0.00    0.40     7  srcpub
21:49:37     1000     19868    0.40    0.20    0.00    0.00    0.60    15  srcpub
21:49:37     1000     19874    0.20    0.20    0.00    0.00    0.40    12  srcpub
21:49:37     1000     19877    0.00    0.40    0.00    0.00    0.40     0  srcpub
21:49:37     1000     19878    0.20    0.40    0.00    0.00    0.60     4  srcpub
21:49:37     1000     19879    0.20    0.20    0.00    0.00    0.40     3  srcpub
21:49:37     1000     19881    0.20    0.20    0.00    0.00    0.40    12  srcpub
21:49:37     1000     19882    0.00    0.40    0.00    0.00    0.40    10  srcpub
21:49:37     1000     19884    0.00    0.40    0.00    0.00    0.40    11  srcpub
21:49:37     1000     19885    0.00    0.40    0.00    0.00    0.40    11  srcpub
21:49:37     1000     19886    0.40    0.20    0.00    0.00    0.60     0  srcpub
21:49:37     1000     19887    0.00    0.40    0.00    0.00    0.40     7  srcpub
21:49:37     1000     19894    0.20    0.20    0.00    0.00    0.40    12  srcpub
21:49:37     1000     26207    0.20    0.00    0.00    0.00    0.20     5  chrome
21:49:37     1000     27919    0.00    0.20    0.00    0.00    0.20    15  chrome
21:49:37     1000     29045    9.20    1.00    0.00    0.00   10.20     0  chrome
21:49:37     1000     29047    0.00    0.20    0.00    0.00    0.20     5  chrome
21:49:37     1000     29091   16.60    1.00    0.00    0.00   17.60     7  chrome
21:49:37      997     30965    1.00    0.20    0.00    0.00    1.20    11  ffmpeg
21:49:37      997     30966    0.80    0.40    0.00    0.00    1.20     4  ffmpeg
21:49:37      997     30967    0.40    0.20    0.00    0.00    0.60    11  ffmpeg
21:49:37      997     30968    0.20    0.00    0.00    0.00    0.20     1  ffmpeg
21:49:37      997     30969    0.40    0.20    0.00    0.00    0.60     2  ffmpeg
21:49:37      997     30970    0.40    0.20    0.00    0.00    0.60     3  ffmpeg
21:49:37      997     30971    0.20    0.40    0.00    0.00    0.60    15  ffmpeg
21:49:37      997     30972    0.40    0.20    0.00    0.00    0.60     8  ffmpeg
21:49:37      997     30973    0.40    0.00    0.00    0.00    0.40     8  ffmpeg
21:49:37      997     30974    0.20    0.20    0.00    0.00    0.40     3  ffmpeg
21:49:37      997     30975    0.40    0.20    0.00    0.00    0.60    11  ffmpeg
21:49:37      997     30976    0.40    0.00    0.00    0.00    0.40     9  ffmpeg
21:49:37      997     30977    0.20    0.20    0.00    0.00    0.40     2  ffmpeg
21:49:37      997     30978    0.40    0.00    0.00    0.00    0.40     1  ffmpeg
21:49:37      997     30979    0.40    0.00    0.00    0.00    0.40     9  ffmpeg
21:49:37      997     30980    0.20    0.00    0.00    0.00    0.20    10  ffmpeg
21:49:37      997     34070    0.80    0.20    0.00    0.00    1.00     6  ffmpeg
21:49:37      997     34071    0.20    0.20    0.00    0.00    0.40    12  ffmpeg
21:49:37      997     34072    0.20    0.00    0.00    0.00    0.20    14  ffmpeg
21:49:37      997     34080    0.20    0.20    0.00    0.00    0.40    13  ffmpeg
21:49:37      997     34081    0.20    0.20    0.00    0.00    0.40    14  ffmpeg
21:49:37      997     34082    0.20    0.20    0.00    0.00    0.40     3  ffmpeg
21:49:37      997     34083    0.20    0.00    0.00    0.00    0.20     4  ffmpeg
21:49:37      997     34084    0.20    0.20    0.00    0.00    0.40     0  ffmpeg
21:49:37      997     34085    0.20    0.00    0.00    0.00    0.20     1  ffmpeg

# Time        UID       PID    %usr %system  %guest   %wait    %CPU   CPU  Command
21:49:42     1000     19830   10.00    6.20    0.00    0.00   16.20    14  mediamtx
21:49:42     1000     19846    0.20    0.40    0.00    0.00    0.60     1  srcpub
21:49:42     1000     19847    0.40    0.20    0.00    0.00    0.60    11  srcpub
21:49:42     1000     19849    0.00    0.40    0.00    0.00    0.40    11  srcpub
21:49:42     1000     19850    0.00    0.20    0.00    0.00    0.20     9  srcpub
21:49:42     1000     19851    0.20    0.00    0.00    0.00    0.20    10  srcpub
21:49:42     1000     19853    0.00    0.40    0.00    0.00    0.40    10  srcpub
21:49:42     1000     19854    0.20    0.20    0.00    0.00    0.40     2  srcpub
21:49:42     1000     19855    0.20    0.20    0.00    0.00    0.40     7  srcpub
21:49:42     1000     19856    0.20    0.00    0.00    0.00    0.20    13  srcpub
21:49:42     1000     19857    0.20    0.20    0.00    0.00    0.40     7  srcpub
21:49:42     1000     19858    0.40    0.00    0.00    0.00    0.40     8  srcpub
21:49:42     1000     19860    0.00    0.40    0.00    0.00    0.40    15  srcpub
21:49:42     1000     19862    0.20    0.00    0.00    0.00    0.20     0  srcpub
21:49:42     1000     19863    0.20    0.40    0.00    0.00    0.60    10  srcpub
21:49:42     1000     19864    0.20    0.00    0.00    0.00    0.20    11  srcpub
21:49:42     1000     19865    0.20    0.20    0.00    0.00    0.40    14  srcpub
21:49:42     1000     19868    0.20    0.40    0.00    0.00    0.60     9  srcpub
21:49:42     1000     19874    0.40    0.00    0.00    0.00    0.40     2  srcpub
21:49:42     1000     19877    0.20    0.40    0.00    0.00    0.60     0  srcpub
21:49:42     1000     19878    0.20    0.40    0.00    0.00    0.60     4  srcpub
21:49:42     1000     19879    0.00    0.40    0.00    0.00    0.40    12  srcpub
21:49:42     1000     19881    0.20    0.40    0.00    0.00    0.60    14  srcpub
21:49:42     1000     19884    0.20    0.40    0.00    0.00    0.60    11  srcpub
21:49:42     1000     19885    0.40    0.40    0.00    0.00    0.80    11  srcpub
21:49:42     1000     19886    0.20    0.20    0.00    0.00    0.40    15  srcpub
21:49:42     1000     19887    0.20    0.20    0.00    0.00    0.40     6  srcpub
21:49:42     1000     19894    0.20    0.40    0.00    0.00    0.60    12  srcpub
21:49:42     1000     26251    0.20    0.00    0.00    0.00    0.20    15  chrome
21:49:42     1000     27805    0.20    0.00    0.00    0.00    0.20    15  chrome
21:49:42     1000     28824    0.20    0.00    0.00    0.00    0.20    11  chrome
21:49:42     1000     29045    8.40    1.40    0.00    0.00    9.80     8  chrome
21:49:42     1000     29047    0.20    0.40    0.00    0.00    0.60     5  chrome
21:49:42     1000     29091   17.00    1.00    0.00    0.00   18.00     7  chrome
21:49:42      997     30965    0.80    0.40    0.00    0.00    1.20    12  ffmpeg
21:49:42      997     30966    0.80    0.20    0.00    0.00    1.00    13  ffmpeg
21:49:42      997     30967    0.20    0.20    0.00    0.00    0.40    14  ffmpeg
21:49:42      997     30968    0.40    0.20    0.00    0.00    0.60     9  ffmpeg
21:49:42      997     30969    0.20    0.20    0.00    0.00    0.40     3  ffmpeg
21:49:42      997     30970    0.20    0.20    0.00    0.00    0.40    14  ffmpeg
21:49:42      997     30971    0.40    0.00    0.00    0.00    0.40    13  ffmpeg
21:49:42      997     30972    0.20    0.00    0.00    0.00    0.20     1  ffmpeg
21:49:42      997     30973    0.40    0.20    0.00    0.00    0.60     3  ffmpeg
21:49:42      997     30974    0.20    0.00    0.00    0.00    0.20    12  ffmpeg
21:49:42      997     30975    0.40    0.20    0.00    0.00    0.60     9  ffmpeg
21:49:42      997     30976    0.40    0.00    0.00    0.00    0.40     1  ffmpeg
21:49:42      997     30977    0.40    0.20    0.00    0.00    0.60     4  ffmpeg
21:49:42      997     30978    0.20    0.00    0.00    0.00    0.20     2  ffmpeg
21:49:42      997     30979    0.20    0.20    0.00    0.00    0.40     6  ffmpeg
21:49:42      997     30980    0.20    0.40    0.00    0.00    0.60    15  ffmpeg
21:49:42      997     34070    0.60    0.40    0.00    0.00    1.00     3  ffmpeg
21:49:42      997     34071    0.20    0.00    0.00    0.00    0.20    10  ffmpeg
21:49:42      997     34072    0.20    0.20    0.00    0.00    0.40     1  ffmpeg
21:49:42      997     34080    0.20    0.20    0.00    0.00    0.40     7  ffmpeg
21:49:42      997     34081    0.00    0.20    0.00    0.00    0.20    14  ffmpeg
21:49:42      997     34082    0.20    0.00    0.00    0.00    0.20     6  ffmpeg
21:49:42      997     34083    0.20    0.20    0.00    0.00    0.40     3  ffmpeg
21:49:42      997     34084    0.20    0.20    0.00    0.00    0.40    15  ffmpeg
21:49:42      997     34085    0.20    0.20    0.00    0.00    0.40    11  ffmpeg

# Time        UID       PID    %usr %system  %guest   %wait    %CPU   CPU  Command
21:49:47     1000     19830    9.80    6.80    0.00    0.00   16.60    14  mediamtx
21:49:47     1000     19846    0.20    0.20    0.00    0.00    0.40     1  srcpub
21:49:47     1000     19847    0.20    0.20    0.00    0.00    0.40    12  srcpub
21:49:47     1000     19849    0.20    0.20    0.00    0.00    0.40    11  srcpub
21:49:47     1000     19850    0.20    0.00    0.00    0.00    0.20     4  srcpub
21:49:47     1000     19851    0.20    0.40    0.00    0.00    0.60    10  srcpub
21:49:47     1000     19853    0.20    0.20    0.00    0.00    0.40    10  srcpub
21:49:47     1000     19854    0.20    0.00    0.00    0.00    0.20     6  srcpub
21:49:47     1000     19855    0.20    0.20    0.00    0.00    0.40     4  srcpub
21:49:47     1000     19856    0.20    0.40    0.00    0.00    0.60    13  srcpub
21:49:47     1000     19857    0.40    0.20    0.00    0.00    0.60     3  srcpub
21:49:47     1000     19858    0.00    0.20    0.00    0.00    0.20    15  srcpub
21:49:47     1000     19860    0.00    0.40    0.00    0.00    0.40    13  srcpub
21:49:47     1000     19862    0.40    0.00    0.00    0.00    0.40     0  srcpub
21:49:47     1000     19863    0.20    0.20    0.00    0.00    0.40     4  srcpub
21:49:47     1000     19864    0.20    0.00    0.00    0.00    0.20    13  srcpub
21:49:47     1000     19865    0.20    0.00    0.00    0.00    0.20    14  srcpub
21:49:47     1000     19868    0.40    0.20    0.00    0.00    0.60    10  srcpub
21:49:47     1000     19874    0.20    0.00    0.00    0.00    0.20     1  srcpub
21:49:47     1000     19877    0.20    0.20    0.00    0.00    0.40     1  srcpub
21:49:47     1000     19878    0.00    0.20    0.00    0.00    0.20     4  srcpub
21:49:47     1000     19879    0.20    0.20    0.00    0.00    0.40     3  srcpub
21:49:47     1000     19881    0.20    0.20    0.00    0.00    0.40    12  srcpub
21:49:47     1000     19882    0.20    0.20    0.00    0.00    0.40     7  srcpub
21:49:47     1000     19884    0.20    0.40    0.00    0.00    0.60     9  srcpub
21:49:47     1000     19885    0.20    0.20    0.00    0.00    0.40    11  srcpub
21:49:47     1000     19886    0.40    0.20    0.00    0.00    0.60    15  srcpub
21:49:47     1000     19887    0.20    0.20    0.00    0.00    0.40     8  srcpub
21:49:47     1000     19894    0.00    0.40    0.00    0.00    0.40    12  srcpub
21:49:47     1000     26251    0.00    0.20    0.00    0.00    0.20    15  chrome
21:49:47     1000     27919    0.20    0.00    0.00    0.00    0.20    15  chrome
21:49:47     1000     29045    9.00    1.20    0.00    0.20   10.20     3  chrome
21:49:47     1000     29047    0.40    0.00    0.00    0.00    0.40     5  chrome
21:49:47     1000     29091   16.40    1.20    0.00    0.00   17.60     7  chrome
21:49:47      997     30965    0.80    0.20    0.00    0.00    1.00     7  ffmpeg
21:49:47      997     30966    0.60    0.40    0.00    0.00    1.00     9  ffmpeg
21:49:47      997     30967    0.40    0.20    0.00    0.00    0.60    12  ffmpeg
21:49:47      997     30968    0.40    0.20    0.00    0.00    0.60     9  ffmpeg
21:49:47      997     30969    0.20    0.20    0.00    0.00    0.40     5  ffmpeg
21:49:47      997     30970    0.20    0.20    0.00    0.00    0.40     9  ffmpeg
21:49:47      997     30971    0.20    0.20    0.00    0.00    0.40     2  ffmpeg
21:49:47      997     30972    0.20    0.20    0.00    0.00    0.40     5  ffmpeg
21:49:47      997     30973    0.20    0.20    0.00    0.00    0.40     9  ffmpeg
21:49:47      997     30974    0.40    0.40    0.00    0.00    0.80     8  ffmpeg
21:49:47      997     30975    0.20    0.00    0.00    0.00    0.20    11  ffmpeg
21:49:47      997     30976    0.40    0.20    0.00    0.00    0.60     8  ffmpeg
21:49:47      997     30977    0.20    0.20    0.00    0.00    0.40     3  ffmpeg
21:49:47      997     30978    0.40    0.20    0.00    0.00    0.60     0  ffmpeg
21:49:47      997     30979    0.20    0.20    0.00    0.00    0.40    12  ffmpeg
21:49:47      997     30980    0.40    0.00    0.00    0.00    0.40    11  ffmpeg
21:49:47      997     34070    0.80    0.40    0.00    0.00    1.20    12  ffmpeg
21:49:47      997     34071    0.20    0.20    0.00    0.00    0.40     7  ffmpeg
21:49:47      997     34072    0.40    0.00    0.00    0.00    0.40     1  ffmpeg
21:49:47      997     34080    0.20    0.20    0.00    0.00    0.40    12  ffmpeg
21:49:47      997     34081    0.20    0.00    0.00    0.00    0.20    14  ffmpeg
21:49:47      997     34082    0.20    0.20    0.00    0.00    0.40     8  ffmpeg
21:49:47      997     34083    0.20    0.00    0.00    0.00    0.20     5  ffmpeg
21:49:47      997     34084    0.20    0.00    0.00    0.00    0.20     2  ffmpeg
21:49:47      997     34085    0.20    0.00    0.00    0.00    0.20     3  ffmpeg

# Time        UID       PID    %usr %system  %guest   %wait    %CPU   CPU  Command
21:49:52     1000     19830    9.00    6.80    0.00    0.00   15.80    14  mediamtx
21:49:52     1000     19846    0.40    0.20    0.00    0.00    0.60     0  srcpub
21:49:52     1000     19847    0.40    0.20    0.00    0.00    0.60    12  srcpub
21:49:52     1000     19849    0.20    0.20    0.00    0.00    0.40    10  srcpub
21:49:52     1000     19850    0.20    0.20    0.00    0.00    0.40     9  srcpub
21:49:52     1000     19851    0.20    0.20    0.00    0.00    0.40     6  srcpub
21:49:52     1000     19853    0.20    0.40    0.00    0.00    0.60    13  srcpub
21:49:52     1000     19854    0.00    0.20    0.00    0.00    0.20    10  srcpub
21:49:52     1000     19855    0.20    0.20    0.00    0.00    0.40     4  srcpub
21:49:52     1000     19856    0.20    0.00    0.00    0.00    0.20     0  srcpub
21:49:52     1000     19857    0.20    0.20    0.00    0.00    0.40     3  srcpub
21:49:52     1000     19858    0.20    0.20    0.00    0.00    0.40    15  srcpub
21:49:52     1000     19860    0.20    0.40    0.00    0.00    0.60     9  srcpub
21:49:52     1000     19862    0.20    0.20    0.00    0.00    0.40     2  srcpub
21:49:52     1000     19863    0.00    0.40    0.00    0.00    0.40     6  srcpub
21:49:52     1000     19864    0.40    0.20    0.00    0.00    0.60    13  srcpub
21:49:52     1000     19865    0.00    0.20    0.00    0.00    0.20     9  srcpub
21:49:52     1000     19868    0.20    0.20    0.00    0.00    0.40    10  srcpub
21:49:52     1000     19874    0.00    0.40    0.00    0.00    0.40     1  srcpub
21:49:52     1000     19877    0.20    0.40    0.00    0.00    0.60     0  srcpub
21:49:52     1000     19878    0.20    0.40    0.00    0.00    0.60     4  srcpub
21:49:52     1000     19879    0.00    0.20    0.00    0.00    0.20     3  srcpub
21:49:52     1000     19881    0.20    0.40    0.00    0.00    0.60     9  srcpub
21:49:52     1000     19882    0.20    0.20    0.00    0.00    0.40    12  srcpub
21:49:52     1000     19884    0.20    0.20    0.00    0.00    0.40    10  srcpub
21:49:52     1000     19885    0.00    0.40    0.00    0.00    0.40    11  srcpub
21:49:52     1000     19886    0.20    0.20    0.00    0.00    0.40    15  srcpub
21:49:52     1000     19887    0.40    0.00    0.00    0.00    0.40     6  srcpub
21:49:52     1000     19894    0.20    0.20    0.00    0.00    0.40     6  srcpub
21:49:52     1000     26207    0.20    0.40    0.00    0.00    0.60     0  chrome
21:49:52     1000     26256    0.20    0.00    0.00    0.00    0.20     8  chrome
21:49:52     1000     28824    0.20    0.20    0.00    0.00    0.40     5  chrome
21:49:52     1000     29045    8.80    1.00    0.00    0.00    9.80    12  chrome
21:49:52     1000     29047    0.20    0.20    0.00    0.00    0.40     5  chrome
21:49:52     1000     29091   16.80    1.20    0.00    0.00   18.00     3  chrome
21:49:52      997     30965    0.80    0.40    0.00    0.00    1.20     9  ffmpeg
21:49:52      997     30966    0.60    0.20    0.00    0.00    0.80    10  ffmpeg
21:49:52      997     30967    0.60    0.00    0.00    0.00    0.60    12  ffmpeg
21:49:52      997     30968    0.20    0.00    0.00    0.00    0.20    10  ffmpeg
21:49:52      997     30969    0.40    0.20    0.00    0.00    0.60     5  ffmpeg
21:49:52      997     30970    0.40    0.20    0.00    0.00    0.60     3  ffmpeg
21:49:52      997     30971    0.40    0.00    0.00    0.00    0.40     4  ffmpeg
21:49:52      997     30972    0.40    0.20    0.00    0.00    0.60    11  ffmpeg
21:49:52      997     30973    0.40    0.20    0.00    0.00    0.60    13  ffmpeg
21:49:52      997     30974    0.20    0.20    0.00    0.00    0.40     8  ffmpeg
21:49:52      997     30975    0.40    0.20    0.00    0.00    0.60    13  ffmpeg
21:49:52      997     30976    0.00    0.40    0.00    0.00    0.40     9  ffmpeg
21:49:52      997     30977    0.40    0.00    0.00    0.00    0.40     3  ffmpeg
21:49:52      997     30978    0.20    0.20    0.00    0.00    0.40     8  ffmpeg
21:49:52      997     30979    0.40    0.00    0.00    0.00    0.40    12  ffmpeg
21:49:52      997     30980    0.20    0.20    0.00    0.00    0.40     1  ffmpeg
21:49:52      997     34070    0.60    0.20    0.00    0.00    0.80     6  ffmpeg
21:49:52      997     34071    0.20    0.00    0.00    0.00    0.20     3  ffmpeg
21:49:52      997     34072    0.20    0.20    0.00    0.00    0.40     2  ffmpeg
21:49:52      997     34080    0.20    0.00    0.00    0.00    0.20    15  ffmpeg
21:49:52      997     34081    0.20    0.20    0.00    0.00    0.40    15  ffmpeg
21:49:52      997     34082    0.20    0.20    0.00    0.00    0.40     8  ffmpeg
21:49:52      997     34083    0.20    0.20    0.00    0.00    0.40     6  ffmpeg
21:49:52      997     34084    0.20    0.00    0.00    0.00    0.20     3  ffmpeg
21:49:52      997     34085    0.20    0.00    0.00    0.00    0.20     4  ffmpeg

# Time        UID       PID    %usr %system  %guest   %wait    %CPU   CPU  Command
21:49:57     1000     19830    9.60    6.20    0.00    0.00   15.80    14  mediamtx
21:49:57     1000     19846    0.20    0.20    0.00    0.00    0.40     0  srcpub
21:49:57     1000     19847    0.00    0.40    0.00    0.00    0.40    12  srcpub
21:49:57     1000     19849    0.00    0.60    0.00    0.00    0.60    10  srcpub
21:49:57     1000     19850    0.20    0.20    0.00    0.00    0.40     9  srcpub
21:49:57     1000     19851    0.00    0.20    0.00    0.00    0.20    10  srcpub
21:49:57     1000     19853    0.20    0.40    0.00    0.00    0.60    13  srcpub
21:49:57     1000     19854    0.20    0.20    0.00    0.00    0.40     8  srcpub
21:49:57     1000     19855    0.20    0.20    0.00    0.00    0.40     6  srcpub
21:49:57     1000     19856    0.20    0.20    0.00    0.00    0.40     1  srcpub
21:49:57     1000     19857    0.40    0.20    0.00    0.00    0.60     6  srcpub
21:49:57     1000     19858    0.20    0.20    0.00    0.00    0.40     0  srcpub
21:49:57     1000     19860    0.20    0.20    0.00    0.00    0.40    15  srcpub
21:49:57     1000     19862    0.20    0.00    0.00    0.00    0.20    12  srcpub
21:49:57     1000     19863    0.20    0.40    0.00    0.00    0.60     4  srcpub
21:49:57     1000     19864    0.20    0.00    0.00    0.00    0.20     5  srcpub
21:49:57     1000     19865    0.20    0.20    0.00    0.00    0.40    13  srcpub
21:49:57     1000     19868    0.20    0.40    0.00    0.00    0.60     5  srcpub
21:49:57     1000     19874    0.20    0.20    0.00    0.00    0.40    10  srcpub
21:49:57     1000     19877    0.00    0.40    0.00    0.00    0.40     0  srcpub
21:49:57     1000     19878    0.20    0.40    0.00    0.00    0.60     4  srcpub
21:49:57     1000     19879    0.20    0.40    0.00    0.00    0.60    10  srcpub
21:49:57     1000     19881    0.00    0.40    0.00    0.00    0.40    10  srcpub
21:49:57     1000     19882    0.00    0.40    0.00    0.00    0.40    13  srcpub
21:49:57     1000     19884    0.20    0.40    0.00    0.00    0.60    10  srcpub
21:49:57     1000     19885    0.20    0.20    0.00    0.00    0.40     8  srcpub
21:49:57     1000     19886    0.00    0.40    0.00    0.00    0.40     0  srcpub
21:49:57     1000     19887    0.00    0.40    0.00    0.00    0.40     7  srcpub
21:49:57     1000     19894    0.20    0.40    0.00    0.00    0.60     9  srcpub
21:49:57     1000     26251    0.20    0.00    0.00    0.00    0.20     1  chrome
21:49:57     1000     29045    9.40    0.80    0.00    0.00   10.20     4  chrome
21:49:57     1000     29047    0.00    0.20    0.00    0.00    0.20     7  chrome
21:49:57     1000     29091   16.40    1.40    0.00    0.00   17.80     3  chrome
21:49:57      997     30965    0.60    0.40    0.00    0.00    1.00     8  ffmpeg
21:49:57      997     30966    0.60    0.40    0.00    0.00    1.00    11  ffmpeg
21:49:57      997     30967    0.20    0.00    0.00    0.00    0.20    12  ffmpeg
21:49:57      997     30968    0.40    0.20    0.00    0.00    0.60    14  ffmpeg
21:49:57      997     30969    0.20    0.00    0.00    0.00    0.20     6  ffmpeg
21:49:57      997     30970    0.20    0.00    0.00    0.00    0.20    13  ffmpeg
21:49:57      997     30971    0.20    0.20    0.00    0.00    0.40     2  ffmpeg
21:49:57      997     30972    0.40    0.00    0.00    0.00    0.40     2  ffmpeg
21:49:57      997     30973    0.40    0.00    0.00    0.00    0.40    14  ffmpeg
21:49:57      997     30974    0.20    0.00    0.00    0.00    0.20     7  ffmpeg
21:49:57      997     30975    0.40    0.00    0.00    0.00    0.40    11  ffmpeg
21:49:57      997     30976    0.20    0.20    0.00    0.00    0.40    10  ffmpeg
21:49:57      997     30977    0.20    0.20    0.00    0.00    0.40     6  ffmpeg
21:49:57      997     30978    0.20    0.40    0.00    0.00    0.60     8  ffmpeg
21:49:57      997     30979    0.20    0.20    0.00    0.00    0.40     2  ffmpeg
21:49:57      997     30980    0.00    0.40    0.00    0.00    0.40     2  ffmpeg
21:49:57      997     34070    0.80    0.40    0.00    0.00    1.20     2  ffmpeg
21:49:57      997     34071    0.40    0.20    0.00    0.00    0.60    14  ffmpeg
21:49:57      997     34072    0.20    0.20    0.00    0.00    0.40     5  ffmpeg
21:49:57      997     34080    0.20    0.00    0.00    0.00    0.20    15  ffmpeg
21:49:57      997     34081    0.20    0.00    0.00    0.00    0.20    14  ffmpeg
21:49:57      997     34082    0.20    0.00    0.00    0.00    0.20     8  ffmpeg
21:49:57      997     34083    0.20    0.00    0.00    0.00    0.20     5  ffmpeg
21:49:57      997     34084    0.20    0.00    0.00    0.00    0.20    10  ffmpeg
21:49:57      997     34085    0.20    0.20    0.00    0.00    0.40     4  ffmpeg

# Time        UID       PID    %usr %system  %guest   %wait    %CPU   CPU  Command
21:50:02     1000     19830   10.20    6.60    0.00    0.00   16.80    14  mediamtx
21:50:02     1000     19846    0.20    0.40    0.00    0.00    0.60     9  srcpub
21:50:02     1000     19847    0.40    0.20    0.00    0.00    0.60     8  srcpub
21:50:02     1000     19849    0.20    0.40    0.00    0.00    0.60    10  srcpub
21:50:02     1000     19850    0.20    0.00    0.00    0.00    0.20     9  srcpub
21:50:02     1000     19851    0.40    0.20    0.00    0.00    0.60    10  srcpub
21:50:02     1000     19853    0.20    0.20    0.00    0.00    0.40    12  srcpub
21:50:02     1000     19854    0.40    0.00    0.00    0.00    0.40     9  srcpub
21:50:02     1000     19855    0.00    0.40    0.00    0.20    0.40     1  srcpub
21:50:02     1000     19856    0.00    0.40    0.00    0.00    0.40     9  srcpub
21:50:02     1000     19857    0.20    0.20    0.00    0.00    0.40    12  srcpub
21:50:02     1000     19858    0.00    0.40    0.00    0.00    0.40     8  srcpub
21:50:02     1000     19860    0.20    0.20    0.00    0.00    0.40     6  srcpub
21:50:02     1000     19862    0.00    0.40    0.00    0.00    0.40     2  srcpub
21:50:02     1000     19863    0.20    0.20    0.00    0.00    0.40     8  srcpub
21:50:02     1000     19864    0.20    0.20    0.00    0.00    0.40     9  srcpub
21:50:02     1000     19865    0.20    0.20    0.00    0.00    0.40     0  srcpub
21:50:02     1000     19868    0.40    0.20    0.00    0.00    0.60     9  srcpub
21:50:02     1000     19874    0.20    0.00    0.00    0.00    0.20     4  srcpub
21:50:02     1000     19877    0.20    0.20    0.00    0.00    0.40    14  srcpub
21:50:02     1000     19878    0.20    0.40    0.00    0.00    0.60     8  srcpub
21:50:02     1000     19879    0.00    0.40    0.00    0.00    0.40     3  srcpub
21:50:02     1000     19881    0.20    0.20    0.00    0.00    0.40    15  srcpub
21:50:02     1000     19882    0.00    0.40    0.00    0.00    0.40     2  srcpub
21:50:02     1000     19884    0.20    0.20    0.00    0.00    0.40     8  srcpub
21:50:02     1000     19885    0.40    0.40    0.00    0.00    0.80     6  srcpub
21:50:02     1000     19886    0.40    0.20    0.00    0.00    0.60     6  srcpub
21:50:02     1000     19887    0.20    0.20    0.00    0.00    0.40    12  srcpub
21:50:02     1000     19894    0.20    0.40    0.00    0.00    0.60     9  srcpub
21:50:02     1000     29045    9.40    1.20    0.00    0.00   10.60     4  chrome
21:50:02     1000     29047    0.20    0.40    0.00    0.00    0.60     7  chrome
21:50:02     1000     29091   18.00    1.00    0.00    0.20   19.00     5  chrome
21:50:02      997     30965    0.80    0.40    0.00    0.00    1.20     0  ffmpeg
21:50:02      997     30966    0.80    0.00    0.00    0.00    0.80    11  ffmpeg
21:50:02      997     30967    0.40    0.20    0.00    0.00    0.60     5  ffmpeg
21:50:02      997     30968    0.20    0.20    0.00    0.20    0.40    12  ffmpeg
21:50:02      997     30969    0.20    0.20    0.00    0.00    0.40     7  ffmpeg
21:50:02      997     30970    0.40    0.20    0.00    1.80    0.60     0  ffmpeg
21:50:02      997     30971    0.40    0.20    0.00    0.00    0.60     2  ffmpeg
21:50:02      997     30972    0.20    0.40    0.00    0.20    0.60    11  ffmpeg
21:50:02      997     30973    0.20    0.20    0.00    0.20    0.40     4  ffmpeg
21:50:02      997     30974    0.40    0.20    0.00    0.00    0.60    10  ffmpeg
21:50:02      997     30975    0.20    0.40    0.00    0.00    0.60     7  ffmpeg
21:50:02      997     30976    0.40    0.20    0.00    0.00    0.60     8  ffmpeg
21:50:02      997     30977    0.20    0.20    0.00    0.00    0.40     5  ffmpeg
21:50:02      997     30978    0.20    0.00    0.00    0.00    0.20    12  ffmpeg
21:50:02      997     30979    0.40    0.20    0.00    0.00    0.60     8  ffmpeg
21:50:02      997     30980    0.40    0.20    0.00    0.00    0.60     9  ffmpeg
21:50:02      997     34070    0.80    0.20    0.00    0.40    1.00     4  ffmpeg
21:50:02      997     34071    0.20    0.00    0.00    0.00    0.20     7  ffmpeg
21:50:02      997     34072    0.20    0.00    0.00    0.00    0.20    11  ffmpeg
21:50:02      997     34080    0.20    0.20    0.00    0.00    0.40    10  ffmpeg
21:50:02      997     34081    0.20    0.20    0.00    0.00    0.40    11  ffmpeg
21:50:02      997     34082    0.00    0.40    0.00    0.00    0.40    14  ffmpeg
21:50:02      997     34083    0.20    0.20    0.00    0.00    0.40    12  ffmpeg
21:50:02      997     34084    0.20    0.20    0.00    0.00    0.40     7  ffmpeg
21:50:02      997     34085    0.20    0.00    0.00    0.00    0.20     5  ffmpeg

# Time        UID       PID    %usr %system  %guest   %wait    %CPU   CPU  Command
21:50:07     1000     19830    9.00    6.20    0.00    0.00   15.20    14  mediamtx
21:50:07     1000     19846    0.20    0.40    0.00    0.00    0.60     9  srcpub
21:50:07     1000     19847    0.20    0.20    0.00    0.00    0.40     6  srcpub
21:50:07     1000     19849    0.00    0.40    0.00    0.00    0.40    10  srcpub
21:50:07     1000     19850    0.20    0.20    0.00    0.00    0.40     7  srcpub
21:50:07     1000     19851    0.20    0.20    0.00    0.00    0.40    12  srcpub
21:50:07     1000     19853    0.40    0.20    0.00    0.00    0.60     5  srcpub
21:50:07     1000     19854    0.20    0.20    0.00    0.00    0.40     7  srcpub
21:50:07     1000     19855    0.20    0.20    0.00    0.00    0.40     7  srcpub
21:50:07     1000     19856    0.00    0.20    0.00    0.00    0.20     9  srcpub
21:50:07     1000     19857    0.40    0.20    0.00    0.00    0.60     0  srcpub
21:50:07     1000     19858    0.20    0.20    0.00    0.00    0.40     9  srcpub
21:50:07     1000     19860    0.00    0.20    0.00    0.00    0.20     8  srcpub
21:50:07     1000     19862    0.20    0.20    0.00    0.00    0.40     2  srcpub
21:50:07     1000     19863    0.20    0.20    0.00    0.00    0.40     8  srcpub
21:50:07     1000     19864    0.20    0.00    0.00    0.00    0.20     9  srcpub
21:50:07     1000     19865    0.20    0.20    0.00    0.00    0.40     6  srcpub
21:50:07     1000     19868    0.20    0.20    0.00    0.00    0.40     9  srcpub
21:50:07     1000     19874    0.00    0.20    0.00    0.00    0.20    13  srcpub
21:50:07     1000     19877    0.20    0.40    0.00    0.00    0.60     1  srcpub
21:50:07     1000     19878    0.20    0.20    0.00    0.00    0.40     8  srcpub
21:50:07     1000     19879    0.20    0.20    0.00    0.00    0.40    11  srcpub
21:50:07     1000     19881    0.20    0.20    0.00    0.00    0.40    14  srcpub
21:50:07     1000     19882    0.00    0.20    0.00    0.00    0.20    11  srcpub
21:50:07     1000     19884    0.20    0.20    0.00    0.00    0.40     4  srcpub
21:50:07     1000     19885    0.20    0.20    0.00    0.00    0.40     7  srcpub
21:50:07     1000     19886    0.20    0.20    0.00    0.00    0.40     8  srcpub
21:50:07     1000     19887    0.40    0.20    0.00    0.00    0.60    13  srcpub
21:50:07     1000     19894    0.20    0.20    0.00    0.00    0.40     5  srcpub
21:50:07     1000     27805    0.00    0.20    0.00    0.00    0.20    15  chrome
21:50:07     1000     28824    0.20    0.00    0.00    0.00    0.20     7  chrome
21:50:07     1000     29045    9.20    0.80    0.00    0.00   10.00     3  chrome
21:50:07     1000     29047    0.20    0.20    0.00    0.00    0.40     5  chrome
21:50:07     1000     29091   16.80    1.00    0.00    0.00   17.80     4  chrome
21:50:07      997     30965    0.60    0.40    0.00    0.00    1.00     1  ffmpeg
21:50:07      997     30966    0.80    0.20    0.00    0.00    1.00     3  ffmpeg
21:50:07      997     30967    0.20    0.20    0.00    0.00    0.40     2  ffmpeg
21:50:07      997     30968    0.40    0.20    0.00    0.00    0.60    12  ffmpeg
21:50:07      997     30969    0.40    0.20    0.00    0.00    0.60    10  ffmpeg
21:50:07      997     30970    0.20    0.20    0.00    0.00    0.40    13  ffmpeg
21:50:07      997     30971    0.20    0.20    0.00    0.00    0.40    12  ffmpeg
21:50:07      997     30972    0.20    0.00    0.00    0.00    0.20     3  ffmpeg
21:50:07      997     30973    0.40    0.20    0.00    0.00    0.60    10  ffmpeg
21:50:07      997     30974    0.20    0.20    0.00    0.00    0.40    10  ffmpeg
21:50:07      997     30975    0.40    0.00    0.00    0.00    0.40     0  ffmpeg
21:50:07      997     30976    0.20    0.20    0.00    0.00    0.40     8  ffmpeg
21:50:07      997     30977    0.40    0.20    0.00    0.00    0.60    14  ffmpeg
21:50:07      997     30978    0.40    0.20    0.00    0.00    0.60    15  ffmpeg
21:50:07      997     30979    0.40    0.00    0.00    0.00    0.40    10  ffmpeg
21:50:07      997     30980    0.20    0.20    0.00    0.00    0.40     9  ffmpeg
21:50:07      997     34070    0.60    0.40    0.00    0.00    1.00     7  ffmpeg
21:50:07      997     34071    0.20    0.20    0.00    0.00    0.40     9  ffmpeg
21:50:07      997     34072    0.20    0.20    0.00    0.00    0.40    12  ffmpeg
21:50:07      997     34080    0.20    0.20    0.00    0.00    0.40     1  ffmpeg
21:50:07      997     34081    0.20    0.00    0.00    0.00    0.20    14  ffmpeg
21:50:07      997     34083    0.20    0.00    0.00    0.00    0.20    11  ffmpeg
21:50:07      997     34084    0.40    0.00    0.00    0.00    0.40     4  ffmpeg
21:50:07      997     34085    0.40    0.00    0.00    0.00    0.40     5  ffmpeg

# Time        UID       PID    %usr %system  %guest   %wait    %CPU   CPU  Command
21:50:12     1000     19830   10.60    6.00    0.00    0.00   16.60    14  mediamtx
21:50:12     1000     19846    0.20    0.20    0.00    0.00    0.40     9  srcpub
21:50:12     1000     19847    0.20    0.20    0.00    0.00    0.40    12  srcpub
21:50:12     1000     19849    0.20    0.20    0.00    0.00    0.40    12  srcpub
21:50:12     1000     19850    0.20    0.00    0.00    0.00    0.20     9  srcpub
21:50:12     1000     19851    0.20    0.20    0.00    0.00    0.40    10  srcpub
21:50:12     1000     19853    0.20    0.40    0.00    0.00    0.60     4  srcpub
21:50:12     1000     19854    0.00    0.20    0.00    0.00    0.20     1  srcpub
21:50:12     1000     19855    0.20    0.20    0.00    0.00    0.40     8  srcpub
21:50:12     1000     19856    0.00    0.40    0.00    0.00    0.40    12  srcpub
21:50:12     1000     19857    0.40    0.20    0.00    0.00    0.60    12  srcpub
21:50:12     1000     19858    0.00    0.20    0.00    0.00    0.20    15  srcpub
21:50:12     1000     19860    0.20    0.40    0.00    0.00    0.60     2  srcpub
21:50:12     1000     19862    0.20    0.40    0.00    0.00    0.60    13  srcpub
21:50:12     1000     19863    0.20    0.40    0.00    0.00    0.60     4  srcpub
21:50:12     1000     19864    0.40    0.00    0.00    0.00    0.40    12  srcpub
21:50:12     1000     19865    0.20    0.20    0.00    0.00    0.40     1  srcpub
21:50:12     1000     19868    0.40    0.00    0.00    0.00    0.40     7  srcpub
21:50:12     1000     19874    0.20    0.20    0.00    0.00    0.40    11  srcpub
21:50:12     1000     19877    0.20    0.20    0.00    0.00    0.40     2  srcpub
21:50:12     1000     19878    0.20    0.40    0.00    0.00    0.60    10  srcpub
21:50:12     1000     19879    0.20    0.20    0.00    0.00    0.40    11  srcpub
21:50:12     1000     19881    0.00    0.40    0.00    0.00    0.40     0  srcpub
21:50:12     1000     19882    0.00    0.20    0.00    0.00    0.20    11  srcpub
21:50:12     1000     19884    0.40    0.20    0.00    0.00    0.60     4  srcpub
21:50:12     1000     19885    0.20    0.20    0.00    0.00    0.40    14  srcpub
21:50:12     1000     19886    0.40    0.00    0.00    0.00    0.40     8  srcpub
21:50:12     1000     19887    0.20    0.20    0.00    0.00    0.40    13  srcpub
21:50:12     1000     19894    0.40    0.20    0.00    0.00    0.60     6  srcpub
21:50:12     1000     26251    0.20    0.00    0.00    0.00    0.20     1  chrome
21:50:12     1000     29045    9.00    1.00    0.00    0.00   10.00     7  chrome
21:50:12     1000     29047    0.20    0.20    0.00    0.00    0.40     5  chrome
21:50:12     1000     29091   16.80    1.20    0.00    0.00   18.00     5  chrome
21:50:12      997     30965    0.80    0.40    0.00    0.00    1.20     2  ffmpeg
21:50:12      997     30966    0.60    0.40    0.00    0.00    1.00    13  ffmpeg
21:50:12      997     30967    0.40    0.20    0.00    0.00    0.60     0  ffmpeg
21:50:12      997     30968    0.20    0.00    0.00    0.00    0.20    11  ffmpeg
21:50:12      997     30969    0.20    0.20    0.00    0.00    0.40    11  ffmpeg
21:50:12      997     30970    0.40    0.20    0.00    0.00    0.60     7  ffmpeg
21:50:12      997     30971    0.20    0.20    0.00    0.00    0.40    12  ffmpeg
21:50:12      997     30972    0.20    0.20    0.00    0.00    0.40     3  ffmpeg
21:50:12      997     30973    0.40    0.00    0.00    0.00    0.40    12  ffmpeg
21:50:12      997     30974    0.20    0.20    0.00    0.00    0.40    10  ffmpeg
21:50:12      997     30975    0.40    0.20    0.00    0.00    0.60     7  ffmpeg
21:50:12      997     30976    0.40    0.20    0.00    0.00    0.60     8  ffmpeg
21:50:12      997     30977    0.20    0.20    0.00    0.00    0.40    15  ffmpeg
21:50:12      997     30978    0.20    0.20    0.00    0.00    0.40     2  ffmpeg
21:50:12      997     30979    0.20    0.20    0.00    0.00    0.40     2  ffmpeg
21:50:12      997     30980    0.40    0.20    0.00    0.00    0.60     9  ffmpeg
21:50:12      997     34070    0.60    0.20    0.00    0.00    0.80    12  ffmpeg
21:50:12      997     34071    0.20    0.00    0.00    0.00    0.20     7  ffmpeg
21:50:12      997     34072    0.20    0.00    0.00    0.00    0.20     7  ffmpeg
21:50:12      997     34080    0.20    0.00    0.00    0.00    0.20    14  ffmpeg
21:50:12      997     34081    0.20    0.20    0.00    0.00    0.40     0  ffmpeg
21:50:12      997     34082    0.20    0.20    0.00    0.00    0.40    13  ffmpeg
21:50:12      997     34083    0.20    0.20    0.00    0.00    0.40    11  ffmpeg
21:50:12      997     34084    0.20    0.00    0.00    0.00    0.20    14  ffmpeg
21:50:12      997     34085    0.20    0.20    0.00    0.00    0.40    11  ffmpeg

# Time        UID       PID    %usr %system  %guest   %wait    %CPU   CPU  Command
21:50:17     1000     19830   10.00    6.00    0.00    0.00   16.00    14  mediamtx
21:50:17     1000     19846    0.20    0.40    0.00    0.00    0.60    11  srcpub
21:50:17     1000     19847    0.20    0.40    0.00    0.00    0.60    12  srcpub
21:50:17     1000     19849    0.20    0.20    0.00    0.00    0.40    14  srcpub
21:50:17     1000     19850    0.20    0.20    0.00    0.00    0.40     9  srcpub
21:50:17     1000     19851    0.20    0.20    0.00    0.00    0.40    12  srcpub
21:50:17     1000     19853    0.20    0.20    0.00    0.00    0.40    14  srcpub
21:50:17     1000     19854    0.00    0.20    0.00    0.00    0.20     5  srcpub
21:50:17     1000     19855    0.20    0.20    0.00    0.00    0.40     9  srcpub
21:50:17     1000     19856    0.20    0.20    0.00    0.00    0.40    12  srcpub
21:50:17     1000     19857    0.20    0.00    0.00    0.00    0.20     9  srcpub
21:50:17     1000     19858    0.20    0.40    0.00    0.00    0.60    15  srcpub
21:50:17     1000     19860    0.00    0.40    0.00    0.00    0.40     2  srcpub
21:50:17     1000     19862    0.00    0.20    0.00    0.00    0.20     4  srcpub
21:50:17     1000     19863    0.20    0.20    0.00    0.00    0.40     7  srcpub
21:50:17     1000     19864    0.20    0.00    0.00    0.00    0.20     4  srcpub
21:50:17     1000     19865    0.20    0.20    0.00    0.00    0.40     0  srcpub
21:50:17     1000     19868    0.40    0.20    0.00    0.00    0.60     6  srcpub
21:50:17     1000     19874    0.00    0.20    0.00    1.00    0.20    11  srcpub
21:50:17     1000     19877    0.20    0.20    0.00    0.00    0.40     2  srcpub
21:50:17     1000     19878    0.20    0.40    0.00    0.00    0.60    10  srcpub
21:50:17     1000     19879    0.00    0.20    0.00    0.00    0.20     8  srcpub
21:50:17     1000     19881    0.00    0.40    0.00    0.00    0.40    15  srcpub
21:50:17     1000     19882    0.40    0.20    0.00    0.00    0.60    15  srcpub
21:50:17     1000     19884    0.20    0.20    0.00    0.00    0.40     9  srcpub
21:50:17     1000     19885    0.20    0.40    0.00    0.00    0.60    14  srcpub
21:50:17     1000     19886    0.20    0.40    0.00    0.00    0.60    14  srcpub
21:50:17     1000     19887    0.00    0.20    0.00    0.00    0.20    12  srcpub
21:50:17     1000     19894    0.00    0.40    0.00    0.00    0.40     9  srcpub
21:50:17     1000     26326    0.00    0.20    0.00    0.00    0.20     5  chrome
21:50:17     1000     28824    0.20    0.20    0.00    0.00    0.40    13  chrome
21:50:17     1000     29045    8.60    1.60    0.00    0.00   10.20     7  chrome
21:50:17     1000     29047    0.00    0.20    0.00    0.00    0.20     5  chrome
21:50:17     1000     29091   17.40    0.80    0.00    0.00   18.20     4  chrome
21:50:17      997     30965    0.80    0.40    0.00    0.00    1.20     8  ffmpeg
21:50:17      997     30966    0.60    0.20    0.00    0.00    0.80    15  ffmpeg
21:50:17      997     30967    0.40    0.20    0.00    0.00    0.60     9  ffmpeg
21:50:17      997     30968    0.40    0.20    0.00    0.00    0.60     4  ffmpeg
21:50:17      997     30969    0.20    0.20    0.00    0.00    0.40    12  ffmpeg
21:50:17      997     30970    0.20    0.20    0.00    0.00    0.40     0  ffmpeg
21:50:17      997     30971    0.20    0.20    0.00    0.00    0.40     3  ffmpeg
21:50:17      997     30972    0.40    0.20    0.00    0.00    0.60    11  ffmpeg
21:50:17      997     30973    0.20    0.20    0.00    0.00    0.40     1  ffmpeg
21:50:17      997     30974    0.40    0.20    0.00    0.00    0.60    10  ffmpeg
21:50:17      997     30975    0.20    0.20    0.00    0.00    0.40     2  ffmpeg
21:50:17      997     30976    0.20    0.00    0.00    0.00    0.20     8  ffmpeg
21:50:17      997     30977    0.40    0.20    0.00    0.00    0.60    14  ffmpeg
21:50:17      997     30978    0.00    0.40    0.00    0.00    0.40    13  ffmpeg
21:50:17      997     30979    0.40    0.20    0.00    0.00    0.60    14  ffmpeg
21:50:17      997     30980    0.20    0.00    0.00    0.00    0.20    10  ffmpeg
21:50:17      997     34070    0.80    0.20    0.00    0.00    1.00     5  ffmpeg
21:50:17      997     34071    0.20    0.20    0.00    0.00    0.40     6  ffmpeg
21:50:17      997     34072    0.20    0.20    0.00    0.00    0.40    11  ffmpeg
21:50:17      997     34080    0.20    0.20    0.00    0.00    0.40    13  ffmpeg
21:50:17      997     34081    0.00    0.20    0.00    0.00    0.20    13  ffmpeg
21:50:17      997     34082    0.20    0.00    0.00    0.00    0.20    13  ffmpeg
21:50:17      997     34083    0.20    0.00    0.00    0.00    0.20    11  ffmpeg
21:50:17      997     34084    0.20    0.20    0.00    0.00    0.40    13  ffmpeg
21:50:17      997     34085    0.20    0.00    0.00    0.00    0.20    11  ffmpeg

# Time        UID       PID    %usr %system  %guest   %wait    %CPU   CPU  Command
21:50:22     1000     19830    9.60    6.00    0.00    0.00   15.60    14  mediamtx
21:50:22     1000     19846    0.20    0.20    0.00    0.00    0.40    13  srcpub
21:50:22     1000     19847    0.20    0.20    0.00    0.00    0.40     6  srcpub
21:50:22     1000     19849    0.00    0.60    0.00    0.00    0.60    11  srcpub
21:50:22     1000     19850    0.20    0.20    0.00    0.00    0.40     9  srcpub
21:50:22     1000     19851    0.40    0.20    0.00    0.00    0.60    12  srcpub
21:50:22     1000     19853    0.00    0.40    0.00    0.00    0.40     0  srcpub
21:50:22     1000     19854    0.20    0.20    0.00    0.00    0.40     2  srcpub
21:50:22     1000     19855    0.20    0.20    0.00    0.00    0.40     9  srcpub
21:50:22     1000     19856    0.00    0.20    0.00    0.00    0.20    12  srcpub
21:50:22     1000     19857    0.40    0.20    0.00    0.00    0.60     7  srcpub
21:50:22     1000     19858    0.20    0.20    0.00    0.00    0.40    13  srcpub
21:50:22     1000     19860    0.20    0.20    0.00    0.00    0.40    11  srcpub
21:50:22     1000     19862    0.20    0.20    0.00    0.00    0.40    12  srcpub
21:50:22     1000     19863    0.40    0.20    0.00    0.00    0.60     0  srcpub
21:50:22     1000     19864    0.20    0.20    0.00    0.00    0.40    10  srcpub
21:50:22     1000     19865    0.20    0.20    0.00    0.00    0.40    15  srcpub
21:50:22     1000     19868    0.40    0.40    0.00    0.00    0.80     6  srcpub
21:50:22     1000     19874    0.20    0.20    0.00    0.00    0.40     3  srcpub
21:50:22     1000     19877    0.20    0.20    0.00    0.00    0.40     4  srcpub
21:50:22     1000     19878    0.20    0.00    0.00    0.00    0.20    10  srcpub
21:50:22     1000     19879    0.20    0.20    0.00    0.00    0.40     8  srcpub
21:50:22     1000     19881    0.20    0.20    0.00    0.00    0.40     9  srcpub
21:50:22     1000     19882    0.00    0.20    0.00    0.00    0.20     5  srcpub
21:50:22     1000     19884    0.40    0.20    0.00    0.00    0.60     4  srcpub
21:50:22     1000     19885    0.20    0.40    0.00    0.00    0.60    10  srcpub
21:50:22     1000     19886    0.00    0.40    0.00    0.00    0.40     9  srcpub
21:50:22     1000     19887    0.20    0.20    0.00    0.00    0.40     7  srcpub
21:50:22     1000     19894    0.20    0.20    0.00    0.00    0.40     8  srcpub
21:50:22     1000     26207    0.20    0.20    0.00    0.00    0.40    14  chrome
21:50:22     1000     26251    0.00    0.20    0.00    0.00    0.20     3  chrome
21:50:22     1000     28824    0.20    0.00    0.00    0.00    0.20     9  chrome
21:50:22     1000     29045    8.60    1.60    0.00    0.20   10.20    11  chrome
21:50:22     1000     29047    0.60    0.20    0.00    0.00    0.80     5  chrome
21:50:22     1000     29091   16.40    1.40    0.00    0.00   17.80    15  chrome
21:50:22      997     30965    0.80    0.60    0.00    0.00    1.40    11  ffmpeg
21:50:22      997     30966    0.80    0.20    0.00    0.00    1.00    13  ffmpeg
21:50:22      997     30967    0.20    0.00    0.00    0.00    0.20     2  ffmpeg
21:50:22      997     30968    0.20    0.20    0.00    0.00    0.40     6  ffmpeg
21:50:22      997     30969    0.40    0.00    0.00    0.00    0.40    11  ffmpeg
21:50:22      997     30970    0.40    0.00    0.00    0.00    0.40     2  ffmpeg
21:50:22      997     30971    0.40    0.20    0.00    0.00    0.60     8  ffmpeg
21:50:22      997     30972    0.20    0.20    0.00    0.00    0.40    11  ffmpeg
21:50:22      997     30973    0.20    0.20    0.00    0.00    0.40     2  ffmpeg
21:50:22      997     30974    0.20    0.20    0.00    0.00    0.40     9  ffmpeg
21:50:22      997     30975    0.20    0.20    0.00    0.00    0.40     4  ffmpeg
21:50:22      997     30976    0.40    0.20    0.00    0.00    0.60     9  ffmpeg
21:50:22      997     30977    0.00    0.20    0.00    0.00    0.20    14  ffmpeg
21:50:22      997     30978    0.20    0.20    0.00    0.00    0.40     4  ffmpeg
21:50:22      997     30979    0.20    0.20    0.00    0.00    0.40    11  ffmpeg
21:50:22      997     30980    0.40    0.00    0.00    0.00    0.40    11  ffmpeg
21:50:22      997     34070    0.60    0.40    0.00    0.00    1.00     1  ffmpeg
21:50:22      997     34071    0.20    0.00    0.00    0.00    0.20    14  ffmpeg
21:50:22      997     34072    0.20    0.20    0.00    0.00    0.40    13  ffmpeg
21:50:22      997     34080    0.40    0.00    0.00    0.00    0.40     6  ffmpeg
21:50:22      997     34081    0.20    0.00    0.00    0.00    0.20    15  ffmpeg
21:50:22      997     34082    0.40    0.20    0.00    0.00    0.60     6  ffmpeg
21:50:22      997     34083    0.20    0.20    0.00    0.00    0.40    11  ffmpeg
21:50:22      997     34084    0.20    0.00    0.00    0.00    0.20    11  ffmpeg
21:50:22      997     34085    0.20    0.20    0.00    0.00    0.40     1  ffmpeg

# Time        UID       PID    %usr %system  %guest   %wait    %CPU   CPU  Command
21:50:27     1000     19830   10.00    6.40    0.00    0.00   16.40    14  mediamtx
21:50:27     1000     19846    0.20    0.20    0.00    0.00    0.40    12  srcpub
21:50:27     1000     19847    0.20    0.20    0.00    0.00    0.40     7  srcpub
21:50:27     1000     19849    0.20    0.40    0.00    0.00    0.60    13  srcpub
21:50:27     1000     19850    0.20    0.20    0.00    0.00    0.40    11  srcpub
21:50:27     1000     19851    0.00    0.20    0.00    0.00    0.20    10  srcpub
21:50:27     1000     19853    0.20    0.40    0.00    0.00    0.60     6  srcpub
21:50:27     1000     19854    0.20    0.00    0.00    0.00    0.20     0  srcpub
21:50:27     1000     19855    0.20    0.20    0.00    0.00    0.40    10  srcpub
21:50:27     1000     19856    0.20    0.20    0.00    0.00    0.40     8  srcpub
21:50:27     1000     19857    0.20    0.20    0.00    0.00    0.40     7  srcpub
21:50:27     1000     19858    0.00    0.20    0.00    0.00    0.20     4  srcpub
21:50:27     1000     19860    0.20    0.00    0.00    0.00    0.20    11  srcpub
21:50:27     1000     19862    0.00    0.40    0.00    0.00    0.40    12  srcpub
21:50:27     1000     19863    0.20    0.40    0.00    0.00    0.60     2  srcpub
21:50:27     1000     19864    0.40    0.00    0.00    0.00    0.40     9  srcpub
21:50:27     1000     19865    0.20    0.20    0.00    0.00    0.40     7  srcpub
21:50:27     1000     19868    0.20    0.20    0.00    0.00    0.40     6  srcpub
21:50:27     1000     19874    0.20    0.00    0.00    0.00    0.20     4  srcpub
21:50:27     1000     19877    0.40    0.20    0.00    0.00    0.60     0  srcpub
21:50:27     1000     19878    0.20    0.40    0.00    0.00    0.60    10  srcpub
21:50:27     1000     19879    0.20    0.20    0.00    0.00    0.40     1  srcpub
21:50:27     1000     19881    0.20    0.40    0.00    0.00    0.60    14  srcpub
21:50:27     1000     19882    0.20    0.00    0.00    0.00    0.20     7  srcpub
21:50:27     1000     19884    0.20    0.40    0.00    0.00    0.60     7  srcpub
21:50:27     1000     19885    0.20    0.20    0.00    0.00    0.40    14  srcpub
21:50:27     1000     19886    0.40    0.00    0.00    0.00    0.40     9  srcpub
21:50:27     1000     19887    0.20    0.20    0.00    0.00    0.40     8  srcpub
21:50:27     1000     19894    0.20    0.40    0.00    0.00    0.60     9  srcpub
21:50:27     1000     26207    0.00    0.20    0.00    0.00    0.20     3  chrome
21:50:27     1000     26256    0.00    0.20    0.00    0.00    0.20     4  chrome
21:50:27     1000     29045    8.80    1.00    0.00    0.00    9.80     0  chrome
21:50:27     1000     29047    0.00    0.20    0.00    0.00    0.20     5  chrome
21:50:27     1000     29091   17.20    1.00    0.00    0.00   18.20    13  chrome
21:50:27      997     30965    0.80    0.20    0.00    0.00    1.00    11  ffmpeg
21:50:27      997     30966    0.60    0.20    0.00    0.00    0.80     4  ffmpeg
21:50:27      997     30967    0.40    0.20    0.00    0.00    0.60     7  ffmpeg
21:50:27      997     30968    0.20    0.20    0.00    0.00    0.40     6  ffmpeg
21:50:27      997     30969    0.20    0.40    0.00    0.00    0.60     5  ffmpeg
21:50:27      997     30970    0.20    0.20    0.00    0.00    0.40     4  ffmpeg
21:50:27      997     30971    0.20    0.20    0.00    0.00    0.40    10  ffmpeg
21:50:27      997     30972    0.20    0.20    0.00    0.00    0.40     0  ffmpeg
21:50:27      997     30973    0.20    0.40    0.00    0.00    0.60     2  ffmpeg
21:50:27      997     30974    0.40    0.20    0.00    0.00    0.60    11  ffmpeg
21:50:27      997     30975    0.40    0.20    0.00    0.00    0.60     2  ffmpeg
21:50:27      997     30976    0.20    0.20    0.00    0.00    0.40     9  ffmpeg
21:50:27      997     30977    0.40    0.00    0.00    0.00    0.40     1  ffmpeg
21:50:27      997     30978    0.40    0.20    0.00    0.00    0.60     5  ffmpeg
21:50:27      997     30979    0.20    0.20    0.00    0.00    0.40     4  ffmpeg
21:50:27      997     30980    0.40    0.20    0.00    0.00    0.60     5  ffmpeg
21:50:27      997     34070    0.80    0.20    0.00    0.00    1.00     7  ffmpeg
21:50:27      997     34071    0.20    0.20    0.00    0.00    0.40     4  ffmpeg
21:50:27      997     34072    0.20    0.00    0.00    0.00    0.20     8  ffmpeg
21:50:27      997     34080    0.20    0.00    0.00    0.00    0.20     6  ffmpeg
21:50:27      997     34081    0.20    0.20    0.00    0.00    0.40    15  ffmpeg
21:50:27      997     34083    0.40    0.00    0.00    0.00    0.40    11  ffmpeg
21:50:27      997     34084    0.00    0.40    0.00    0.00    0.40     1  ffmpeg
21:50:27      997     34085    0.20    0.00    0.00    0.00    0.20     2  ffmpeg

# Time        UID       PID    %usr %system  %guest   %wait    %CPU   CPU  Command
21:50:32     1000     19830    9.40    6.40    0.00    0.00   15.80    14  mediamtx
21:50:32     1000     19846    0.20    0.40    0.00    0.00    0.60    12  srcpub
21:50:32     1000     19847    0.40    0.00    0.00    0.00    0.40     8  srcpub
21:50:32     1000     19849    0.20    0.20    0.00    0.00    0.40     5  srcpub
21:50:32     1000     19850    0.20    0.00    0.00    0.00    0.20     9  srcpub
21:50:32     1000     19851    0.20    0.20    0.00    0.00    0.40     6  srcpub
21:50:32     1000     19853    0.20    0.20    0.00    0.00    0.40     0  srcpub
21:50:32     1000     19854    0.20    0.20    0.00    0.00    0.40    14  srcpub
21:50:32     1000     19855    0.20    0.20    0.00    0.00    0.40    10  srcpub
21:50:32     1000     19856    0.00    0.20    0.00    0.00    0.20     8  srcpub
21:50:32     1000     19857    0.40    0.20    0.00    0.00    0.60     7  srcpub
21:50:32     1000     19858    0.00    0.40    0.00    0.00    0.40     8  srcpub
21:50:32     1000     19860    0.20    0.40    0.00    0.00    0.60     1  srcpub
21:50:32     1000     19862    0.20    0.20    0.00    0.00    0.40     0  srcpub
21:50:32     1000     19863    0.20    0.40    0.00    0.00    0.60     0  srcpub
21:50:32     1000     19864    0.20    0.00    0.00    0.00    0.20     7  srcpub
21:50:32     1000     19865    0.20    0.20    0.00    0.00    0.40    15  srcpub
21:50:32     1000     19868    0.40    0.00    0.00    0.00    0.40     3  srcpub
21:50:32     1000     19874    0.20    0.20    0.00    0.00    0.40     1  srcpub
21:50:32     1000     19877    0.20    0.20    0.00    0.00    0.40     0  srcpub
21:50:32     1000     19878    0.20    0.40    0.00    0.00    0.60     5  srcpub
21:50:32     1000     19879    0.00    0.40    0.00    0.00    0.40     3  srcpub
21:50:32     1000     19881    0.00    0.20    0.00    0.00    0.20     0  srcpub
21:50:32     1000     19882    0.20    0.20    0.00    0.00    0.40     2  srcpub
21:50:32     1000     19884    0.20    0.20    0.00    0.00    0.40     4  srcpub
21:50:32     1000     19885    0.20    0.20    0.00    0.00    0.40    10  srcpub
21:50:32     1000     19886    0.40    0.40    0.00    0.00    0.80     1  srcpub
21:50:32     1000     19887    0.00    0.40    0.00    0.00    0.40     7  srcpub
21:50:32     1000     19894    0.20    0.20    0.00    0.00    0.40     1  srcpub
21:50:32     1000     27308    0.00    0.20    0.00    0.00    0.20    13  chrome
21:50:32     1000     28824    0.20    0.00    0.00    0.00    0.20     0  chrome
21:50:32     1000     29045    8.80    1.40    0.00    0.00   10.20     5  chrome
21:50:32     1000     29047    0.20    0.20    0.00    0.00    0.40     5  chrome
21:50:32     1000     29091   16.60    1.00    0.00    0.00   17.60    15  chrome
21:50:32      997     30965    0.80    0.40    0.00    0.00    1.20     9  ffmpeg
21:50:32      997     30966    0.60    0.40    0.00    0.00    1.00     7  ffmpeg
21:50:32      997     30967    0.40    0.00    0.00    0.00    0.40     8  ffmpeg
21:50:32      997     30968    0.40    0.20    0.00    0.00    0.60     6  ffmpeg
21:50:32      997     30969    0.40    0.00    0.00    0.00    0.40     6  ffmpeg
21:50:32      997     30970    0.40    0.20    0.00    0.00    0.60     1  ffmpeg
21:50:32      997     30971    0.20    0.20    0.00    0.00    0.40     8  ffmpeg
21:50:32      997     30972    0.40    0.20    0.00    0.00    0.60    13  ffmpeg
21:50:32      997     30973    0.20    0.20    0.00    0.00    0.40    14  ffmpeg
21:50:32      997     30974    0.20    0.20    0.00    0.00    0.40     1  ffmpeg
21:50:32      997     30975    0.20    0.20    0.00    0.00    0.40     2  ffmpeg
21:50:32      997     30976    0.40    0.20    0.00    0.00    0.60     9  ffmpeg
21:50:32      997     30977    0.40    0.20    0.00    0.00    0.60    11  ffmpeg
21:50:32      997     30978    0.20    0.00    0.00    0.00    0.20     5  ffmpeg
21:50:32      997     30979    0.40    0.20    0.00    0.00    0.60     8  ffmpeg
21:50:32      997     30980    0.40    0.00    0.00    0.00    0.40     8  ffmpeg
21:50:32      997     34070    0.60    0.20    0.00    0.00    0.80     6  ffmpeg
21:50:32      997     34071    0.40    0.00    0.00    0.00    0.40    15  ffmpeg
21:50:32      997     34072    0.20    0.20    0.00    0.00    0.40     6  ffmpeg
21:50:32      997     34080    0.20    0.20    0.00    0.00    0.40     9  ffmpeg
21:50:32      997     34081    0.20    0.00    0.00    0.00    0.20     0  ffmpeg
21:50:32      997     34082    0.20    0.20    0.00    0.00    0.40    12  ffmpeg
21:50:32      997     34083    0.20    0.00    0.00    0.00    0.20    11  ffmpeg
21:50:32      997     34084    0.40    0.00    0.00    0.00    0.40     7  ffmpeg
21:50:32      997     34085    0.20    0.00    0.00    0.00    0.20     4  ffmpeg

# Time        UID       PID    %usr %system  %guest   %wait    %CPU   CPU  Command
21:50:37     1000     19830   10.40    6.60    0.00    0.00   17.00    14  mediamtx
21:50:37     1000     19846    0.20    0.40    0.00    0.00    0.60    14  srcpub
21:50:37     1000     19847    0.20    0.40    0.00    0.00    0.60     2  srcpub
21:50:37     1000     19849    0.40    0.20    0.00    0.00    0.60    15  srcpub
21:50:37     1000     19850    0.20    0.20    0.00    0.00    0.40     9  srcpub
21:50:37     1000     19851    0.40    0.20    0.00    0.00    0.60     8  srcpub
21:50:37     1000     19853    0.20    0.20    0.00    0.00    0.40     0  srcpub
21:50:37     1000     19854    0.00    0.20    0.00    0.00    0.20    10  srcpub
21:50:37     1000     19855    0.00    0.20    0.00    0.00    0.20    11  srcpub
21:50:37     1000     19856    0.20    0.40    0.00    0.00    0.60    12  srcpub
21:50:37     1000     19857    0.20    0.20    0.00    0.00    0.40     4  srcpub
21:50:37     1000     19858    0.00    0.40    0.00    0.00    0.40     2  srcpub
21:50:37     1000     19860    0.00    0.40    0.00    0.00    0.40    11  srcpub
21:50:37     1000     19862    0.20    0.20    0.00    0.00    0.40     2  srcpub
21:50:37     1000     19863    0.20    0.20    0.00    0.00    0.40     2  srcpub
21:50:37     1000     19864    0.20    0.20    0.00    0.00    0.40     9  srcpub
21:50:37     1000     19865    0.20    0.20    0.00    0.00    0.40    12  srcpub
21:50:37     1000     19868    0.40    0.20    0.00    0.00    0.60    15  srcpub
21:50:37     1000     19874    0.20    0.20    0.00    0.00    0.40    10  srcpub
21:50:37     1000     19877    0.00    0.40    0.00    0.00    0.40     0  srcpub
21:50:37     1000     19878    0.20    0.20    0.00    0.00    0.40     9  srcpub
21:50:37     1000     19879    0.00    0.40    0.00    0.00    0.40     7  srcpub
21:50:37     1000     19881    0.20    0.40    0.00    0.00    0.60     1  srcpub
21:50:37     1000     19882    0.00    0.40    0.00    0.00    0.40    14  srcpub
21:50:37     1000     19884    0.20    0.20    0.00    0.00    0.40     1  srcpub
21:50:37     1000     19885    0.20    0.20    0.00    0.00    0.40    14  srcpub
21:50:37     1000     19886    0.00    0.20    0.00    0.00    0.20     4  srcpub
21:50:37     1000     19887    0.20    0.20    0.00    0.00    0.40    11  srcpub
21:50:37     1000     19894    0.20    0.40    0.00    0.00    0.60     9  srcpub
21:50:37     1000     26251    0.20    0.00    0.00    0.00    0.20     4  chrome
21:50:37     1000     29045    9.00    1.40    0.00    0.00   10.40    10  chrome
21:50:37     1000     29047    0.20    0.20    0.00    0.00    0.40     7  chrome
21:50:37     1000     29091   17.20    1.00    0.00    0.00   18.20     9  chrome
21:50:37      997     30965    1.00    0.40    0.00    0.00    1.40     7  ffmpeg
21:50:37      997     30966    0.80    0.20    0.00    0.00    1.00     7  ffmpeg
21:50:37      997     30967    0.40    0.00    0.00    0.00    0.40     8  ffmpeg
21:50:37      997     30968    0.20    0.20    0.00    0.00    0.40     2  ffmpeg
21:50:37      997     30969    0.40    0.20    0.00    0.00    0.60     9  ffmpeg
21:50:37      997     30970    0.40    0.20    0.00    0.00    0.60    11  ffmpeg
21:50:37      997     30971    0.40    0.00    0.00    0.00    0.40     1  ffmpeg
21:50:37      997     30972    0.20    0.00    0.00    0.00    0.20     3  ffmpeg
21:50:37      997     30973    0.40    0.20    0.00    0.00    0.60     3  ffmpeg
21:50:37      997     30974    0.20    0.20    0.00    0.00    0.40     1  ffmpeg
21:50:37      997     30975    0.20    0.20    0.00    0.00    0.40     2  ffmpeg
21:50:37      997     30976    0.40    0.20    0.00    0.00    0.60     9  ffmpeg
21:50:37      997     30977    0.20    0.20    0.00    0.00    0.40    11  ffmpeg
21:50:37      997     30978    0.40    0.20    0.00    0.00    0.60    12  ffmpeg
21:50:37      997     30979    0.20    0.00    0.00    0.00    0.20     8  ffmpeg
21:50:37      997     30980    0.20    0.20    0.00    0.00    0.40     2  ffmpeg
21:50:37      997     34070    0.60    0.40    0.00    0.00    1.00    11  ffmpeg
21:50:37      997     34071    0.20    0.00    0.00    0.00    0.20     6  ffmpeg
21:50:37      997     34072    0.20    0.00    0.00    0.00    0.20    15  ffmpeg
21:50:37      997     34080    0.20    0.00    0.00    0.00    0.20     9  ffmpeg
21:50:37      997     34081    0.00    0.20    0.00    0.00    0.20     0  ffmpeg
21:50:37      997     34082    0.20    0.00    0.00    0.00    0.20    13  ffmpeg
21:50:37      997     34083    0.20    0.20    0.00    0.00    0.40    11  ffmpeg
21:50:37      997     34084    0.00    0.20    0.00    0.00    0.20    11  ffmpeg
21:50:37      997     34085    0.20    0.20    0.00    0.00    0.40     4  ffmpeg

# Time        UID       PID    %usr %system  %guest   %wait    %CPU   CPU  Command
21:50:42     1000     19830   10.00    6.40    0.00    0.00   16.40    14  mediamtx
21:50:42     1000     19846    0.20    0.20    0.00    0.00    0.40    14  srcpub
21:50:42     1000     19847    0.00    0.20    0.00    0.00    0.20     7  srcpub
21:50:42     1000     19849    0.40    0.00    0.00    0.00    0.40    11  srcpub
21:50:42     1000     19850    0.00    0.20    0.00    0.00    0.20    11  srcpub
21:50:42     1000     19851    0.20    0.20    0.00    0.00    0.40     5  srcpub
21:50:42     1000     19853    0.20    0.40    0.00    0.00    0.60     0  srcpub
21:50:42     1000     19854    0.20    0.00    0.00    0.00    0.20    10  srcpub
21:50:42     1000     19855    0.20    0.20    0.00    0.00    0.40     0  srcpub
21:50:42     1000     19856    0.00    0.20    0.00    0.00    0.20     5  srcpub
21:50:42     1000     19857    0.40    0.00    0.00    0.00    0.40     7  srcpub
21:50:42     1000     19858    0.20    0.40    0.00    0.00    0.60    10  srcpub
21:50:42     1000     19860    0.20    0.00    0.00    0.00    0.20    11  srcpub
21:50:42     1000     19862    0.00    0.40    0.00    0.00    0.40     5  srcpub
21:50:42     1000     19863    0.20    0.40    0.00    0.00    0.60     2  srcpub
21:50:42     1000     19864    0.40    0.00    0.00    0.00    0.40     2  srcpub
21:50:42     1000     19865    0.20    0.20    0.00    0.00    0.40     0  srcpub
21:50:42     1000     19868    0.40    0.20    0.00    0.00    0.60     3  srcpub
21:50:42     1000     19877    0.40    0.20    0.00    0.00    0.60     1  srcpub
21:50:42     1000     19878    0.20    0.40    0.00    0.00    0.60    12  srcpub
21:50:42     1000     19879    0.20    0.20    0.00    0.00    0.40     7  srcpub
21:50:42     1000     19881    0.20    0.20    0.00    0.00    0.40     2  srcpub
21:50:42     1000     19882    0.20    0.00    0.00    0.00    0.20    14  srcpub
21:50:42     1000     19884    0.20    0.20    0.00    0.00    0.40     2  srcpub
21:50:42     1000     19885    0.40    0.40    0.00    0.00    0.80     3  srcpub
21:50:42     1000     19886    0.40    0.40    0.00    0.00    0.80     2  srcpub
21:50:42     1000     19887    0.20    0.20    0.00    0.00    0.40     9  srcpub
21:50:42     1000     19894    0.20    0.20    0.00    0.00    0.40     4  srcpub
21:50:42     1000     28824    0.20    0.00    0.00    0.00    0.20    15  chrome
21:50:42     1000     29045    9.00    1.00    0.00    0.00   10.00     7  chrome
21:50:42     1000     29047    0.20    0.20    0.00    0.00    0.40     7  chrome
21:50:42     1000     29091   16.60    1.40    0.00    0.20   18.00     7  chrome
21:50:42      997     30965    0.80    0.60    0.00    0.00    1.40     4  ffmpeg
21:50:42      997     30966    0.60    0.20    0.00    0.00    0.80     8  ffmpeg
21:50:42      997     30967    0.40    0.20    0.00    0.00    0.60    12  ffmpeg
21:50:42      997     30968    0.40    0.20    0.00    0.00    0.60     2  ffmpeg
21:50:42      997     30969    0.20    0.00    0.00    0.00    0.20     4  ffmpeg
21:50:42      997     30970    0.60    0.00    0.00    0.00    0.60    13  ffmpeg
21:50:42      997     30971    0.40    0.00    0.00    0.00    0.40     1  ffmpeg
21:50:42      997     30972    0.40    0.20    0.00    0.00    0.60    13  ffmpeg
21:50:42      997     30973    0.20    0.00    0.00    0.00    0.20    13  ffmpeg
21:50:42      997     30974    0.40    0.20    0.00    0.00    0.60     4  ffmpeg
21:50:42      997     30975    0.20    0.20    0.00    0.00    0.40     1  ffmpeg
21:50:42      997     30976    0.20    0.20    0.00    0.00    0.40    12  ffmpeg
21:50:42      997     30977    0.40    0.20    0.00    0.00    0.60    11  ffmpeg
21:50:42      997     30978    0.20    0.20    0.00    0.00    0.40    14  ffmpeg
21:50:42      997     30979    0.40    0.40    0.00    0.00    0.80     1  ffmpeg
21:50:42      997     30980    0.40    0.00    0.00    0.00    0.40     4  ffmpeg
21:50:42      997     34070    0.60    0.40    0.00    0.00    1.00     4  ffmpeg
21:50:42      997     34071    0.20    0.20    0.00    0.00    0.40     6  ffmpeg
21:50:42      997     34072    0.20    0.20    0.00    0.00    0.40    12  ffmpeg
21:50:42      997     34080    0.40    0.00    0.00    0.00    0.40    13  ffmpeg
21:50:42      997     34081    0.20    0.20    0.00    0.00    0.40     9  ffmpeg
21:50:42      997     34082    0.20    0.20    0.00    0.00    0.40    14  ffmpeg
21:50:42      997     34083    0.20    0.00    0.00    0.00    0.20    11  ffmpeg
21:50:42      997     34084    0.40    0.00    0.00    0.00    0.40    11  ffmpeg
21:50:42      997     34085    0.20    0.00    0.00    0.00    0.20    14  ffmpeg

# Time        UID       PID    %usr %system  %guest   %wait    %CPU   CPU  Command
21:50:47     1000     19830   10.00    6.00    0.00    0.00   16.00    14  mediamtx
21:50:47     1000     19846    0.40    0.20    0.00    0.00    0.60     0  srcpub
21:50:47     1000     19847    0.40    0.20    0.00    0.00    0.60     5  srcpub
21:50:47     1000     19849    0.20    0.40    0.00    0.00    0.60    15  srcpub
21:50:47     1000     19850    0.20    0.20    0.00    0.00    0.40    11  srcpub
21:50:47     1000     19851    0.00    0.20    0.00    0.00    0.20     9  srcpub
21:50:47     1000     19853    0.20    0.20    0.00    0.00    0.40     0  srcpub
21:50:47     1000     19854    0.20    0.20    0.00    0.00    0.40     0  srcpub
21:50:47     1000     19855    0.20    0.40    0.00    0.00    0.60     9  srcpub
21:50:47     1000     19856    0.20    0.20    0.00    0.00    0.40     4  srcpub
21:50:47     1000     19857    0.40    0.20    0.00    0.00    0.60     7  srcpub
21:50:47     1000     19858    0.20    0.20    0.00    0.00    0.40    10  srcpub
21:50:47     1000     19860    0.20    0.40    0.00    0.00    0.60    14  srcpub
21:50:47     1000     19862    0.20    0.20    0.00    0.00    0.40    12  srcpub
21:50:47     1000     19863    0.20    0.40    0.00    0.00    0.60     2  srcpub
21:50:47     1000     19864    0.20    0.00    0.00    0.00    0.20    10  srcpub
21:50:47     1000     19865    0.40    0.20    0.00    0.00    0.60     0  srcpub
21:50:47     1000     19868    0.20    0.20    0.00    0.00    0.40     3  srcpub
21:50:47     1000     19874    0.20    0.40    0.00    0.00    0.60    12  srcpub
21:50:47     1000     19877    0.20    0.40    0.00    0.00    0.60     9  srcpub
21:50:47     1000     19878    0.20    0.20    0.00    0.00    0.40    13  srcpub
21:50:47     1000     19879    0.00    0.20    0.00    0.00    0.20     8  srcpub
21:50:47     1000     19881    0.00    0.40    0.00    0.00    0.40     2  srcpub
21:50:47     1000     19882    0.20    0.40    0.00    0.00    0.60     2  srcpub
21:50:47     1000     19884    0.20    0.40    0.00    0.00    0.60    14  srcpub
21:50:47     1000     19885    0.20    0.20    0.00    0.00    0.40     4  srcpub
21:50:47     1000     19886    0.20    0.20    0.00    0.00    0.40     6  srcpub
21:50:47     1000     19887    0.00    0.40    0.00    0.00    0.40     3  srcpub
21:50:47     1000     19894    0.40    0.20    0.00    0.00    0.60     1  srcpub
21:50:47     1000     27919    0.20    0.00    0.00    0.00    0.20    15  chrome
21:50:47     1000     29045    8.80    1.40    0.00    0.00   10.20    15  chrome
21:50:47     1000     29047    0.20    0.20    0.00    0.00    0.40     7  chrome
21:50:47     1000     29091   16.60    1.20    0.00    0.00   17.80     6  chrome
21:50:47      997     30965    0.80    0.20    0.00    0.00    1.00    13  ffmpeg
21:50:47      997     30966    0.80    0.40    0.00    0.00    1.20    15  ffmpeg
21:50:47      997     30967    0.20    0.00    0.00    0.00    0.20    13  ffmpeg
21:50:47      997     30968    0.20    0.00    0.00    0.00    0.20    15  ffmpeg
21:50:47      997     30969    0.40    0.20    0.00    0.00    0.60     0  ffmpeg
21:50:47      997     30970    0.40    0.00    0.00    0.00    0.40    15  ffmpeg
21:50:47      997     30971    0.20    0.20    0.00    0.00    0.40     9  ffmpeg
21:50:47      997     30972    0.20    0.00    0.00    0.00    0.20     9  ffmpeg
21:50:47      997     30973    0.40    0.20    0.00    0.00    0.60     3  ffmpeg
21:50:47      997     30974    0.20    0.00    0.00    0.00    0.20     9  ffmpeg
21:50:47      997     30975    0.40    0.00    0.00    0.00    0.40     1  ffmpeg
21:50:47      997     30976    0.40    0.00    0.00    0.00    0.40    12  ffmpeg
21:50:47      997     30977    0.20    0.20    0.00    0.00    0.40    13  ffmpeg
21:50:47      997     30978    0.40    0.00    0.00    0.00    0.40    12  ffmpeg
21:50:47      997     30979    0.00    0.20    0.00    0.00    0.20     9  ffmpeg
21:50:47      997     30980    0.40    0.20    0.00    0.00    0.60     7  ffmpeg
21:50:47      997     34070    0.60    0.40    0.00    0.00    1.00     4  ffmpeg
21:50:47      997     34071    0.20    0.00    0.00    0.00    0.20    10  ffmpeg
21:50:47      997     34072    0.20    0.20    0.00    0.00    0.40    15  ffmpeg
21:50:47      997     34080    0.00    0.20    0.00    0.00    0.20    13  ffmpeg
21:50:47      997     34081    0.20    0.00    0.00    0.00    0.20    11  ffmpeg
21:50:47      997     34082    0.20    0.00    0.00    0.00    0.20     0  ffmpeg
21:50:47      997     34083    0.20    0.20    0.00    0.00    0.40    12  ffmpeg
21:50:47      997     34084    0.20    0.20    0.00    0.00    0.40    14  ffmpeg
21:50:47      997     34085    0.20    0.20    0.00    0.00    0.40     0  ffmpeg

# Time        UID       PID    %usr %system  %guest   %wait    %CPU   CPU  Command
21:50:52     1000     19830    9.00    6.00    0.00    0.00   15.00    14  mediamtx
21:50:52     1000     19846    0.20    0.20    0.00    0.00    0.40     0  srcpub
21:50:52     1000     19847    0.20    0.20    0.00    0.00    0.40     5  srcpub
21:50:52     1000     19849    0.20    0.20    0.00    0.00    0.40    11  srcpub
21:50:52     1000     19850    0.20    0.00    0.00    0.00    0.20     2  srcpub
21:50:52     1000     19851    0.20    0.40    0.00    0.00    0.60     9  srcpub
21:50:52     1000     19853    0.20    0.20    0.00    0.00    0.40     2  srcpub
21:50:52     1000     19854    0.20    0.00    0.00    0.00    0.20     0  srcpub
21:50:52     1000     19855    0.20    0.20    0.00    0.00    0.40    14  srcpub
21:50:52     1000     19856    0.00    0.20    0.00    0.00    0.20     6  srcpub
21:50:52     1000     19857    0.20    0.20    0.00    0.00    0.40     4  srcpub
21:50:52     1000     19858    0.00    0.40    0.00    0.00    0.40    10  srcpub
21:50:52     1000     19860    0.00    0.20    0.00    0.00    0.20    15  srcpub
21:50:52     1000     19862    0.20    0.40    0.00    0.00    0.60    11  srcpub
21:50:52     1000     19863    0.20    0.20    0.00    0.00    0.40     4  srcpub
21:50:52     1000     19864    0.20    0.20    0.00    0.00    0.40     9  srcpub
21:50:52     1000     19868    0.20    0.20    0.00    0.00    0.40     6  srcpub
21:50:52     1000     19877    0.20    0.20    0.00    0.00    0.40     9  srcpub
21:50:52     1000     19878    0.40    0.00    0.00    0.00    0.40    12  srcpub
21:50:52     1000     19879    0.20    0.20    0.00    0.00    0.40     8  srcpub
21:50:52     1000     19881    0.20    0.40    0.00    0.00    0.60     5  srcpub
21:50:52     1000     19882    0.20    0.00    0.00    0.00    0.20     6  srcpub
21:50:52     1000     19884    0.20    0.20    0.00    0.00    0.40    14  srcpub
21:50:52     1000     19885    0.00    0.40    0.00    0.00    0.40     6  srcpub
21:50:52     1000     19886    0.20    0.20    0.00    0.00    0.40     5  srcpub
21:50:52     1000     19887    0.20    0.20    0.00    0.00    0.40     4  srcpub
21:50:52     1000     19894    0.00    0.20    0.00    0.00    0.20     1  srcpub
21:50:52     1000     26207    0.20    0.00    0.00    0.00    0.20     7  chrome
21:50:52     1000     26251    0.00    0.20    0.00    0.00    0.20     3  chrome
21:50:52     1000     28824    0.80    0.20    0.00    0.00    1.00    10  chrome
21:50:52     1000     29045    7.80    1.40    0.00    0.00    9.20     5  chrome
21:50:52     1000     29047    0.20    0.20    0.00    0.00    0.40     7  chrome
21:50:52     1000     29091   15.40    1.00    0.00    0.00   16.40     4  chrome
21:50:52      997     30965    0.80    0.40    0.00    0.00    1.20     2  ffmpeg
21:50:52      997     30966    0.40    0.20    0.00    0.00    0.60     6  ffmpeg
21:50:52      997     30967    0.40    0.20    0.00    0.00    0.60     1  ffmpeg
21:50:52      997     30968    0.20    0.20    0.00    0.00    0.40     0  ffmpeg
21:50:52      997     30969    0.20    0.20    0.00    0.00    0.40     0  ffmpeg
21:50:52      997     30970    0.40    0.00    0.00    0.00    0.40    12  ffmpeg
21:50:52      997     30971    0.00    0.40    0.00    0.00    0.40     4  ffmpeg
21:50:52      997     30972    0.40    0.20    0.00    0.00    0.60    10  ffmpeg
21:50:52      997     30973    0.20    0.20    0.00    0.00    0.40    15  ffmpeg
21:50:52      997     30974    0.40    0.20    0.00    0.00    0.60     9  ffmpeg
21:50:52      997     30975    0.20    0.20    0.00    0.00    0.40    15  ffmpeg
21:50:52      997     30976    0.20    0.20    0.00    0.00    0.40    12  ffmpeg
21:50:52      997     30977    0.40    0.20    0.00    0.00    0.60     2  ffmpeg
21:50:52      997     30978    0.20    0.20    0.00    0.00    0.40    13  ffmpeg
21:50:52      997     30979    0.40    0.20    0.00    0.00    0.60    13  ffmpeg
21:50:52      997     30980    0.00    0.20    0.00    0.00    0.20    11  ffmpeg
21:50:52      997     34070    0.60    0.20    0.00    0.00    0.80     2  ffmpeg
21:50:52      997     34071    0.20    0.00    0.00    0.00    0.20    12  ffmpeg
21:50:52      997     34072    0.20    0.00    0.00    0.00    0.20     0  ffmpeg
21:50:52      997     34080    0.20    0.00    0.00    0.00    0.20     9  ffmpeg
21:50:52      997     34081    0.00    0.40    0.00    0.00    0.40    11  ffmpeg
21:50:52      997     34082    0.20    0.20    0.00    0.00    0.40     1  ffmpeg
21:50:52      997     34083    0.20    0.00    0.00    0.00    0.20    12  ffmpeg
21:50:52      997     34084    0.20    0.00    0.00    0.00    0.20     5  ffmpeg
21:50:52      997     34085    0.40    0.00    0.00    0.00    0.40    14  ffmpeg

# Time        UID       PID    %usr %system  %guest   %wait    %CPU   CPU  Command
21:50:57     1000     19830    6.20    4.80    0.00    0.00   11.00    14  mediamtx
21:50:57     1000     19846    0.00    0.20    0.00    0.00    0.20    15  srcpub
21:50:57     1000     19847    0.00    0.20    0.00    0.00    0.20     6  srcpub
21:50:57     1000     19850    0.20    0.20    0.00    0.00    0.40     2  srcpub
21:50:57     1000     19851    0.20    0.00    0.00    0.00    0.20     8  srcpub
21:50:57     1000     19853    0.20    0.20    0.00    0.00    0.40     2  srcpub
21:50:57     1000     19854    0.00    0.20    0.00    0.00    0.20    11  srcpub
21:50:57     1000     19855    0.00    0.20    0.00    0.00    0.20    15  srcpub
21:50:57     1000     19856    0.00    0.20    0.00    0.00    0.20     8  srcpub
21:50:57     1000     19857    0.20    0.00    0.00    0.00    0.20     7  srcpub
21:50:57     1000     19858    0.20    0.20    0.00    0.00    0.40    15  srcpub
21:50:57     1000     19860    0.20    0.20    0.00    0.00    0.40    15  srcpub
21:50:57     1000     19862    0.00    0.20    0.00    0.00    0.20     7  srcpub
21:50:57     1000     19863    0.20    0.20    0.00    0.00    0.40     7  srcpub
21:50:57     1000     19864    0.20    0.00    0.00    0.00    0.20     6  srcpub
21:50:57     1000     19865    0.20    0.20    0.00    0.00    0.40     5  srcpub
21:50:57     1000     19868    0.20    0.20    0.00    0.00    0.40     8  srcpub
21:50:57     1000     19874    0.20    0.20    0.00    0.00    0.40    13  srcpub
21:50:57     1000     19877    0.20    0.20    0.00    0.00    0.40     9  srcpub
21:50:57     1000     19878    0.00    0.20    0.00    0.00    0.20    14  srcpub
21:50:57     1000     19879    0.20    0.20    0.00    0.00    0.40    13  srcpub
21:50:57     1000     19881    0.20    0.20    0.00    0.00    0.40     3  srcpub
21:50:57     1000     19882    0.00    0.20    0.00    0.00    0.20     7  srcpub
21:50:57     1000     19884    0.20    0.00    0.00    0.00    0.20    14  srcpub
21:50:57     1000     19885    0.20    0.20    0.00    0.00    0.40     4  srcpub
21:50:57     1000     19886    0.20    0.20    0.00    0.00    0.40     8  srcpub
21:50:57     1000     19887    0.00    0.20    0.00    0.00    0.20     6  srcpub
21:50:57     1000     19894    0.20    0.20    0.00    0.00    0.40     1  srcpub
21:50:57     1000     26251    0.20    0.00    0.00    0.00    0.20     5  chrome
21:50:57     1000     28824    2.40    0.60    0.00    0.00    3.00     4  chrome
21:50:57     1000     29045    8.00    1.40    0.00    0.00    9.40    10  chrome
21:50:57     1000     29047    0.40    0.40    0.00    0.00    0.80     8  chrome
21:50:57     1000     29081    0.20    0.00    0.00    0.00    0.20     7  chrome
21:50:57     1000     29091   11.80    1.40    0.00    0.00   13.20    11  chrome
21:50:57      997     30965    0.40    0.20    0.00    0.00    0.60     5  ffmpeg
21:50:57      997     30966    0.60    0.40    0.00    0.00    1.00    11  ffmpeg
21:50:57      997     30967    0.20    0.20    0.00    0.00    0.40     1  ffmpeg
21:50:57      997     30968    0.40    0.20    0.00    0.00    0.60     2  ffmpeg
21:50:57      997     30969    0.20    0.00    0.00    0.00    0.20     0  ffmpeg
21:50:57      997     30970    0.40    0.00    0.00    0.00    0.40    12  ffmpeg
21:50:57      997     30971    0.00    0.20    0.00    0.00    0.20     2  ffmpeg
21:50:57      997     30972    0.20    0.00    0.00    0.00    0.20     1  ffmpeg
21:50:57      997     30973    0.20    0.00    0.00    0.00    0.20    14  ffmpeg
21:50:57      997     30974    0.20    0.00    0.00    0.20    0.20     9  ffmpeg
21:50:57      997     30975    0.20    0.20    0.00    0.00    0.40    12  ffmpeg
21:50:57      997     30976    0.20    0.20    0.00    0.00    0.40    12  ffmpeg
21:50:57      997     30977    0.20    0.00    0.00    0.00    0.20     3  ffmpeg
21:50:57      997     30978    0.20    0.00    0.00    0.00    0.20    12  ffmpeg
21:50:57      997     30979    0.20    0.00    0.00    0.00    0.20     1  ffmpeg
21:50:57      997     30980    0.40    0.20    0.00    0.00    0.60     9  ffmpeg
21:50:57      997     35475    0.40    0.20    0.00    0.00    0.60    14  ffmpeg
21:50:57      997     35476    0.40    0.20    0.00    0.00    0.60    10  ffmpeg
21:50:57      997     35477    0.40    0.20    0.00    0.00    0.60     7  ffmpeg
21:50:57      997     35478    0.40    0.20    0.00    0.00    0.60    12  ffmpeg
21:50:57      997     35479    0.40    0.20    0.00    0.00    0.60    13  ffmpeg
21:50:57      997     35480    0.40    0.20    0.00    0.00    0.60     5  ffmpeg
21:50:57      997     35481    0.40    0.20    0.00    0.00    0.60     8  ffmpeg
21:50:57      997     35482    0.40    0.20    0.00    0.00    0.60     7  ffmpeg
21:50:57      997     35483    0.40    0.20    0.00    0.00    0.60    13  ffmpeg

# Time        UID       PID    %usr %system  %guest   %wait    %CPU   CPU  Command
21:51:02     1000     19830    6.00    5.40    0.00    0.00   11.40    14  mediamtx
21:51:02     1000     19846    0.20    0.20    0.00    0.00    0.40     0  srcpub
21:51:02     1000     19847    0.20    0.20    0.00    0.00    0.40     9  srcpub
21:51:02     1000     19849    0.20    0.20    0.00    0.00    0.40     9  srcpub
21:51:02     1000     19850    0.20    0.00    0.00    0.00    0.20    11  srcpub
21:51:02     1000     19851    0.00    0.20    0.00    0.00    0.20     9  srcpub
21:51:02     1000     19853    0.00    0.20    0.00    0.00    0.20    14  srcpub
21:51:02     1000     19854    0.20    0.00    0.00    0.00    0.20     9  srcpub
21:51:02     1000     19855    0.20    0.00    0.00    0.00    0.20     0  srcpub
21:51:02     1000     19856    0.20    0.20    0.00    0.00    0.40    11  srcpub
21:51:02     1000     19857    0.20    0.00    0.00    0.00    0.20    12  srcpub
21:51:02     1000     19860    0.00    0.20    0.00    0.00    0.20     8  srcpub
21:51:02     1000     19863    0.00    0.20    0.00    0.00    0.20    12  srcpub
21:51:02     1000     19864    0.00    0.20    0.00    0.00    0.20     6  srcpub
21:51:02     1000     19865    0.00    0.20    0.00    0.00    0.20    14  srcpub
21:51:02     1000     19868    0.00    0.20    0.00    0.00    0.20     1  srcpub
21:51:02     1000     19877    0.20    0.20    0.00    0.00    0.40    13  srcpub
21:51:02     1000     19878    0.00    0.20    0.00    0.00    0.20    12  srcpub
21:51:02     1000     19879    0.00    0.20    0.00    0.00    0.20     3  srcpub
21:51:02     1000     19881    0.20    0.00    0.00    0.00    0.20     3  srcpub
21:51:02     1000     19882    0.20    0.20    0.00    0.00    0.40     8  srcpub
21:51:02     1000     19884    0.20    0.20    0.00    0.00    0.40     7  srcpub
21:51:02     1000     19885    0.00    0.20    0.00    0.00    0.20     6  srcpub
21:51:02     1000     19887    0.20    0.00    0.00    0.00    0.20    11  srcpub
21:51:02     1000     19894    0.20    0.20    0.00    0.00    0.40    12  srcpub
21:51:02     1000     28824    1.60    1.40    0.00    0.00    3.00    12  chrome
21:51:02     1000     29045    2.40    1.40    0.00    0.00    3.80     2  chrome
21:51:02     1000     29047    0.40    0.40    0.00    0.00    0.80     8  chrome
21:51:02     1000     29091    5.40    1.40    0.00    0.00    6.80     7  chrome
21:51:02     1000     29388    0.20    0.00    0.00    0.00    0.20    14  chrome
21:51:02      997     30965    0.60    0.20    0.00    0.00    0.80    10  ffmpeg
21:51:02      997     30966    0.40    0.20    0.00    0.00    0.60     2  ffmpeg
21:51:02      997     30967    0.20    0.00    0.00    0.00    0.20     4  ffmpeg
21:51:02      997     30968    0.00    0.20    0.00    0.00    0.20     4  ffmpeg
21:51:02      997     30969    0.20    0.20    0.00    0.00    0.40    12  ffmpeg
21:51:02      997     30970    0.20    0.00    0.00    0.00    0.20     0  ffmpeg
21:51:02      997     30971    0.00    0.40    0.00    0.00    0.40    12  ffmpeg
21:51:02      997     30972    0.20    0.20    0.00    0.00    0.40    12  ffmpeg
21:51:02      997     30973    0.20    0.20    0.00    0.00    0.40     8  ffmpeg
21:51:02      997     30974    0.20    0.20    0.00    0.00    0.40     9  ffmpeg
21:51:02      997     30975    0.20    0.20    0.00    0.20    0.40     9  ffmpeg
21:51:02      997     30976    0.00    0.40    0.00    0.00    0.40     1  ffmpeg
21:51:02      997     30977    0.20    0.20    0.00    0.00    0.40     8  ffmpeg
21:51:02      997     30978    0.40    0.20    0.00    0.00    0.60    15  ffmpeg
21:51:02      997     30979    0.20    0.20    0.00    0.00    0.40     4  ffmpeg
21:51:02      997     30980    0.00    0.20    0.00    0.00    0.20     0  ffmpeg
21:51:02      997     35582    0.60    0.40    0.00    0.00    1.00     9  ffmpeg
21:51:02      997     35583    0.40    0.20    0.00    0.00    0.60    13  ffmpeg
21:51:02      997     35584    0.40    0.40    0.00    0.00    0.80    12  ffmpeg
21:51:02      997     35585    0.40    0.20    0.00    0.00    0.60     5  ffmpeg
21:51:02      997     35586    0.40    0.20    0.00    0.00    0.60    13  ffmpeg
21:51:02      997     35587    0.40    0.20    0.00    0.00    0.60    12  ffmpeg
21:51:02      997     35588    0.40    0.20    0.00    0.00    0.60     2  ffmpeg
21:51:02      997     35589    0.20    0.40    0.00    0.00    0.60     3  ffmpeg
21:51:02      997     35590    0.40    0.20    0.00    0.00    0.60     5  ffmpeg

# Time        UID       PID    %usr %system  %guest   %wait    %CPU   CPU  Command
21:51:07     1000     19830    5.20    5.60    0.00    0.00   10.80    14  mediamtx
21:51:07     1000     19846    0.00    0.20    0.00    0.00    0.20     0  srcpub
21:51:07     1000     19847    0.20    0.00    0.00    0.00    0.20     9  srcpub
21:51:07     1000     19851    0.20    0.00    0.00    0.00    0.20    11  srcpub
21:51:07     1000     19853    0.20    0.20    0.00    0.00    0.40    10  srcpub
21:51:07     1000     19854    0.20    0.20    0.00    0.00    0.40     3  srcpub
21:51:07     1000     19855    0.00    0.40    0.00    0.00    0.40     0  srcpub
21:51:07     1000     19857    0.20    0.00    0.00    0.00    0.20     4  srcpub
21:51:07     1000     19858    0.20    0.20    0.00    0.00    0.40     9  srcpub
21:51:07     1000     19860    0.20    0.20    0.00    0.00    0.40     8  srcpub
21:51:07     1000     19862    0.20    0.20    0.00    0.00    0.40     9  srcpub
21:51:07     1000     19863    0.20    0.20    0.00    0.00    0.40     3  srcpub
21:51:07     1000     19864    0.20    0.00    0.00    0.00    0.20     2  srcpub
21:51:07     1000     19865    0.20    0.00    0.00    0.00    0.20     5  srcpub
21:51:07     1000     19868    0.00    0.20    0.00    0.00    0.20     7  srcpub
21:51:07     1000     19874    0.20    0.20    0.00    0.00    0.40    13  srcpub
21:51:07     1000     19877    0.00    0.20    0.00    0.00    0.20    13  srcpub
21:51:07     1000     19878    0.20    0.20    0.00    0.00    0.40    15  srcpub
21:51:07     1000     19879    0.20    0.00    0.00    0.00    0.20     3  srcpub
21:51:07     1000     19881    0.00    0.20    0.00    0.00    0.20     3  srcpub
21:51:07     1000     19885    0.20    0.20    0.00    0.00    0.40     8  srcpub
21:51:07     1000     19886    0.20    0.20    0.00    0.00    0.40    12  srcpub
21:51:07     1000     19887    0.00    0.20    0.00    0.00    0.20    11  srcpub
21:51:07     1000     28824    1.60    0.80    0.00    0.00    2.40    15  chrome
21:51:07     1000     29045    5.40    1.40    0.00    0.00    6.80    11  chrome
21:51:07     1000     29047    0.00    0.20    0.00    0.00    0.20     8  chrome
21:51:07     1000     29091   10.00    1.80    0.00    0.00   11.80    12  chrome
21:51:07      997     30965    0.60    0.40    0.00    0.00    1.00     9  ffmpeg
21:51:07      997     30966    0.40    0.20    0.00    0.00    0.60     6  ffmpeg
21:51:07      997     30967    0.20    0.20    0.00    0.00    0.40     6  ffmpeg
21:51:07      997     30968    0.20    0.20    0.00    0.00    0.40     2  ffmpeg
21:51:07      997     30969    0.20    0.20    0.00    0.00    0.40    14  ffmpeg
21:51:07      997     30970    0.20    0.20    0.00    0.00    0.40     1  ffmpeg
21:51:07      997     30971    0.20    0.20    0.00    0.00    0.40    12  ffmpeg
21:51:07      997     30972    0.20    0.20    0.00    0.00    0.40    12  ffmpeg
21:51:07      997     30973    0.40    0.20    0.00    0.00    0.60     8  ffmpeg
21:51:07      997     30974    0.20    0.20    0.00    0.00    0.40     9  ffmpeg
21:51:07      997     30975    0.20    0.20    0.00    0.00    0.40     9  ffmpeg
21:51:07      997     30976    0.20    0.20    0.00    0.00    0.40     6  ffmpeg
21:51:07      997     30977    0.00    0.20    0.00    0.00    0.20     3  ffmpeg
21:51:07      997     30978    0.00    0.20    0.00    0.00    0.20     0  ffmpeg
21:51:07      997     30979    0.20    0.00    0.00    0.00    0.20     9  ffmpeg
21:51:07      997     30980    0.00    0.40    0.00    0.00    0.40     0  ffmpeg
21:51:07      997     35582    0.40    0.20    0.00    0.00    0.60     9  ffmpeg
21:51:07      997     35583    0.20    0.20    0.00    0.00    0.40    14  ffmpeg
21:51:07      997     35585    0.20    0.00    0.00    0.00    0.20     5  ffmpeg
21:51:07      997     35586    0.20    0.00    0.00    0.00    0.20     0  ffmpeg
21:51:07      997     35587    0.20    0.00    0.00    0.00    0.20     3  ffmpeg
21:51:07      997     35588    0.00    0.20    0.00    0.00    0.20    12  ffmpeg
21:51:07      997     35589    0.20    0.00    0.00    0.00    0.20     4  ffmpeg
21:51:07      997     35590    0.00    0.20    0.00    0.00    0.20     9  ffmpeg

# Time        UID       PID    %usr %system  %guest   %wait    %CPU   CPU  Command
21:51:12     1000     19830    6.00    5.80    0.00    0.00   11.80    14  mediamtx
21:51:12     1000     19846    0.20    0.20    0.00    0.00    0.40     2  srcpub
21:51:12     1000     19847    0.20    0.20    0.00    0.00    0.40    10  srcpub
21:51:12     1000     19849    0.20    0.20    0.00    0.00    0.40    13  srcpub
21:51:12     1000     19850    0.20    0.20    0.00    0.00    0.40    12  srcpub
21:51:12     1000     19851    0.20    0.20    0.00    0.00    0.40     9  srcpub
21:51:12     1000     19853    0.20    0.20    0.00    0.00    0.40    14  srcpub
21:51:12     1000     19855    0.00    0.20    0.00    0.00    0.20     2  srcpub
21:51:12     1000     19856    0.20    0.20    0.00    0.00    0.40    15  srcpub
21:51:12     1000     19857    0.20    0.20    0.00    0.00    0.40     4  srcpub
21:51:12     1000     19858    0.00    0.20    0.00    0.00    0.20     4  srcpub
21:51:12     1000     19860    0.00    0.20    0.00    0.00    0.20     2  srcpub
21:51:12     1000     19862    0.00    0.20    0.00    0.00    0.20     0  srcpub
21:51:12     1000     19863    0.00    0.20    0.00    0.00    0.20    12  srcpub
21:51:12     1000     19864    0.20    0.20    0.00    0.00    0.40     3  srcpub
21:51:12     1000     19865    0.00    0.20    0.00    0.00    0.20    14  srcpub
21:51:12     1000     19868    0.20    0.20    0.00    0.00    0.40     7  srcpub
21:51:12     1000     19874    0.20    0.00    0.00    0.00    0.20     3  srcpub
21:51:12     1000     19877    0.20    0.20    0.00    0.00    0.40     8  srcpub
21:51:12     1000     19878    0.20    0.20    0.00    0.00    0.40     0  srcpub
21:51:12     1000     19879    0.00    0.20    0.00    0.00    0.20     3  srcpub
21:51:12     1000     19881    0.20    0.20    0.00    0.00    0.40    13  srcpub
21:51:12     1000     19882    0.00    0.20    0.00    0.00    0.20    10  srcpub
21:51:12     1000     19884    0.20    0.20    0.00    0.00    0.40     1  srcpub
21:51:12     1000     19885    0.20    0.00    0.00    0.00    0.20     1  srcpub
21:51:12     1000     19886    0.20    0.20    0.00    0.00    0.40    12  srcpub
21:51:12     1000     19887    0.20    0.20    0.00    0.00    0.40    11  srcpub
21:51:12     1000     19894    0.20    0.20    0.00    0.00    0.40    12  srcpub
21:51:12     1000     28824    0.60    0.20    0.00    0.00    0.80     6  chrome
21:51:12     1000     29045    9.20    1.00    0.00    0.00   10.20     1  chrome
21:51:12     1000     29047    0.20    0.20    0.00    0.00    0.40     8  chrome
21:51:12     1000     29091   11.60    0.80    0.00    0.00   12.40     4  chrome
21:51:12      997     30965    0.60    0.20    0.00    0.00    0.80    11  ffmpeg
21:51:12      997     30966    0.40    0.20    0.00    0.00    0.60     8  ffmpeg
21:51:12      997     30967    0.20    0.20    0.00    0.00    0.40     6  ffmpeg
21:51:12      997     30968    0.00    0.20    0.00    0.00    0.20     7  ffmpeg
21:51:12      997     30969    0.20    0.20    0.00    0.00    0.40    11  ffmpeg
21:51:12      997     30970    0.40    0.00    0.00    0.00    0.40     1  ffmpeg
21:51:12      997     30971    0.20    0.20    0.00    0.00    0.40    14  ffmpeg
21:51:12      997     30972    0.20    0.00    0.00    0.00    0.20    12  ffmpeg
21:51:12      997     30973    0.00    0.20    0.00    0.00    0.20     9  ffmpeg
21:51:12      997     30974    0.20    0.20    0.00    0.00    0.40     6  ffmpeg
21:51:12      997     30975    0.00    0.20    0.00    0.00    0.20     9  ffmpeg
21:51:12      997     30976    0.00    0.20    0.00    0.00    0.20     6  ffmpeg
21:51:12      997     30977    0.20    0.20    0.00    0.00    0.40     4  ffmpeg
21:51:12      997     30978    0.40    0.00    0.00    0.00    0.40    15  ffmpeg
21:51:12      997     30979    0.20    0.20    0.00    0.00    0.40    14  ffmpeg
21:51:12      997     30980    0.40    0.00    0.00    0.00    0.40     0  ffmpeg
21:51:12      997     35582    0.60    0.20    0.00    0.00    0.80     7  ffmpeg
21:51:12      997     35584    0.20    0.20    0.00    0.00    0.40     4  ffmpeg
21:51:12      997     35585    0.20    0.20    0.00    0.00    0.40     5  ffmpeg
21:51:12      997     35586    0.20    0.20    0.00    0.00    0.40    13  ffmpeg
21:51:12      997     35587    0.20    0.20    0.00    0.00    0.40    10  ffmpeg
21:51:12      997     35588    0.20    0.00    0.00    0.00    0.20    15  ffmpeg
21:51:12      997     35589    0.20    0.00    0.00    0.00    0.20     3  ffmpeg
21:51:12      997     35590    0.20    0.00    0.00    0.00    0.20     9  ffmpeg

# Time        UID       PID    %usr %system  %guest   %wait    %CPU   CPU  Command
21:51:17     1000     19830    6.20    5.60    0.00    0.00   11.80    14  mediamtx
21:51:17     1000     19846    0.20    0.00    0.00    0.00    0.20     2  srcpub
21:51:17     1000     19849    0.20    0.00    0.00    0.00    0.20    13  srcpub
21:51:17     1000     19850    0.20    0.00    0.00    0.00    0.20    15  srcpub
21:51:17     1000     19851    0.20    0.00    0.00    0.00    0.20    11  srcpub
21:51:17     1000     19854    0.20    0.20    0.00    0.00    0.40    10  srcpub
21:51:17     1000     19855    0.20    0.00    0.00    0.00    0.20     1  srcpub
21:51:17     1000     19856    0.00    0.20    0.00    0.00    0.20    11  srcpub
21:51:17     1000     19857    0.20    0.00    0.00    0.00    0.20     4  srcpub
21:51:17     1000     19858    0.20    0.20    0.00    0.00    0.40    14  srcpub
21:51:17     1000     19860    0.00    0.20    0.00    0.00    0.20     0  srcpub
21:51:17     1000     19862    0.20    0.20    0.00    0.00    0.40    14  srcpub
21:51:17     1000     19863    0.20    0.20    0.00    0.00    0.40    12  srcpub
21:51:17     1000     19865    0.20    0.20    0.00    0.00    0.40    14  srcpub
21:51:17     1000     19868    0.20    0.20    0.00    0.00    0.40     3  srcpub
21:51:17     1000     19874    0.00    0.20    0.00    0.00    0.20     3  srcpub
21:51:17     1000     19877    0.00    0.20    0.00    0.00    0.20    13  srcpub
21:51:17     1000     19878    0.00    0.20    0.00    0.00    0.20     0  srcpub
21:51:17     1000     19879    0.20    0.20    0.00    0.00    0.40    12  srcpub
21:51:17     1000     19881    0.00    0.20    0.00    0.00    0.20     9  srcpub
21:51:17     1000     19882    0.20    0.20    0.00    0.00    0.40    10  srcpub
21:51:17     1000     19884    0.20    0.20    0.00    0.00    0.40     0  srcpub
21:51:17     1000     19885    0.00    0.20    0.00    0.00    0.20    10  srcpub
21:51:17     1000     19886    0.00    0.20    0.00    0.00    0.20    11  srcpub
21:51:17     1000     19894    0.00    0.20    0.00    0.00    0.20    14  srcpub
21:51:17     1000     29045    5.60    1.00    0.00    0.00    6.60     6  chrome
21:51:17     1000     29047    0.20    0.20    0.00    0.00    0.40     3  chrome
21:51:17     1000     29091   11.20    1.00    0.00    0.00   12.20     7  chrome
21:51:17      997     30965    0.60    0.40    0.00    0.00    1.00     7  ffmpeg
21:51:17      997     30966    0.40    0.40    0.00    0.00    0.80     5  ffmpeg
21:51:17      997     30967    0.20    0.00    0.00    0.00    0.20     6  ffmpeg
21:51:17      997     30968    0.20    0.40    0.00    0.00    0.60     8  ffmpeg
21:51:17      997     30969    0.40    0.00    0.00    0.00    0.40    10  ffmpeg
21:51:17      997     30970    0.20    0.20    0.00    0.00    0.40     5  ffmpeg
21:51:17      997     30971    0.00    0.40    0.00    0.00    0.40    14  ffmpeg
21:51:17      997     30972    0.20    0.20    0.00    0.00    0.40    13  ffmpeg
21:51:17      997     30973    0.40    0.20    0.00    0.00    0.60    11  ffmpeg
21:51:17      997     30974    0.20    0.00    0.00    0.00    0.20     8  ffmpeg
21:51:17      997     30975    0.20    0.20    0.00    0.00    0.40     2  ffmpeg
21:51:17      997     30976    0.20    0.40    0.00    0.00    0.60    10  ffmpeg
21:51:17      997     30977    0.20    0.20    0.00    0.00    0.40     3  ffmpeg
21:51:17      997     30978    0.20    0.00    0.00    0.00    0.20     0  ffmpeg
21:51:17      997     30979    0.20    0.20    0.00    0.00    0.40    11  ffmpeg
21:51:17      997     30980    0.00    0.20    0.00    0.00    0.20     9  ffmpeg
21:51:17      997     35582    0.60    0.20    0.00    0.00    0.80     0  ffmpeg
21:51:17      997     35583    0.20    0.20    0.00    0.00    0.40    12  ffmpeg
21:51:17      997     35584    0.20    0.00    0.00    0.00    0.20     4  ffmpeg
21:51:17      997     35588    0.20    0.20    0.00    0.00    0.40    12  ffmpeg
21:51:17      997     35589    0.20    0.20    0.00    0.00    0.40    13  ffmpeg
21:51:17      997     35590    0.20    0.20    0.00    0.00    0.40     4  ffmpeg

# Time        UID       PID    %usr %system  %guest   %wait    %CPU   CPU  Command
21:51:22     1000     19830    8.00    5.60    0.00    0.00   13.60    14  mediamtx
21:51:22     1000     19846    0.20    0.40    0.00    0.00    0.60     5  srcpub
21:51:22     1000     19847    0.20    0.40    0.00    0.00    0.60    10  srcpub
21:51:22     1000     19849    0.00    0.40    0.00    0.00    0.40    14  srcpub
21:51:22     1000     19850    0.20    0.20    0.00    0.00    0.40     6  srcpub
21:51:22     1000     19851    0.20    0.20    0.00    0.00    0.40    12  srcpub
21:51:22     1000     19853    0.20    0.40    0.00    0.00    0.60    14  srcpub
21:51:22     1000     19855    0.20    0.20    0.00    0.00    0.40     1  srcpub
21:51:22     1000     19856    0.20    0.20    0.00    0.00    0.40    15  srcpub
21:51:22     1000     19857    0.20    0.20    0.00    0.00    0.40     4  srcpub
21:51:22     1000     19858    0.00    0.20    0.00    0.00    0.20    14  srcpub
21:51:22     1000     19860    0.20    0.20    0.00    0.00    0.40     4  srcpub
21:51:22     1000     19862    0.20    0.20    0.00    0.00    0.40     0  srcpub
21:51:22     1000     19863    0.20    0.20    0.00    0.00    0.40     7  srcpub
21:51:22     1000     19864    0.40    0.00    0.00    0.00    0.40     7  srcpub
21:51:22     1000     19865    0.20    0.20    0.00    0.00    0.40     7  srcpub
21:51:22     1000     19868    0.20    0.20    0.00    0.00    0.40     8  srcpub
21:51:22     1000     19874    0.20    0.00    0.00    0.00    0.20     0  srcpub
21:51:22     1000     19877    0.20    0.20    0.00    0.00    0.40    13  srcpub
21:51:22     1000     19878    0.40    0.20    0.00    0.00    0.60     0  srcpub
21:51:22     1000     19879    0.20    0.00    0.00    0.00    0.20     0  srcpub
21:51:22     1000     19881    0.40    0.20    0.00    0.00    0.60    15  srcpub
21:51:22     1000     19884    0.00    0.20    0.00    0.00    0.20    11  srcpub
21:51:22     1000     19885    0.40    0.20    0.00    0.00    0.60     7  srcpub
21:51:22     1000     19886    0.20    0.20    0.00    0.00    0.40    11  srcpub
21:51:22     1000     19887    0.20    0.20    0.00    0.00    0.40    13  srcpub
21:51:22     1000     19894    0.20    0.20    0.00    0.00    0.40    12  srcpub
21:51:22     1000     26256    0.20    0.00    0.00    0.00    0.20     7  chrome
21:51:22     1000     28824    0.20    0.00    0.00    0.00    0.20    15  chrome
21:51:22     1000     29045    6.60    1.00    0.00    0.00    7.60     8  chrome
21:51:22     1000     29047    0.20    0.20    0.00    0.00    0.40     3  chrome
21:51:22     1000     29091   13.60    1.00    0.00    0.00   14.60     7  chrome
21:51:22      997     30965    0.60    0.40    0.00    0.00    1.00    13  ffmpeg
21:51:22      997     30966    0.60    0.20    0.00    0.00    0.80    15  ffmpeg
21:51:22      997     30967    0.40    0.20    0.00    0.00    0.60    13  ffmpeg
21:51:22      997     30968    0.20    0.20    0.00    0.00    0.40     7  ffmpeg
21:51:22      997     30969    0.20    0.20    0.00    0.00    0.40    10  ffmpeg
21:51:22      997     30970    0.20    0.20    0.00    0.00    0.40    15  ffmpeg
21:51:22      997     30971    0.20    0.20    0.00    0.00    0.40     3  ffmpeg
21:51:22      997     30972    0.20    0.20    0.00    0.00    0.40     3  ffmpeg
21:51:22      997     30973    0.20    0.00    0.00    0.00    0.20    10  ffmpeg
21:51:22      997     30974    0.20    0.20    0.00    0.00    0.40     8  ffmpeg
21:51:22      997     30975    0.20    0.20    0.00    0.00    0.40     9  ffmpeg
21:51:22      997     30976    0.20    0.20    0.00    0.00    0.40    11  ffmpeg
21:51:22      997     30977    0.20    0.20    0.00    0.00    0.40     3  ffmpeg
21:51:22      997     30978    0.00    0.40    0.00    0.00    0.40     4  ffmpeg
21:51:22      997     30979    0.20    0.20    0.00    0.00    0.40     1  ffmpeg
21:51:22      997     30980    0.20    0.40    0.00    0.00    0.60    10  ffmpeg
21:51:22      997     35582    0.60    0.00    0.00    0.00    0.60    14  ffmpeg
21:51:22      997     35583    0.00    0.20    0.00    0.00    0.20    14  ffmpeg
21:51:22      997     35584    0.20    0.20    0.00    0.00    0.40     8  ffmpeg
21:51:22      997     35585    0.20    0.20    0.00    0.00    0.40    12  ffmpeg
21:51:22      997     35586    0.20    0.20    0.00    0.00    0.40     1  ffmpeg
21:51:22      997     35587    0.20    0.00    0.00    0.00    0.20    13  ffmpeg
21:51:22      997     35588    0.20    0.00    0.00    0.00    0.20    12  ffmpeg
21:51:22      997     35589    0.20    0.00    0.00    0.00    0.20    13  ffmpeg
21:51:22      997     35590    0.20    0.00    0.00    0.00    0.20     9  ffmpeg

# Time        UID       PID    %usr %system  %guest   %wait    %CPU   CPU  Command
21:51:27     1000     19830    6.60    5.60    0.00    0.00   12.20    14  mediamtx
21:51:27     1000     19846    0.20    0.00    0.00    0.00    0.20     2  srcpub
21:51:27     1000     19847    0.20    0.00    0.00    0.00    0.20    15  srcpub
21:51:27     1000     19849    0.20    0.00    0.00    0.00    0.20    11  srcpub
21:51:27     1000     19850    0.00    0.20    0.00    0.00    0.20     9  srcpub
21:51:27     1000     19851    0.00    0.20    0.00    0.00    0.20    14  srcpub
21:51:27     1000     19853    0.20    0.20    0.00    0.00    0.40    14  srcpub
21:51:27     1000     19854    0.20    0.20    0.00    0.00    0.40     0  srcpub
21:51:27     1000     19855    0.00    0.20    0.00    0.00    0.20    11  srcpub
21:51:27     1000     19857    0.40    0.00    0.00    0.00    0.40     5  srcpub
21:51:27     1000     19858    0.20    0.00    0.00    0.00    0.20    14  srcpub
21:51:27     1000     19860    0.20    0.00    0.00    0.00    0.20    12  srcpub
21:51:27     1000     19863    0.20    0.20    0.00    0.00    0.40    12  srcpub
21:51:27     1000     19864    0.00    0.20    0.00    0.00    0.20    11  srcpub
21:51:27     1000     19865    0.20    0.00    0.00    0.00    0.20     7  srcpub
21:51:27     1000     19868    0.00    0.20    0.00    0.00    0.20     4  srcpub
21:51:27     1000     19874    0.20    0.00    0.00    0.00    0.20     0  srcpub
21:51:27     1000     19877    0.20    0.00    0.00    0.00    0.20    13  srcpub
21:51:27     1000     19878    0.20    0.20    0.00    0.00    0.40     0  srcpub
21:51:27     1000     19879    0.20    0.20    0.00    0.00    0.40    14  srcpub
21:51:27     1000     19882    0.20    0.20    0.00    0.00    0.40    13  srcpub
21:51:27     1000     19884    0.20    0.20    0.00    0.00    0.40    11  srcpub
21:51:27     1000     19885    0.00    0.20    0.00    0.00    0.20     7  srcpub
21:51:27     1000     19886    0.20    0.00    0.00    0.00    0.20    11  srcpub
21:51:27     1000     19887    0.20    0.00    0.00    0.00    0.20    11  srcpub
21:51:27     1000     19894    0.20    0.20    0.00    0.00    0.40    14  srcpub
21:51:27     1000     26207    0.20    0.00    0.00    0.00    0.20    14  chrome
21:51:27     1000     29045    5.40    0.80    0.00    0.00    6.20    14  chrome
21:51:27     1000     29047    0.20    0.20    0.00    0.00    0.40     3  chrome
21:51:27     1000     29091   11.60    0.80    0.00    0.00   12.40     7  chrome
21:51:27      997     30965    0.60    0.20    0.00    0.00    0.80    13  ffmpeg
21:51:27      997     30966    0.60    0.40    0.00    0.00    1.00    12  ffmpeg
21:51:27      997     30967    0.20    0.00    0.00    0.00    0.20    13  ffmpeg
21:51:27      997     30968    0.00    0.20    0.00    0.00    0.20     2  ffmpeg
21:51:27      997     30969    0.20    0.00    0.00    0.00    0.20    13  ffmpeg
21:51:27      997     30970    0.20    0.00    0.00    0.00    0.20    15  ffmpeg
21:51:27      997     30971    0.00    0.40    0.00    0.00    0.40    10  ffmpeg
21:51:27      997     30972    0.20    0.00    0.00    0.00    0.20     3  ffmpeg
21:51:27      997     30973    0.20    0.20    0.00    0.00    0.40     9  ffmpeg
21:51:27      997     30974    0.20    0.20    0.00    0.00    0.40    15  ffmpeg
21:51:27      997     30975    0.20    0.20    0.00    0.00    0.40     3  ffmpeg
21:51:27      997     30976    0.20    0.00    0.00    0.00    0.20     2  ffmpeg
21:51:27      997     30977    0.20    0.20    0.00    0.00    0.40     1  ffmpeg
21:51:27      997     30978    0.20    0.20    0.00    0.00    0.40    13  ffmpeg
21:51:27      997     30979    0.40    0.00    0.00    0.00    0.40    15  ffmpeg
21:51:27      997     30980    0.20    0.20    0.00    0.00    0.40    10  ffmpeg
21:51:27      997     35582    0.60    0.20    0.00    0.00    0.80    11  ffmpeg
21:51:27      997     35583    0.20    0.00    0.00    0.00    0.20     4  ffmpeg
21:51:27      997     35585    0.20    0.00    0.00    0.00    0.20    12  ffmpeg
21:51:27      997     35586    0.20    0.00    0.00    0.00    0.20    12  ffmpeg
21:51:27      997     35587    0.20    0.20    0.00    0.00    0.40    10  ffmpeg
21:51:27      997     35588    0.00    0.20    0.00    0.00    0.20    10  ffmpeg
21:51:27      997     35589    0.00    0.20    0.00    0.00    0.20    13  ffmpeg

# Time        UID       PID    %usr %system  %guest   %wait    %CPU   CPU  Command
21:51:32     1000     19830    6.80    5.00    0.00    0.00   11.80    14  mediamtx
21:51:32     1000     19846    0.20    0.20    0.00    0.00    0.40     2  srcpub
21:51:32     1000     19847    0.20    0.00    0.00    0.00    0.20    14  srcpub
21:51:32     1000     19849    0.20    0.20    0.00    0.00    0.40     1  srcpub
21:51:32     1000     19850    0.20    0.00    0.00    0.00    0.20     9  srcpub
21:51:32     1000     19851    0.20    0.20    0.00    0.00    0.40    12  srcpub
21:51:32     1000     19853    0.00    0.20    0.00    0.00    0.20     6  srcpub
21:51:32     1000     19854    0.20    0.00    0.00    0.00    0.20     2  srcpub
21:51:32     1000     19855    0.00    0.20    0.00    0.00    0.20    13  srcpub
21:51:32     1000     19856    0.20    0.20    0.00    0.00    0.40    13  srcpub
21:51:32     1000     19857    0.20    0.20    0.00    0.00    0.40     7  srcpub
21:51:32     1000     19858    0.20    0.00    0.00    0.00    0.20     0  srcpub
21:51:32     1000     19860    0.20    0.20    0.00    0.00    0.40    12  srcpub
21:51:32     1000     19862    0.20    0.20    0.00    0.00    0.40     3  srcpub
21:51:32     1000     19863    0.20    0.20    0.00    0.00    0.40    12  srcpub
21:51:32     1000     19864    0.20    0.00    0.00    0.00    0.20    13  srcpub
21:51:32     1000     19865    0.00    0.20    0.00    0.00    0.20     8  srcpub
21:51:32     1000     19868    0.20    0.20    0.00    0.00    0.40     4  srcpub
21:51:32     1000     19874    0.40    0.00    0.00    0.00    0.40    15  srcpub
21:51:32     1000     19877    0.20    0.20    0.00    0.00    0.40     0  srcpub
21:51:32     1000     19878    0.00    0.20    0.00    0.00    0.20     0  srcpub
21:51:32     1000     19879    0.00    0.20    0.00    0.00    0.20    13  srcpub
21:51:32     1000     19881    0.20    0.40    0.00    0.00    0.60     6  srcpub
21:51:32     1000     19882    0.00    0.20    0.00    0.00    0.20    14  srcpub
21:51:32     1000     19884    0.20    0.20    0.00    0.00    0.40     6  srcpub
21:51:32     1000     19885    0.40    0.00    0.00    0.00    0.40     1  srcpub
21:51:32     1000     19886    0.20    0.20    0.00    0.00    0.40    11  srcpub
21:51:32     1000     19887    0.20    0.20    0.00    0.00    0.40    11  srcpub
21:51:32     1000     19894    0.20    0.20    0.00    0.00    0.40    12  srcpub
21:51:32     1000     28824    0.00    0.20    0.00    0.00    0.20    14  chrome
21:51:32     1000     29045    5.40    0.80    0.00    0.00    6.20     6  chrome
21:51:32     1000     29047    0.20    0.20    0.00    0.00    0.40     3  chrome
21:51:32     1000     29091   11.00    0.80    0.00    0.00   11.80     3  chrome
21:51:32      997     30965    0.40    0.40    0.00    0.00    0.80    14  ffmpeg
21:51:32      997     30966    0.40    0.20    0.00    0.00    0.60     7  ffmpeg
21:51:32      997     30967    0.20    0.20    0.00    0.00    0.40    14  ffmpeg
21:51:32      997     30968    0.00    0.40    0.00    0.00    0.40    14  ffmpeg
21:51:32      997     30969    0.40    0.20    0.00    0.00    0.60     7  ffmpeg
21:51:32      997     30970    0.20    0.20    0.00    0.00    0.40     1  ffmpeg
21:51:32      997     30972    0.40    0.20    0.00    0.00    0.60     3  ffmpeg
21:51:32      997     30973    0.20    0.00    0.00    0.00    0.20    15  ffmpeg
21:51:32      997     30974    0.40    0.00    0.00    0.00    0.40     2  ffmpeg
21:51:32      997     30975    0.20    0.20    0.00    0.00    0.40     1  ffmpeg
21:51:32      997     30976    0.20    0.20    0.00    0.00    0.40     3  ffmpeg
21:51:32      997     30977    0.40    0.00    0.00    0.00    0.40    15  ffmpeg
21:51:32      997     30978    0.20    0.20    0.00    0.00    0.40    12  ffmpeg
21:51:32      997     30979    0.00    0.20    0.00    0.00    0.20     9  ffmpeg
21:51:32      997     30980    0.00    0.20    0.00    0.00    0.20    13  ffmpeg
21:51:32      997     35582    0.40    0.20    0.00    0.00    0.60    12  ffmpeg
21:51:32      997     35583    0.20    0.00    0.00    0.00    0.20     0  ffmpeg
21:51:32      997     35584    0.20    0.20    0.00    0.00    0.40    15  ffmpeg
21:51:32      997     35585    0.00    0.20    0.00    0.00    0.20    12  ffmpeg
21:51:32      997     35586    0.20    0.00    0.00    0.00    0.20     0  ffmpeg
21:51:32      997     35587    0.20    0.00    0.00    0.00    0.20    12  ffmpeg
21:51:32      997     35588    0.20    0.00    0.00    0.00    0.20     0  ffmpeg
21:51:32      997     35589    0.20    0.00    0.00    0.00    0.20     1  ffmpeg
21:51:32      997     35590    0.20    0.20    0.00    0.00    0.40    10  ffmpeg

# Time        UID       PID    %usr %system  %guest   %wait    %CPU   CPU  Command
21:51:37     1000     19830    6.00    5.40    0.00    0.00   11.40    14  mediamtx
21:51:37     1000     19846    0.00    0.20    0.00    0.00    0.20     5  srcpub
21:51:37     1000     19847    0.20    0.20    0.00    0.00    0.40     1  srcpub
21:51:37     1000     19849    0.20    0.00    0.00    0.00    0.20    15  srcpub
21:51:37     1000     19850    0.20    0.20    0.00    0.00    0.40     9  srcpub
21:51:37     1000     19851    0.20    0.00    0.00    0.00    0.20    12  srcpub
21:51:37     1000     19853    0.20    0.20    0.00    0.00    0.40    14  srcpub
21:51:37     1000     19854    0.20    0.00    0.00    0.00    0.20     7  srcpub
21:51:37     1000     19855    0.20    0.20    0.00    0.00    0.40    10  srcpub
21:51:37     1000     19856    0.00    0.20    0.00    0.00    0.20     1  srcpub
21:51:37     1000     19858    0.20    0.00    0.00    0.00    0.20     0  srcpub
21:51:37     1000     19860    0.20    0.20    0.00    0.00    0.40    12  srcpub
21:51:37     1000     19862    0.00    0.20    0.00    0.00    0.20     5  srcpub
21:51:37     1000     19863    0.20    0.00    0.00    0.00    0.20    12  srcpub
21:51:37     1000     19864    0.20    0.20    0.00    0.00    0.40     6  srcpub
21:51:37     1000     19865    0.20    0.20    0.00    0.00    0.40     4  srcpub
21:51:37     1000     19868    0.20    0.20    0.00    0.00    0.40     8  srcpub
21:51:37     1000     19874    0.20    0.00    0.00    0.00    0.20     0  srcpub
21:51:37     1000     19877    0.00    0.20    0.00    0.00    0.20    13  srcpub
21:51:37     1000     19878    0.20    0.20    0.00    0.00    0.40     0  srcpub
21:51:37     1000     19879    0.20    0.00    0.00    0.00    0.20    13  srcpub
21:51:37     1000     19881    0.00    0.20    0.00    0.00    0.20     4  srcpub
21:51:37     1000     19882    0.20    0.00    0.00    0.00    0.20    12  srcpub
21:51:37     1000     19884    0.20    0.00    0.00    0.00    0.20    12  srcpub
21:51:37     1000     19885    0.00    0.20    0.00    0.00    0.20     8  srcpub
21:51:37     1000     19886    0.20    0.20    0.00    0.00    0.40    11  srcpub
21:51:37     1000     19887    0.20    0.00    0.00    0.00    0.20    11  srcpub
21:51:37     1000     19894    0.00    0.20    0.00    0.00    0.20    12  srcpub
21:51:37     1000     26251    0.20    0.20    0.00    0.00    0.40    12  chrome
21:51:37     1000     28824    1.60    0.40    0.00    0.00    2.00     1  chrome
21:51:37     1000     29045    8.00    1.60    0.00    0.00    9.60     7  chrome
21:51:37     1000     29091   12.00    1.20    0.00    0.00   13.20     9  chrome
21:51:37      997     30965    0.60    0.40    0.00    0.00    1.00     8  ffmpeg
21:51:37      997     30966    0.40    0.20    0.00    0.00    0.60     8  ffmpeg
21:51:37      997     30967    0.20    0.00    0.00    0.00    0.20     1  ffmpeg
21:51:37      997     30968    0.20    0.20    0.00    0.00    0.40     9  ffmpeg
21:51:37      997     30969    0.20    0.00    0.00    0.00    0.20    13  ffmpeg
21:51:37      997     30970    0.20    0.20    0.00    0.00    0.40    12  ffmpeg
21:51:37      997     30971    0.20    0.20    0.00    0.00    0.40     3  ffmpeg
21:51:37      997     30972    0.20    0.20    0.00    0.00    0.40    13  ffmpeg
21:51:37      997     30973    0.20    0.20    0.00    0.00    0.40    14  ffmpeg
21:51:37      997     30974    0.20    0.20    0.00    0.00    0.40     2  ffmpeg
21:51:37      997     30975    0.00    0.20    0.00    0.00    0.20     3  ffmpeg
21:51:37      997     30976    0.20    0.20    0.00    0.00    0.40     7  ffmpeg
21:51:37      997     30977    0.20    0.20    0.00    0.00    0.40     3  ffmpeg
21:51:37      997     30978    0.20    0.00    0.00    0.00    0.20     7  ffmpeg
21:51:37      997     30979    0.20    0.20    0.00    0.00    0.40    10  ffmpeg
21:51:37      997     30980    0.20    0.20    0.00    0.00    0.40    13  ffmpeg
21:51:37      997     35582    0.60    0.20    0.00    0.00    0.80    14  ffmpeg
21:51:37      997     35583    0.20    0.20    0.00    0.00    0.40     9  ffmpeg
21:51:37      997     35584    0.20    0.00    0.00    0.00    0.20    13  ffmpeg
21:51:37      997     35585    0.20    0.00    0.00    0.00    0.20    12  ffmpeg
21:51:37      997     35586    0.00    0.20    0.00    0.00    0.20     0  ffmpeg
21:51:37      997     35587    0.20    0.20    0.00    0.00    0.40    14  ffmpeg
21:51:37      997     35588    0.20    0.00    0.00    0.00    0.20     0  ffmpeg
21:51:37      997     35589    0.20    0.00    0.00    0.00    0.20     7  ffmpeg
21:51:37      997     35590    0.20    0.00    0.00    0.00    0.20     9  ffmpeg

# Time        UID       PID    %usr %system  %guest   %wait    %CPU   CPU  Command
21:51:42     1000     19830    6.40    5.00    0.00    0.00   11.40    14  mediamtx
21:51:42     1000     19846    0.20    0.20    0.00    0.00    0.40     2  srcpub
21:51:42     1000     19847    0.00    0.20    0.00    0.00    0.20     8  srcpub
21:51:42     1000     19849    0.00    0.20    0.00    0.00    0.20    15  srcpub
21:51:42     1000     19851    0.20    0.20    0.00    0.00    0.40    12  srcpub
21:51:42     1000     19853    0.00    0.20    0.00    0.00    0.20     7  srcpub
21:51:42     1000     19854    0.00    0.20    0.00    0.00    0.20     8  srcpub
21:51:42     1000     19855    0.00    0.20    0.00    0.00    0.20    13  srcpub
21:51:42     1000     19856    0.00    0.20    0.00    0.00    0.20     1  srcpub
21:51:42     1000     19857    0.20    0.00    0.00    0.00    0.20    13  srcpub
21:51:42     1000     19858    0.20    0.20    0.00    0.00    0.40     0  srcpub
21:51:42     1000     19860    0.00    0.20    0.00    0.00    0.20    12  srcpub
21:51:42     1000     19862    0.20    0.20    0.00    0.00    0.40    13  srcpub
21:51:42     1000     19863    0.00    0.20    0.00    0.00    0.20     7  srcpub
21:51:42     1000     19864    0.20    0.00    0.00    0.00    0.20     8  srcpub
21:51:42     1000     19865    0.00    0.20    0.00    0.00    0.20     8  srcpub
21:51:42     1000     19874    0.20    0.00    0.00    0.00    0.20    15  srcpub
21:51:42     1000     19877    0.20    0.20    0.00    0.00    0.40     0  srcpub
21:51:42     1000     19878    0.20    0.00    0.00    0.00    0.20     9  srcpub
21:51:42     1000     19879    0.20    0.20    0.00    0.00    0.40     9  srcpub
21:51:42     1000     19881    0.20    0.00    0.00    0.00    0.20     7  srcpub
21:51:42     1000     19882    0.00    0.20    0.00    0.00    0.20    12  srcpub
21:51:42     1000     19884    0.00    0.20    0.00    0.00    0.20    12  srcpub
21:51:42     1000     19885    0.20    0.00    0.00    0.00    0.20     6  srcpub
21:51:42     1000     19886    0.00    0.20    0.00    0.00    0.20    11  srcpub
21:51:42     1000     19887    0.00    0.20    0.00    0.00    0.20    11  srcpub
21:51:42     1000     19894    0.20    0.20    0.00    0.00    0.40    12  srcpub
21:51:42     1000     28824    1.20    0.40    0.00    0.00    1.60     7  chrome
21:51:42     1000     29045    9.20    1.20    0.00    0.00   10.40    13  chrome
21:51:42     1000     29047    0.20    0.40    0.00    0.00    0.60     3  chrome
21:51:42     1000     29091   11.80    1.00    0.00    0.00   12.80     9  chrome
21:51:42      997     30965    0.60    0.20    0.00    0.00    0.80     5  ffmpeg
21:51:42      997     30966    0.60    0.20    0.00    0.00    0.80    15  ffmpeg
21:51:42      997     30967    0.40    0.20    0.00    0.00    0.60     1  ffmpeg
21:51:42      997     30968    0.20    0.20    0.00    0.00    0.40     9  ffmpeg
21:51:42      997     30969    0.20    0.20    0.00    0.00    0.40    12  ffmpeg
21:51:42      997     30970    0.20    0.00    0.00    0.00    0.20     0  ffmpeg
21:51:42      997     30971    0.00    0.40    0.00    0.00    0.40     6  ffmpeg
21:51:42      997     30972    0.20    0.00    0.00    0.00    0.20    13  ffmpeg
21:51:42      997     30973    0.20    0.20    0.00    0.00    0.40    12  ffmpeg
21:51:42      997     30974    0.20    0.20    0.00    0.00    0.40     9  ffmpeg
21:51:42      997     30975    0.20    0.20    0.00    0.00    0.40     1  ffmpeg
21:51:42      997     30976    0.00    0.40    0.00    0.00    0.40     1  ffmpeg
21:51:42      997     30977    0.20    0.00    0.00    0.00    0.20    14  ffmpeg
21:51:42      997     30978    0.20    0.20    0.00    0.00    0.40     7  ffmpeg
21:51:42      997     30979    0.40    0.00    0.00    0.00    0.40    14  ffmpeg
21:51:42      997     30980    0.00    0.40    0.00    0.00    0.40     0  ffmpeg
21:51:42      997     35582    0.40    0.20    0.00    0.00    0.60     0  ffmpeg
21:51:42      997     35583    0.20    0.00    0.00    0.00    0.20     9  ffmpeg
21:51:42      997     35585    0.20    0.00    0.00    0.00    0.20    12  ffmpeg
21:51:42      997     35586    0.20    0.00    0.00    0.00    0.20     0  ffmpeg
21:51:42      997     35588    0.00    0.20    0.00    0.00    0.20    14  ffmpeg
21:51:42      997     35589    0.20    0.20    0.00    0.00    0.40    13  ffmpeg
21:51:42      997     35590    0.00    0.20    0.00    0.00    0.20    15  ffmpeg

# Time        UID       PID    %usr %system  %guest   %wait    %CPU   CPU  Command
21:51:47     1000     19830    6.00    5.00    0.00    0.00   11.00    14  mediamtx
21:51:47     1000     19847    0.20    0.00    0.00    0.00    0.20     8  srcpub
21:51:47     1000     19849    0.20    0.20    0.00    0.00    0.40     0  srcpub
21:51:47     1000     19850    0.20    0.20    0.00    0.00    0.40    14  srcpub
21:51:47     1000     19853    0.20    0.00    0.00    0.00    0.20     7  srcpub
21:51:47     1000     19854    0.20    0.00    0.00    0.00    0.20     8  srcpub
21:51:47     1000     19855    0.00    0.20    0.00    0.00    0.20    11  srcpub
21:51:47     1000     19856    0.00    0.20    0.00    0.00    0.20    13  srcpub
21:51:47     1000     19857    0.20    0.20    0.00    0.00    0.40     5  srcpub
21:51:47     1000     19858    0.00    0.20    0.00    0.00    0.20    14  srcpub
21:51:47     1000     19863    0.20    0.20    0.00    0.00    0.40     7  srcpub
21:51:47     1000     19864    0.00    0.20    0.00    0.00    0.20     1  srcpub
21:51:47     1000     19865    0.20    0.00    0.00    0.00    0.20     4  srcpub
21:51:47     1000     19868    0.00    0.40    0.00    0.00    0.40     7  srcpub
21:51:47     1000     19874    0.20    0.00    0.00    0.00    0.20     0  srcpub
21:51:47     1000     19877    0.00    0.20    0.00    0.00    0.20     0  srcpub
21:51:47     1000     19878    0.00    0.20    0.00    0.00    0.20     0  srcpub
21:51:47     1000     19879    0.00    0.20    0.00    0.00    0.20     9  srcpub
21:51:47     1000     19881    0.20    0.20    0.00    0.00    0.40     2  srcpub
21:51:47     1000     19882    0.00    0.20    0.00    0.00    0.20    14  srcpub
21:51:47     1000     19884    0.20    0.20    0.00    0.00    0.40    15  srcpub
21:51:47     1000     19885    0.20    0.20    0.00    0.00    0.40     4  srcpub
21:51:47     1000     19886    0.20    0.20    0.00    0.00    0.40    14  srcpub
21:51:47     1000     19887    0.20    0.20    0.00    0.00    0.40     7  srcpub
21:51:47     1000     19894    0.20    0.00    0.00    0.00    0.20    12  srcpub
21:51:47     1000     28824    2.20    0.40    0.00    0.20    2.60    12  chrome
21:51:47     1000     29045    7.80    1.40    0.00    0.00    9.20    13  chrome
21:51:47     1000     29047    0.20    0.00    0.00    0.00    0.20     3  chrome
21:51:47     1000     29091   12.40    0.80    0.00    0.00   13.20     0  chrome
21:51:47      997     30965    0.60    0.20    0.00    0.00    0.80     8  ffmpeg
21:51:47      997     30966    0.40    0.20    0.00    0.00    0.60    10  ffmpeg
21:51:47      997     30967    0.20    0.00    0.00    0.00    0.20     2  ffmpeg
21:51:47      997     30968    0.20    0.20    0.00    0.00    0.40     9  ffmpeg
21:51:47      997     30969    0.20    0.20    0.00    0.00    0.40    13  ffmpeg
21:51:47      997     30970    0.20    0.20    0.00    0.00    0.40     1  ffmpeg
21:51:47      997     30971    0.00    0.40    0.00    0.00    0.40     6  ffmpeg
21:51:47      997     30972    0.20    0.20    0.00    0.00    0.40    13  ffmpeg
21:51:47      997     30973    0.00    0.20    0.00    0.00    0.20    14  ffmpeg
21:51:47      997     30974    0.20    0.00    0.00    0.00    0.20    12  ffmpeg
21:51:47      997     30975    0.00    0.20    0.00    0.00    0.20     4  ffmpeg
21:51:47      997     30976    0.20    0.20    0.00    0.00    0.40     1  ffmpeg
21:51:47      997     30977    0.20    0.20    0.00    0.00    0.40     4  ffmpeg
21:51:47      997     30978    0.40    0.00    0.00    0.00    0.40     5  ffmpeg
21:51:47      997     30979    0.20    0.20    0.00    0.00    0.40    10  ffmpeg
21:51:47      997     30980    0.00    0.40    0.00    0.00    0.40     2  ffmpeg
21:51:47      997     35582    0.40    0.40    0.00    0.00    0.80     6  ffmpeg
21:51:47      997     35583    0.00    0.20    0.00    0.00    0.20     2  ffmpeg
21:51:47      997     35584    0.20    0.20    0.00    0.00    0.40    15  ffmpeg
21:51:47      997     35585    0.00    0.20    0.00    0.00    0.20    14  ffmpeg
21:51:47      997     35586    0.20    0.20    0.00    0.00    0.40     0  ffmpeg
21:51:47      997     35587    0.20    0.00    0.00    0.00    0.20    10  ffmpeg
21:51:47      997     35588    0.20    0.00    0.00    0.00    0.20    14  ffmpeg
21:51:47      997     35589    0.20    0.00    0.00    0.00    0.20     8  ffmpeg
21:51:47      997     35590    0.20    0.00    0.00    0.00    0.20    10  ffmpeg

# Time        UID       PID    %usr %system  %guest   %wait    %CPU   CPU  Command
21:51:52     1000     19830    6.20    4.80    0.00    0.00   11.00    14  mediamtx
21:51:52     1000     19846    0.20    0.20    0.00    0.00    0.40     2  srcpub
21:51:52     1000     19847    0.20    0.20    0.00    0.00    0.40     8  srcpub
21:51:52     1000     19849    0.20    0.00    0.00    0.00    0.20     0  srcpub
21:51:52     1000     19851    0.20    0.20    0.00    0.00    0.40    12  srcpub
21:51:52     1000     19853    0.00    0.20    0.00    0.00    0.20    14  srcpub
21:51:52     1000     19854    0.20    0.20    0.00    0.00    0.40    10  srcpub
21:51:52     1000     19855    0.20    0.20    0.00    0.00    0.40    13  srcpub
21:51:52     1000     19856    0.20    0.20    0.00    0.00    0.40     1  srcpub
21:51:52     1000     19857    0.20    0.00    0.00    0.00    0.20    13  srcpub
21:51:52     1000     19858    0.20    0.20    0.00    0.00    0.40    14  srcpub
21:51:52     1000     19860    0.20    0.20    0.00    0.00    0.40    14  srcpub
21:51:52     1000     19862    0.20    0.20    0.00    0.00    0.40     5  srcpub
21:51:52     1000     19863    0.00    0.20    0.00    0.00    0.20    12  srcpub
21:51:52     1000     19864    0.20    0.00    0.00    0.00    0.20    11  srcpub
21:51:52     1000     19865    0.00    0.20    0.00    0.00    0.20     4  srcpub
21:51:52     1000     19868    0.20    0.00    0.00    0.00    0.20     8  srcpub
21:51:52     1000     19874    0.20    0.00    0.00    0.00    0.20     1  srcpub
21:51:52     1000     19877    0.20    0.20    0.00    0.00    0.40     0  srcpub
21:51:52     1000     19878    0.20    0.20    0.00    0.00    0.40     9  srcpub
21:51:52     1000     19879    0.20    0.00    0.00    0.00    0.20    10  srcpub
21:51:52     1000     19881    0.00    0.20    0.00    0.00    0.20     2  srcpub
21:51:52     1000     19882    0.20    0.00    0.00    0.00    0.20    14  srcpub
21:51:52     1000     19884    0.00    0.20    0.00    0.00    0.20    15  srcpub
21:51:52     1000     19885    0.20    0.00    0.00    0.00    0.20     4  srcpub
21:51:52     1000     19886    0.20    0.00    0.00    0.00    0.20    11  srcpub
21:51:52     1000     19894    0.00    0.20    0.00    0.00    0.20    12  srcpub
21:51:52     1000     28824    0.40    0.00    0.00    0.00    0.40     3  chrome
21:51:52     1000     29045    6.00    1.20    0.00    0.20    7.20     7  chrome
21:51:52     1000     29047    0.20    0.20    0.00    0.00    0.40     3  chrome
21:51:52     1000     29091   11.40    1.00    0.00    0.00   12.40     6  chrome
21:51:52      997     30965    0.60    0.40    0.00    0.00    1.00     4  ffmpeg
21:51:52      997     30966    0.40    0.20    0.00    0.00    0.60    14  ffmpeg
21:51:52      997     30967    0.20    0.20    0.00    0.00    0.40     1  ffmpeg
21:51:52      997     30968    0.20    0.00    0.00    0.00    0.20     6  ffmpeg
21:51:52      997     30969    0.40    0.00    0.00    0.20    0.40     3  ffmpeg
21:51:52      997     30970    0.20    0.20    0.00    0.00    0.40     4  ffmpeg
21:51:52      997     30971    0.00    0.40    0.00    0.00    0.40    12  ffmpeg
21:51:52      997     30972    0.20    0.20    0.00    0.00    0.40     8  ffmpeg
21:51:52      997     30973    0.40    0.20    0.00    0.00    0.60    11  ffmpeg
21:51:52      997     30974    0.20    0.20    0.00    0.00    0.40    14  ffmpeg
21:51:52      997     30975    0.20    0.20    0.00    0.00    0.40     1  ffmpeg
21:51:52      997     30976    0.00    0.20    0.00    0.00    0.20     6  ffmpeg
21:51:52      997     30977    0.00    0.20    0.00    0.00    0.20     7  ffmpeg
21:51:52      997     30978    0.00    0.20    0.00    0.00    0.20     1  ffmpeg
21:51:52      997     30979    0.20    0.00    0.00    0.00    0.20    15  ffmpeg
21:51:52      997     30980    0.00    0.20    0.00    0.00    0.20    15  ffmpeg
21:51:52      997     35582    0.60    0.20    0.00    0.00    0.80     2  ffmpeg
21:51:52      997     35583    0.20    0.00    0.00    0.00    0.20     2  ffmpeg
21:51:52      997     35584    0.00    0.20    0.00    0.00    0.20     9  ffmpeg
21:51:52      997     35585    0.20    0.00    0.00    0.00    0.20    14  ffmpeg
21:51:52      997     35586    0.20    0.00    0.00    0.00    0.20     2  ffmpeg
21:51:52      997     35587    0.20    0.20    0.00    0.00    0.40     1  ffmpeg
21:51:52      997     35588    0.20    0.20    0.00    0.00    0.40     0  ffmpeg
21:51:52      997     35590    0.20    0.20    0.00    0.00    0.40    10  ffmpeg

# Time        UID       PID    %usr %system  %guest   %wait    %CPU   CPU  Command
21:51:57     1000     19830    6.80    5.00    0.00    0.00   11.80    14  mediamtx
21:51:57     1000     19846    0.00    0.20    0.00    0.00    0.20     2  srcpub
21:51:57     1000     19849    0.00    0.20    0.00    0.00    0.20     0  srcpub
21:51:57     1000     19850    0.20    0.20    0.00    0.00    0.40    14  srcpub
21:51:57     1000     19851    0.20    0.20    0.00    0.00    0.40    12  srcpub
21:51:57     1000     19853    0.20    0.20    0.00    0.00    0.40    14  srcpub
21:51:57     1000     19855    0.00    0.20    0.00    0.00    0.20    13  srcpub
21:51:57     1000     19856    0.20    0.00    0.00    0.00    0.20     1  srcpub
21:51:57     1000     19857    0.20    0.00    0.00    0.00    0.20    13  srcpub
21:51:57     1000     19858    0.00    0.20    0.00    0.00    0.20     0  srcpub
21:51:57     1000     19860    0.20    0.00    0.00    0.00    0.20    14  srcpub
21:51:57     1000     19862    0.00    0.20    0.00    0.00    0.20     8  srcpub
21:51:57     1000     19863    0.20    0.40    0.00    0.00    0.60    12  srcpub
21:51:57     1000     19864    0.20    0.00    0.00    0.00    0.20     7  srcpub
21:51:57     1000     19865    0.20    0.00    0.00    0.00    0.20     8  srcpub
21:51:57     1000     19868    0.20    0.20    0.00    0.00    0.40     9  srcpub
21:51:57     1000     19874    0.20    0.00    0.00    0.00    0.20     4  srcpub
21:51:57     1000     19877    0.00    0.20    0.00    0.00    0.20     0  srcpub
21:51:57     1000     19878    0.00    0.20    0.00    0.00    0.20     0  srcpub
21:51:57     1000     19879    0.00    0.20    0.00    0.00    0.20    12  srcpub
21:51:57     1000     19881    0.00    0.40    0.00    0.00    0.40     5  srcpub
21:51:57     1000     19882    0.00    0.20    0.00    0.00    0.20    15  srcpub
21:51:57     1000     19884    0.20    0.20    0.00    0.00    0.40    15  srcpub
21:51:57     1000     19885    0.20    0.20    0.00    0.00    0.40     2  srcpub
21:51:57     1000     19886    0.00    0.20    0.00    0.00    0.20    12  srcpub
21:51:57     1000     19887    0.20    0.20    0.00    0.00    0.40    12  srcpub
21:51:57     1000     19894    0.20    0.00    0.00    0.00    0.20    12  srcpub
21:51:57     1000     29045    5.40    1.00    0.00    0.00    6.40     5  chrome
21:51:57     1000     29047    0.20    0.20    0.00    0.00    0.40     3  chrome
21:51:57     1000     29091   11.20    0.60    0.00    0.00   11.80     7  chrome
21:51:57      997     30965    0.60    0.40    0.00    0.00    1.00     3  ffmpeg
21:51:57      997     30966    0.60    0.20    0.00    0.00    0.80    13  ffmpeg
21:51:57      997     30967    0.20    0.00    0.00    0.00    0.20    10  ffmpeg
21:51:57      997     30968    0.20    0.20    0.00    0.00    0.40     6  ffmpeg
21:51:57      997     30969    0.20    0.00    0.00    0.00    0.20     3  ffmpeg
21:51:57      997     30970    0.20    0.20    0.00    0.00    0.40     0  ffmpeg
21:51:57      997     30971    0.00    0.20    0.00    0.00    0.20    14  ffmpeg
21:51:57      997     30972    0.20    0.00    0.00    0.00    0.20     3  ffmpeg
21:51:57      997     30973    0.00    0.20    0.00    0.00    0.20    12  ffmpeg
21:51:57      997     30974    0.20    0.20    0.00    0.00    0.40    12  ffmpeg
21:51:57      997     30975    0.20    0.20    0.00    0.00    0.40     4  ffmpeg
21:51:57      997     30976    0.20    0.20    0.00    0.00    0.40     1  ffmpeg
21:51:57      997     30977    0.20    0.40    0.00    0.00    0.60     1  ffmpeg
21:51:57      997     30978    0.40    0.20    0.00    0.00    0.60     6  ffmpeg
21:51:57      997     30979    0.20    0.20    0.00    0.00    0.40    15  ffmpeg
21:51:57      997     30980    0.00    0.40    0.00    0.00    0.40    15  ffmpeg
21:51:57      997     35582    0.60    0.20    0.00    0.00    0.80     0  ffmpeg
21:51:57      997     35583    0.20    0.00    0.00    0.00    0.20     3  ffmpeg
21:51:57      997     35584    0.20    0.00    0.00    0.00    0.20     1  ffmpeg
21:51:57      997     35585    0.20    0.20    0.00    0.00    0.40    13  ffmpeg
21:51:57      997     35586    0.20    0.00    0.00    0.00    0.20     5  ffmpeg
21:51:57      997     35587    0.20    0.00    0.00    0.00    0.20     9  ffmpeg
21:51:57      997     35588    0.20    0.00    0.00    0.00    0.20     0  ffmpeg
21:51:57      997     35589    0.20    0.20    0.00    0.00    0.40    13  ffmpeg
21:51:57      997     35590    0.20    0.00    0.00    0.00    0.20     3  ffmpeg

# Time        UID       PID    %usr %system  %guest   %wait    %CPU   CPU  Command
21:52:02     1000     19830    8.80    6.20    0.00    0.00   15.00    14  mediamtx
21:52:02     1000     19846    0.20    0.20    0.00    0.00    0.40     8  srcpub
21:52:02     1000     19847    0.20    0.20    0.00    0.00    0.40    15  srcpub
21:52:02     1000     19849    0.40    0.00    0.00    0.00    0.40     0  srcpub
21:52:02     1000     19850    0.40    0.00    0.00    0.00    0.40     2  srcpub
21:52:02     1000     19851    0.00    0.20    0.00    0.00    0.20    12  srcpub
21:52:02     1000     19853    0.20    0.20    0.00    0.00    0.40    13  srcpub
21:52:02     1000     19854    0.20    0.20    0.00    0.00    0.40    10  srcpub
21:52:02     1000     19855    0.20    0.20    0.00    0.00    0.40     4  srcpub
21:52:02     1000     19856    0.20    0.00    0.00    0.00    0.20     2  srcpub
21:52:02     1000     19857    0.40    0.20    0.00    0.00    0.60     4  srcpub
21:52:02     1000     19858    0.20    0.00    0.00    0.00    0.20     1  srcpub
21:52:02     1000     19860    0.20    0.20    0.00    0.00    0.40     7  srcpub
21:52:02     1000     19862    0.20    0.20    0.00    0.00    0.40     7  srcpub
21:52:02     1000     19863    0.20    0.20    0.00    0.00    0.40    12  srcpub
21:52:02     1000     19864    0.20    0.20    0.00    0.00    0.40    15  srcpub
21:52:02     1000     19865    0.20    0.40    0.00    0.00    0.60     8  srcpub
21:52:02     1000     19868    0.20    0.20    0.00    0.00    0.40     0  srcpub
21:52:02     1000     19874    0.20    0.00    0.00    0.00    0.20     6  srcpub
21:52:02     1000     19877    0.20    0.20    0.00    0.00    0.40     0  srcpub
21:52:02     1000     19878    0.20    0.20    0.00    0.00    0.40     1  srcpub
21:52:02     1000     19879    0.20    0.20    0.00    0.20    0.40     4  srcpub
21:52:02     1000     19881    0.20    0.20    0.00    0.00    0.40     6  srcpub
21:52:02     1000     19882    0.20    0.20    0.00    0.00    0.40     1  srcpub
21:52:02     1000     19884    0.40    0.00    0.00    0.00    0.40    14  srcpub
21:52:02     1000     19885    0.20    0.20    0.00    0.00    0.40     6  srcpub
21:52:02     1000     19886    0.20    0.20    0.00    0.00    0.40     4  srcpub
21:52:02     1000     19887    0.20    0.20    0.00    0.00    0.40     3  srcpub
21:52:02     1000     19894    0.40    0.20    0.00    0.00    0.60     0  srcpub
21:52:02     1000     28824    0.20    0.00    0.00    0.00    0.20    12  chrome
21:52:02     1000     29045    7.40    1.20    0.00    0.00    8.60     4  chrome
21:52:02     1000     29047    0.20    0.20    0.00    0.00    0.40     3  chrome
21:52:02     1000     29091   14.60    1.20    0.00    0.00   15.80    11  chrome
21:52:02      997     30965    0.80    0.40    0.00    0.00    1.20     9  ffmpeg
21:52:02      997     30966    0.60    0.20    0.00    0.00    0.80     4  ffmpeg
21:52:02      997     30967    0.20    0.20    0.00    0.00    0.40    14  ffmpeg
21:52:02      997     30968    0.20    0.20    0.00    0.00    0.40     2  ffmpeg
21:52:02      997     30969    0.20    0.20    0.00    0.00    0.40     4  ffmpeg
21:52:02      997     30970    0.40    0.20    0.00    0.20    0.60    15  ffmpeg
21:52:02      997     30971    0.00    0.40    0.00    0.00    0.40     1  ffmpeg
21:52:02      997     30972    0.20    0.20    0.00    0.00    0.40     3  ffmpeg
21:52:02      997     30973    0.40    0.20    0.00    0.00    0.60     9  ffmpeg
21:52:02      997     30974    0.20    0.20    0.00    0.00    0.40     8  ffmpeg
21:52:02      997     30975    0.20    0.00    0.00    0.00    0.20    13  ffmpeg
21:52:02      997     30976    0.20    0.20    0.00    0.00    0.40     2  ffmpeg
21:52:02      997     30977    0.40    0.00    0.00    0.00    0.40    14  ffmpeg
21:52:02      997     30978    0.40    0.00    0.00    0.00    0.40     6  ffmpeg
21:52:02      997     30979    0.20    0.20    0.00    0.00    0.40     6  ffmpeg
21:52:02      997     30980    0.20    0.20    0.00    0.00    0.40     2  ffmpeg
21:52:02      997     35582    1.00    0.20    0.00    0.00    1.20    11  ffmpeg
21:52:02      997     35583    0.40    0.00    0.00    0.00    0.40     4  ffmpeg
21:52:02      997     35584    0.20    0.00    0.00    0.00    0.20     2  ffmpeg
21:52:02      997     35586    0.20    0.00    0.00    0.00    0.20    11  ffmpeg
21:52:02      997     35587    0.20    0.00    0.00    0.00    0.20    12  ffmpeg
21:52:02      997     35588    0.00    0.20    0.00    0.00    0.20     1  ffmpeg
21:52:02      997     35589    0.20    0.00    0.00    0.00    0.20    13  ffmpeg
21:52:02      997     35590    0.20    0.00    0.00    0.00    0.20    13  ffmpeg

# Time        UID       PID    %usr %system  %guest   %wait    %CPU   CPU  Command
21:52:07     1000     19830    6.40    5.20    0.00    0.00   11.60    14  mediamtx
21:52:07     1000     19846    0.20    0.20    0.00    0.00    0.40     8  srcpub
21:52:07     1000     19847    0.20    0.20    0.00    0.00    0.40     1  srcpub
21:52:07     1000     19849    0.00    0.20    0.00    0.00    0.20     0  srcpub
21:52:07     1000     19851    0.20    0.20    0.00    0.00    0.40    12  srcpub
21:52:07     1000     19853    0.20    0.20    0.00    0.00    0.40    13  srcpub
21:52:07     1000     19854    0.20    0.00    0.00    0.20    0.20     1  srcpub
21:52:07     1000     19855    0.00    0.20    0.00    0.00    0.20    13  srcpub
21:52:07     1000     19856    0.20    0.00    0.00    0.00    0.20     0  srcpub
21:52:07     1000     19857    0.20    0.00    0.00    0.00    0.20    13  srcpub
21:52:07     1000     19858    0.00    0.20    0.00    0.00    0.20     1  srcpub
21:52:07     1000     19860    0.00    0.20    0.00    0.00    0.20     0  srcpub
21:52:07     1000     19862    0.20    0.20    0.00    0.00    0.40     9  srcpub
21:52:07     1000     19863    0.20    0.20    0.00    0.00    0.40    13  srcpub
21:52:07     1000     19868    0.00    0.20    0.00    0.00    0.20     7  srcpub
21:52:07     1000     19874    0.00    0.20    0.00    0.00    0.20     6  srcpub
21:52:07     1000     19877    0.20    0.20    0.00    1.00    0.40     6  srcpub
21:52:07     1000     19878    0.20    0.40    0.00    0.00    0.60    10  srcpub
21:52:07     1000     19879    0.20    0.20    0.00    0.00    0.40     8  srcpub
21:52:07     1000     19881    0.20    0.20    0.00    0.00    0.40    12  srcpub
21:52:07     1000     19882    0.00    0.20    0.00    0.00    0.20     1  srcpub
21:52:07     1000     19884    0.00    0.20    0.00    0.00    0.20    14  srcpub
21:52:07     1000     19885    0.20    0.00    0.00    0.00    0.20    11  srcpub
21:52:07     1000     19886    0.20    0.20    0.00    0.00    0.40     4  srcpub
21:52:07     1000     19887    0.00    0.20    0.00    0.00    0.20    11  srcpub
21:52:07     1000     19894    0.00    0.40    0.00    0.00    0.40     2  srcpub
21:52:07     1000     26207    0.20    0.00    0.00    0.00    0.20     4  chrome
21:52:07     1000     26251    0.20    0.00    0.00    0.00    0.20    15  chrome
21:52:07     1000     28824    0.20    0.00    0.00    0.00    0.20    13  chrome
21:52:07     1000     29045    5.60    1.20    0.00    0.00    6.80    12  chrome
21:52:07     1000     29047    0.20    0.20    0.00    0.00    0.40     3  chrome
21:52:07     1000     29091   11.60    0.60    0.00    0.00   12.20    11  chrome
21:52:07      997     30965    0.80    0.40    0.00    0.00    1.20     8  ffmpeg
21:52:07      997     30966    0.60    0.20    0.00    0.60    0.80     2  ffmpeg
21:52:07      997     30967    0.40    0.00    0.00    0.00    0.40     8  ffmpeg
21:52:07      997     30968    0.20    0.00    0.00    0.00    0.20     7  ffmpeg
21:52:07      997     30969    0.40    0.00    0.00    0.00    0.40    11  ffmpeg
21:52:07      997     30970    0.20    0.00    0.00    0.00    0.20     4  ffmpeg
21:52:07      997     30971    0.20    0.20    0.00    0.00    0.40     8  ffmpeg
21:52:07      997     30972    0.20    0.20    0.00    0.00    0.40     2  ffmpeg
21:52:07      997     30973    0.00    0.20    0.00    0.00    0.20     4  ffmpeg
21:52:07      997     30974    0.40    0.00    0.00    0.00    0.40     1  ffmpeg
21:52:07      997     30975    0.20    0.40    0.00    0.00    0.60    10  ffmpeg
21:52:07      997     30976    0.40    0.00    0.00    0.00    0.40     1  ffmpeg
21:52:07      997     30977    0.20    0.20    0.00    0.00    0.40     1  ffmpeg
21:52:07      997     30978    0.20    0.00    0.00    0.00    0.20     0  ffmpeg
21:52:07      997     30979    0.20    0.00    0.00    0.00    0.20     1  ffmpeg
21:52:07      997     30980    0.00    0.20    0.00    0.00    0.20    11  ffmpeg
21:52:07      997     35582    0.60    0.20    0.00    0.20    0.80    11  ffmpeg
21:52:07      997     35583    0.00    0.20    0.00    0.00    0.20     4  ffmpeg
21:52:07      997     35584    0.20    0.20    0.00    0.00    0.40    11  ffmpeg
21:52:07      997     35585    0.20    0.20    0.00    0.00    0.40     1  ffmpeg
21:52:07      997     35586    0.00    0.20    0.00    0.00    0.20    12  ffmpeg
21:52:07      997     35587    0.00    0.20    0.00    0.00    0.20     0  ffmpeg
21:52:07      997     35588    0.20    0.00    0.00    0.00    0.20     1  ffmpeg
21:52:07      997     35589    0.20    0.00    0.00    0.00    0.20    13  ffmpeg
21:52:07      997     35590    0.20    0.00    0.00    0.00    0.20    13  ffmpeg

# Time        UID       PID    %usr %system  %guest   %wait    %CPU   CPU  Command
21:52:12     1000     19830    6.40    6.00    0.00    0.00   12.40    14  mediamtx
21:52:12     1000     19846    0.20    0.20    0.00    0.00    0.40     2  srcpub
21:52:12     1000     19847    0.20    0.20    0.00    0.20    0.40     1  srcpub
21:52:12     1000     19849    0.20    0.20    0.00    0.00    0.40     0  srcpub
21:52:12     1000     19850    0.20    0.20    0.00    0.00    0.40     7  srcpub
21:52:12     1000     19851    0.20    0.00    0.00    0.00    0.20    12  srcpub
21:52:12     1000     19853    0.20    0.20    0.00    0.00    0.40    13  srcpub
21:52:12     1000     19854    0.20    0.00    0.00    0.00    0.20    12  srcpub
21:52:12     1000     19855    0.20    0.20    0.00    0.00    0.40     4  srcpub
21:52:12     1000     19856    0.20    0.20    0.00    0.00    0.40    15  srcpub
21:52:12     1000     19857    0.20    0.20    0.00    0.00    0.40    13  srcpub
21:52:12     1000     19858    0.20    0.20    0.00    0.00    0.40     1  srcpub
21:52:12     1000     19860    0.00    0.40    0.00    0.00    0.40     4  srcpub
21:52:12     1000     19863    0.20    0.20    0.00    0.00    0.40    13  srcpub
21:52:12     1000     19864    0.20    0.20    0.00    0.00    0.40     9  srcpub
21:52:12     1000     19865    0.20    0.20    0.00    0.00    0.40     8  srcpub
21:52:12     1000     19868    0.20    0.20    0.00    0.00    0.40     6  srcpub
21:52:12     1000     19874    0.00    0.20    0.00    0.00    0.20     4  srcpub
21:52:12     1000     19877    0.20    0.20    0.00    0.00    0.40     4  srcpub
21:52:12     1000     19878    0.00    0.20    0.00    0.00    0.20     8  srcpub
21:52:12     1000     19879    0.00    0.20    0.00    0.00    0.20     2  srcpub
21:52:12     1000     19881    0.00    0.20    0.00    0.00    0.20    15  srcpub
21:52:12     1000     19882    0.20    0.20    0.00    0.00    0.40     2  srcpub
21:52:12     1000     19884    0.20    0.20    0.00    0.00    0.40    13  srcpub
21:52:12     1000     19885    0.20    0.40    0.00    0.00    0.60    11  srcpub
21:52:12     1000     19886    0.20    0.20    0.00    0.00    0.40     4  srcpub
21:52:12     1000     19887    0.20    0.20    0.00    0.00    0.40     1  srcpub
21:52:12     1000     19894    0.20    0.20    0.00    0.00    0.40     2  srcpub
21:52:12     1000     29045    5.00    1.40    0.00    0.00    6.40    11  chrome
21:52:12     1000     29047    0.20    0.20    0.00    0.00    0.40     3  chrome
21:52:12     1000     29091   11.20    1.20    0.00    0.00   12.40    14  chrome
21:52:12      997     30965    0.80    0.20    0.00    0.20    1.00    11  ffmpeg
21:52:12      997     30966    0.60    0.20    0.00    0.00    0.80    10  ffmpeg
21:52:12      997     30967    0.20    0.20    0.00    0.00    0.40     2  ffmpeg
21:52:12      997     30968    0.40    0.20    0.00    0.00    0.60    11  ffmpeg
21:52:12      997     30969    0.20    0.20    0.00    0.00    0.40     5  ffmpeg
21:52:12      997     30970    0.20    0.20    0.00    0.00    0.40     4  ffmpeg
21:52:12      997     30971    0.00    0.40    0.00    0.00    0.40     8  ffmpeg
21:52:12      997     30972    0.20    0.20    0.00    0.00    0.40     3  ffmpeg
21:52:12      997     30973    0.20    0.20    0.00    0.00    0.40    12  ffmpeg
21:52:12      997     30974    0.20    0.20    0.00    0.00    0.40    14  ffmpeg
21:52:12      997     30975    0.20    0.00    0.00    0.00    0.20     4  ffmpeg
21:52:12      997     30976    0.20    0.20    0.00    0.00    0.40     3  ffmpeg
21:52:12      997     30977    0.20    0.20    0.00    0.00    0.40     6  ffmpeg
21:52:12      997     30978    0.00    0.40    0.00    0.00    0.40     2  ffmpeg
21:52:12      997     30979    0.20    0.20    0.00    0.00    0.40    10  ffmpeg
21:52:12      997     30980    0.20    0.40    0.00    0.00    0.60     2  ffmpeg
21:52:12      997     35582    0.60    0.20    0.00    0.00    0.80     5  ffmpeg
21:52:12      997     35583    0.20    0.20    0.00    0.00    0.40     5  ffmpeg
21:52:12      997     35584    0.20    0.20    0.00    0.00    0.40    15  ffmpeg
21:52:12      997     35585    0.00    0.20    0.00    0.00    0.20     1  ffmpeg
21:52:12      997     35586    0.20    0.20    0.00    0.00    0.40     0  ffmpeg
21:52:12      997     35587    0.20    0.00    0.00    0.00    0.20     1  ffmpeg
21:52:12      997     35588    0.00    0.20    0.00    0.00    0.20    10  ffmpeg
21:52:12      997     35589    0.20    0.20    0.00    0.00    0.40     0  ffmpeg
21:52:12      997     35590    0.00    0.20    0.00    0.00    0.20    13  ffmpeg

# Time        UID       PID    %usr %system  %guest   %wait    %CPU   CPU  Command
21:52:17     1000     19830    9.20    6.20    0.00    0.00   15.40    14  mediamtx
21:52:17     1000     19846    0.20    0.20    0.00    0.00    0.40     3  srcpub
21:52:17     1000     19847    0.00    0.20    0.00    0.00    0.20     1  srcpub
21:52:17     1000     19849    0.40    0.00    0.00    0.00    0.40    12  srcpub
21:52:17     1000     19850    0.20    0.20    0.00    0.00    0.40    15  srcpub
21:52:17     1000     19851    0.20    0.20    0.00    0.00    0.40    13  srcpub
21:52:17     1000     19853    0.20    0.20    0.00    0.00    0.40     4  srcpub
21:52:17     1000     19854    0.00    0.20    0.00    0.00    0.20    14  srcpub
21:52:17     1000     19855    0.00    0.20    0.00    0.00    0.20     9  srcpub
21:52:17     1000     19856    0.00    0.20    0.00    0.00    0.20     5  srcpub
21:52:17     1000     19857    0.40    0.00    0.00    0.00    0.40    14  srcpub
21:52:17     1000     19858    0.00    0.20    0.00    0.00    0.20     8  srcpub
21:52:17     1000     19860    0.20    0.20    0.00    0.00    0.40     6  srcpub
21:52:17     1000     19862    0.20    0.40    0.00    0.00    0.60     1  srcpub
21:52:17     1000     19863    0.20    0.20    0.00    0.00    0.40     7  srcpub
21:52:17     1000     19864    0.40    0.00    0.00    0.00    0.40     0  srcpub
21:52:17     1000     19865    0.20    0.20    0.00    0.00    0.40     4  srcpub
21:52:17     1000     19868    0.20    0.40    0.00    0.00    0.60     5  srcpub
21:52:17     1000     19874    0.00    0.20    0.00    0.00    0.20    10  srcpub
21:52:17     1000     19877    0.20    0.20    0.00    0.00    0.40     4  srcpub
21:52:17     1000     19878    0.40    0.00    0.00    0.00    0.40     9  srcpub
21:52:17     1000     19879    0.20    0.20    0.00    0.00    0.40    12  srcpub
21:52:17     1000     19881    0.20    0.20    0.00    0.00    0.40    11  srcpub
21:52:17     1000     19882    0.00    0.20    0.00    0.00    0.20    12  srcpub
21:52:17     1000     19884    0.20    0.20    0.00    0.00    0.40    12  srcpub
21:52:17     1000     19885    0.00    0.40    0.00    0.00    0.40    13  srcpub
21:52:17     1000     19886    0.20    0.20    0.00    0.00    0.40     4  srcpub
21:52:17     1000     19887    0.00    0.20    0.00    0.00    0.20     4  srcpub
21:52:17     1000     19894    0.00    0.40    0.00    0.00    0.40     6  srcpub
21:52:17     1000     26251    0.00    0.20    0.00    0.00    0.20    15  chrome
21:52:17     1000     28824    0.20    0.20    0.00    0.00    0.40     3  chrome
21:52:17     1000     29045    8.20    1.20    0.00    0.00    9.40     0  chrome
21:52:17     1000     29047    0.20    0.00    0.00    0.00    0.20     3  chrome
21:52:17     1000     29091   16.00    0.80    0.00    0.20   16.80    12  chrome
21:52:17      997     30965    0.80    0.40    0.00    0.00    1.20     8  ffmpeg
21:52:17      997     30966    0.60    0.20    0.00    0.00    0.80    14  ffmpeg
21:52:17      997     30967    0.40    0.20    0.00    0.00    0.60     9  ffmpeg
21:52:17      997     30968    0.20    0.20    0.00    0.00    0.40    11  ffmpeg
21:52:17      997     30969    0.20    0.20    0.00    0.00    0.40    15  ffmpeg
21:52:17      997     30970    0.20    0.20    0.00    0.00    0.40    10  ffmpeg
21:52:17      997     30971    0.20    0.20    0.00    0.00    0.40     0  ffmpeg
21:52:17      997     30972    0.40    0.00    0.00    0.00    0.40    10  ffmpeg
21:52:17      997     30973    0.20    0.20    0.00    0.00    0.40    14  ffmpeg
21:52:17      997     30974    0.20    0.20    0.00    0.00    0.40     5  ffmpeg
21:52:17      997     30975    0.20    0.20    0.00    0.00    0.40     6  ffmpeg
21:52:17      997     30976    0.20    0.00    0.00    0.00    0.20     7  ffmpeg
21:52:17      997     30977    0.20    0.00    0.00    0.00    0.20     7  ffmpeg
21:52:17      997     30978    0.20    0.20    0.00    0.00    0.40    10  ffmpeg
21:52:17      997     30979    0.40    0.00    0.00    0.00    0.40     7  ffmpeg
21:52:17      997     30980    0.20    0.20    0.00    0.00    0.40    15  ffmpeg
21:52:17      997     35582    0.60    0.40    0.00    0.00    1.00     6  ffmpeg
21:52:17      997     35583    0.20    0.00    0.00    0.00    0.20     9  ffmpeg
21:52:17      997     35585    0.20    0.00    0.00    0.00    0.20    15  ffmpeg
21:52:17      997     35586    0.20    0.00    0.00    0.00    0.20    12  ffmpeg
21:52:17      997     35587    0.20    0.20    0.00    0.00    0.40    13  ffmpeg
21:52:17      997     35588    0.20    0.20    0.00    0.00    0.40    11  ffmpeg
21:52:17      997     35589    0.20    0.00    0.00    0.00    0.20    13  ffmpeg
21:52:17      997     35590    0.20    0.20    0.00    0.00    0.40     5  ffmpeg

# Time        UID       PID    %usr %system  %guest   %wait    %CPU   CPU  Command
21:52:22     1000     19830    9.20    6.40    0.00    0.00   15.60    14  mediamtx
21:52:22     1000     19846    0.00    0.40    0.00    0.00    0.40     4  srcpub
21:52:22     1000     19847    0.20    0.20    0.00    0.00    0.40    15  srcpub
21:52:22     1000     19849    0.00    0.40    0.00    0.00    0.40    12  srcpub
21:52:22     1000     19850    0.20    0.20    0.00    0.00    0.40    15  srcpub
21:52:22     1000     19851    0.20    0.20    0.00    0.00    0.40    13  srcpub
21:52:22     1000     19853    0.20    0.20    0.00    0.00    0.40     4  srcpub
21:52:22     1000     19854    0.20    0.20    0.00    0.00    0.40    11  srcpub
21:52:22     1000     19855    0.20    0.20    0.00    0.00    0.40     9  srcpub
21:52:22     1000     19856    0.20    0.40    0.00    0.00    0.60     9  srcpub
21:52:22     1000     19857    0.20    0.20    0.00    0.00    0.40    13  srcpub
21:52:22     1000     19858    0.00    0.40    0.00    0.00    0.40    11  srcpub
21:52:22     1000     19860    0.00    0.40    0.00    0.00    0.40     0  srcpub
21:52:22     1000     19862    0.00    0.20    0.00    0.00    0.20    11  srcpub
21:52:22     1000     19863    0.20    0.40    0.00    0.00    0.60    13  srcpub
21:52:22     1000     19864    0.20    0.00    0.00    0.00    0.20    14  srcpub
21:52:22     1000     19865    0.20    0.20    0.00    0.00    0.40     7  srcpub
21:52:22     1000     19868    0.20    0.20    0.00    0.00    0.40     6  srcpub
21:52:22     1000     19874    0.20    0.20    0.00    0.00    0.40     1  srcpub
21:52:22     1000     19877    0.20    0.40    0.00    0.00    0.60     6  srcpub
21:52:22     1000     19878    0.00    0.40    0.00    0.00    0.40    11  srcpub
21:52:22     1000     19879    0.00    0.20    0.00    0.00    0.20    10  srcpub
21:52:22     1000     19881    0.20    0.40    0.00    0.00    0.60    11  srcpub
21:52:22     1000     19882    0.00    0.20    0.00    0.00    0.20    12  srcpub
21:52:22     1000     19884    0.40    0.20    0.00    0.00    0.60    11  srcpub
21:52:22     1000     19885    0.40    0.20    0.00    0.00    0.60    12  srcpub
21:52:22     1000     19886    0.40    0.20    0.00    0.00    0.60     1  srcpub
21:52:22     1000     19887    0.20    0.20    0.00    0.00    0.40     5  srcpub
21:52:22     1000     19894    0.40    0.20    0.00    0.00    0.60     7  srcpub
21:52:22     1000     29045    8.80    0.80    0.00    0.00    9.60     7  chrome
21:52:22     1000     29047    0.40    0.20    0.00    0.00    0.60     3  chrome
21:52:22     1000     29091   15.80    1.80    0.00    0.00   17.60    15  chrome
21:52:22      997     30965    1.00    0.40    0.00    0.00    1.40    10  ffmpeg
21:52:22      997     30966    0.80    0.40    0.00    0.00    1.20    14  ffmpeg
21:52:22      997     30967    0.20    0.20    0.00    0.00    0.40     6  ffmpeg
21:52:22      997     30968    0.20    0.20    0.00    0.00    0.40    11  ffmpeg
21:52:22      997     30969    0.20    0.20    0.00    0.00    0.40    15  ffmpeg
21:52:22      997     30970    0.40    0.00    0.00    0.00    0.40    10  ffmpeg
21:52:22      997     30971    0.20    0.20    0.00    0.00    0.40    10  ffmpeg
21:52:22      997     30972    0.20    0.20    0.00    0.00    0.40     9  ffmpeg
21:52:22      997     30973    0.20    0.20    0.00    0.00    0.40    10  ffmpeg
21:52:22      997     30974    0.20    0.20    0.00    0.00    0.40    11  ffmpeg
21:52:22      997     30975    0.40    0.20    0.00    0.00    0.60    11  ffmpeg
21:52:22      997     30976    0.40    0.20    0.00    0.00    0.60     8  ffmpeg
21:52:22      997     30977    0.40    0.20    0.00    0.00    0.60     6  ffmpeg
21:52:22      997     30978    0.40    0.20    0.00    0.00    0.60     6  ffmpeg
21:52:22      997     30979    0.40    0.20    0.00    0.00    0.60    12  ffmpeg
21:52:22      997     30980    0.20    0.00    0.00    0.00    0.20     7  ffmpeg
21:52:22      997     35582    0.80    0.20    0.00    0.00    1.00    12  ffmpeg
21:52:22      997     35583    0.40    0.00    0.00    0.00    0.40     9  ffmpeg
21:52:22      997     35584    0.20    0.20    0.00    0.00    0.40    12  ffmpeg
21:52:22      997     35585    0.00    0.20    0.00    0.00    0.20     4  ffmpeg
21:52:22      997     35586    0.20    0.00    0.00    0.00    0.20     0  ffmpeg
21:52:22      997     35587    0.20    0.00    0.00    0.00    0.20    13  ffmpeg
21:52:22      997     35588    0.00    0.20    0.00    0.00    0.20     0  ffmpeg
21:52:22      997     35589    0.20    0.00    0.00    0.00    0.20     7  ffmpeg
21:52:22      997     35590    0.20    0.00    0.00    0.00    0.20     0  ffmpeg

# Time        UID       PID    %usr %system  %guest   %wait    %CPU   CPU  Command
21:52:27     1000     19830   10.00    6.20    0.00    0.00   16.20    14  mediamtx
21:52:27     1000     19846    0.40    0.20    0.00    0.00    0.60    14  srcpub
21:52:27     1000     19847    0.40    0.20    0.00    0.00    0.60    15  srcpub
21:52:27     1000     19849    0.40    0.20    0.00    0.00    0.60    14  srcpub
21:52:27     1000     19850    0.20    0.20    0.00    0.00    0.40    12  srcpub
21:52:27     1000     19851    0.20    0.20    0.00    0.00    0.40    12  srcpub
21:52:27     1000     19853    0.40    0.20    0.00    0.00    0.60     6  srcpub
21:52:27     1000     19854    0.20    0.20    0.00    0.00    0.40    11  srcpub
21:52:27     1000     19855    0.20    0.20    0.00    0.00    0.40     0  srcpub
21:52:27     1000     19856    0.20    0.00    0.00    0.00    0.20    13  srcpub
21:52:27     1000     19857    0.40    0.20    0.00    0.00    0.60    13  srcpub
21:52:27     1000     19858    0.00    0.40    0.00    0.00    0.40    10  srcpub
21:52:27     1000     19860    0.20    0.20    0.00    0.00    0.40     1  srcpub
21:52:27     1000     19862    0.00    0.40    0.00    0.00    0.40     9  srcpub
21:52:27     1000     19863    0.40    0.20    0.00    0.00    0.60    13  srcpub
21:52:27     1000     19864    0.20    0.00    0.00    0.00    0.20    10  srcpub
21:52:27     1000     19865    0.20    0.20    0.00    0.00    0.40     1  srcpub
21:52:27     1000     19868    0.20    0.20    0.00    0.00    0.40     5  srcpub
21:52:27     1000     19874    0.20    0.00    0.00    0.00    0.20    10  srcpub
21:52:27     1000     19877    0.20    0.00    0.00    0.00    0.20    10  srcpub
21:52:27     1000     19878    0.20    0.40    0.00    0.00    0.60    11  srcpub
21:52:27     1000     19879    0.00    0.40    0.00    0.00    0.40     3  srcpub
21:52:27     1000     19881    0.20    0.20    0.00    0.00    0.40     9  srcpub
21:52:27     1000     19882    0.00    0.40    0.00    0.00    0.40    11  srcpub
21:52:27     1000     19884    0.00    0.20    0.00    0.00    0.20    12  srcpub
21:52:27     1000     19885    0.20    0.20    0.00    0.00    0.40    12  srcpub
21:52:27     1000     19886    0.40    0.00    0.00    0.00    0.40     6  srcpub
21:52:27     1000     19887    0.20    0.20    0.00    0.00    0.40     7  srcpub
21:52:27     1000     19894    0.20    0.40    0.00    0.00    0.60     6  srcpub
21:52:27     1000     26207    0.20    0.20    0.00    0.00    0.40     5  chrome
21:52:27     1000     28824    0.20    0.00    0.00    0.00    0.20     5  chrome
21:52:27     1000     29045    8.80    1.00    0.00    0.00    9.80     2  chrome
21:52:27     1000     29047    0.20    0.20    0.00    0.00    0.40     7  chrome
21:52:27     1000     29091   17.00    1.00    0.00    0.00   18.00     4  chrome
21:52:27      997     30965    0.60    0.60    0.00    0.00    1.20     4  ffmpeg
21:52:27      997     30966    0.80    0.00    0.00    0.00    0.80     6  ffmpeg
21:52:27      997     30967    0.20    0.20    0.00    0.00    0.40    10  ffmpeg
21:52:27      997     30968    0.40    0.20    0.00    0.00    0.60    11  ffmpeg
21:52:27      997     30969    0.40    0.20    0.00    0.00    0.60    15  ffmpeg
21:52:27      997     30970    0.20    0.20    0.00    0.00    0.40    14  ffmpeg
21:52:27      997     30971    0.20    0.20    0.00    0.00    0.40     2  ffmpeg
21:52:27      997     30972    0.40    0.20    0.00    0.00    0.60    10  ffmpeg
21:52:27      997     30973    0.40    0.20    0.00    0.00    0.60     6  ffmpeg
21:52:27      997     30974    0.40    0.20    0.00    0.00    0.60    15  ffmpeg
21:52:27      997     30975    0.40    0.00    0.00    0.00    0.40    10  ffmpeg
21:52:27      997     30976    0.20    0.20    0.00    0.00    0.40     9  ffmpeg
21:52:27      997     30977    0.20    0.20    0.00    0.00    0.40     7  ffmpeg
21:52:27      997     30978    0.40    0.00    0.00    0.00    0.40     2  ffmpeg
21:52:27      997     30979    0.20    0.20    0.00    0.00    0.40    10  ffmpeg
21:52:27      997     30980    0.20    0.20    0.00    0.00    0.40     7  ffmpeg
21:52:27      997     35582    0.80    0.20    0.00    0.00    1.00     9  ffmpeg
21:52:27      997     35583    0.20    0.00    0.00    0.00    0.20    10  ffmpeg
21:52:27      997     35584    0.40    0.00    0.00    0.00    0.40    15  ffmpeg
21:52:27      997     35585    0.20    0.20    0.00    0.00    0.40     4  ffmpeg
21:52:27      997     35586    0.20    0.20    0.00    0.00    0.40    11  ffmpeg
21:52:27      997     35587    0.20    0.20    0.00    0.00    0.40     6  ffmpeg
21:52:27      997     35588    0.20    0.00    0.00    0.00    0.20     6  ffmpeg
21:52:27      997     35589    0.20    0.20    0.00    0.00    0.40     5  ffmpeg
21:52:27      997     35590    0.40    0.00    0.00    0.00    0.40     0  ffmpeg

# Time        UID       PID    %usr %system  %guest   %wait    %CPU   CPU  Command
21:52:32     1000     19830    9.40    5.80    0.00    0.00   15.20    14  mediamtx
21:52:32     1000     19846    0.20    0.00    0.00    0.00    0.20     6  srcpub
21:52:32     1000     19847    0.20    0.20    0.00    0.00    0.40    12  srcpub
21:52:32     1000     19849    0.40    0.00    0.00    0.00    0.40    12  srcpub
21:52:32     1000     19850    0.20    0.00    0.00    0.00    0.20    15  srcpub
21:52:32     1000     19851    0.40    0.20    0.00    0.00    0.60    12  srcpub
21:52:32     1000     19853    0.00    0.40    0.00    0.00    0.40     6  srcpub
21:52:32     1000     19854    0.20    0.00    0.00    0.00    0.20    15  srcpub
21:52:32     1000     19855    0.20    0.20    0.00    0.00    0.40     9  srcpub
21:52:32     1000     19856    0.20    0.20    0.00    0.00    0.40     4  srcpub
21:52:32     1000     19857    0.20    0.40    0.00    0.00    0.60    13  srcpub
21:52:32     1000     19858    0.20    0.20    0.00    0.00    0.40     1  srcpub
21:52:32     1000     19860    0.20    0.40    0.00    0.00    0.60     7  srcpub
21:52:32     1000     19862    0.20    0.20    0.00    0.00    0.40     8  srcpub
21:52:32     1000     19863    0.20    0.40    0.00    0.00    0.60     4  srcpub
21:52:32     1000     19864    0.20    0.20    0.00    0.00    0.40     5  srcpub
21:52:32     1000     19865    0.20    0.20    0.00    0.00    0.40     1  srcpub
21:52:32     1000     19868    0.20    0.20    0.00    0.00    0.40    15  srcpub
21:52:32     1000     19874    0.00    0.40    0.00    0.00    0.40    12  srcpub
21:52:32     1000     19877    0.20    0.40    0.00    0.00    0.60     3  srcpub
21:52:32     1000     19878    0.00    0.40    0.00    0.00    0.40     8  srcpub
21:52:32     1000     19879    0.40    0.20    0.00    0.00    0.60    13  srcpub
21:52:32     1000     19881    0.20    0.20    0.00    0.00    0.40     6  srcpub
21:52:32     1000     19882    0.20    0.20    0.00    0.00    0.40    14  srcpub
21:52:32     1000     19884    0.40    0.20    0.00    0.00    0.60    13  srcpub
21:52:32     1000     19885    0.20    0.20    0.00    0.00    0.40     9  srcpub
21:52:32     1000     19886    0.20    0.40    0.00    0.00    0.60    11  srcpub
21:52:32     1000     19887    0.00    0.20    0.00    0.00    0.20     1  srcpub
21:52:32     1000     19894    0.20    0.20    0.00    0.00    0.40     4  srcpub
21:52:32     1000     26251    0.20    0.00    0.00    0.00    0.20    15  chrome
21:52:32     1000     29045    8.60    1.20    0.00    0.00    9.80     1  chrome
21:52:32     1000     29047    0.20    0.20    0.00    0.00    0.40     7  chrome
21:52:32     1000     29091   16.20    1.20    0.00    0.00   17.40     4  chrome
21:52:32      997     30965    0.80    0.40    0.00    0.00    1.20    12  ffmpeg
21:52:32      997     30966    0.60    0.40    0.00    0.00    1.00    13  ffmpeg
21:52:32      997     30967    0.40    0.00    0.00    0.00    0.40    13  ffmpeg
21:52:32      997     30968    0.20    0.00    0.00    0.00    0.20     9  ffmpeg
21:52:32      997     30969    0.20    0.20    0.00    0.00    0.40    11  ffmpeg
21:52:32      997     30970    0.20    0.20    0.00    0.00    0.40     0  ffmpeg
21:52:32      997     30971    0.20    0.20    0.00    0.00    0.40     3  ffmpeg
21:52:32      997     30972    0.20    0.20    0.00    0.00    0.40    10  ffmpeg
21:52:32      997     30973    0.20    0.20    0.00    0.00    0.40     6  ffmpeg
21:52:32      997     30974    0.20    0.20    0.00    0.00    0.40    15  ffmpeg
21:52:32      997     30975    0.40    0.20    0.00    0.00    0.60    13  ffmpeg
21:52:32      997     30976    0.40    0.00    0.00    0.00    0.40     3  ffmpeg
21:52:32      997     30977    0.40    0.20    0.00    0.00    0.60    12  ffmpeg
21:52:32      997     30978    0.20    0.20    0.00    0.00    0.40     8  ffmpeg
21:52:32      997     30979    0.20    0.00    0.00    0.00    0.20    13  ffmpeg
21:52:32      997     30980    0.40    0.00    0.00    0.00    0.40     3  ffmpeg
21:52:32      997     35582    0.80    0.40    0.00    0.00    1.20     7  ffmpeg
21:52:32      997     35583    0.40    0.00    0.00    0.00    0.40     6  ffmpeg
21:52:32      997     35584    0.00    0.20    0.00    0.00    0.20     1  ffmpeg
21:52:32      997     35585    0.20    0.00    0.00    0.00    0.20     4  ffmpeg
21:52:32      997     35586    0.20    0.00    0.00    0.00    0.20     8  ffmpeg
21:52:32      997     35587    0.20    0.20    0.00    0.00    0.40     6  ffmpeg
21:52:32      997     35588    0.20    0.20    0.00    0.00    0.40     7  ffmpeg
21:52:32      997     35589    0.40    0.00    0.00    0.00    0.40     7  ffmpeg
21:52:32      997     35590    0.20    0.00    0.00    0.00    0.20     2  ffmpeg

# Time        UID       PID    %usr %system  %guest   %wait    %CPU   CPU  Command
21:52:37     1000     19830   10.20    6.60    0.00    0.00   16.80    14  mediamtx
21:52:37     1000     19846    0.40    0.20    0.00    0.00    0.60     3  srcpub
21:52:37     1000     19847    0.40    0.00    0.00    0.00    0.40    15  srcpub
21:52:37     1000     19849    0.20    0.20    0.00    0.00    0.40    12  srcpub
21:52:37     1000     19850    0.20    0.20    0.00    0.00    0.40    15  srcpub
21:52:37     1000     19851    0.20    0.20    0.00    0.00    0.40    15  srcpub
21:52:37     1000     19853    0.40    0.20    0.00    0.00    0.60     6  srcpub
21:52:37     1000     19854    0.00    0.20    0.00    0.00    0.20    14  srcpub
21:52:37     1000     19855    0.20    0.40    0.00    0.00    0.60    10  srcpub
21:52:37     1000     19856    0.00    0.20    0.00    0.00    0.20    11  srcpub
21:52:37     1000     19857    0.40    0.00    0.00    0.00    0.40    13  srcpub
21:52:37     1000     19858    0.00    0.20    0.00    0.00    0.20     5  srcpub
21:52:37     1000     19860    0.20    0.20    0.00    0.00    0.40     7  srcpub
21:52:37     1000     19862    0.00    0.20    0.00    0.00    0.20     0  srcpub
21:52:37     1000     19863    0.20    0.20    0.00    0.00    0.40    12  srcpub
21:52:37     1000     19864    0.40    0.00    0.00    0.00    0.40     1  srcpub
21:52:37     1000     19865    0.20    0.20    0.00    0.00    0.40     1  srcpub
21:52:37     1000     19868    0.40    0.20    0.00    0.00    0.60     5  srcpub
21:52:37     1000     19874    0.00    0.20    0.00    0.00    0.20     6  srcpub
21:52:37     1000     19877    0.20    0.20    0.00    0.00    0.40    10  srcpub
21:52:37     1000     19878    0.40    0.20    0.00    0.00    0.60     1  srcpub
21:52:37     1000     19879    0.00    0.20    0.00    0.00    0.20     1  srcpub
21:52:37     1000     19881    0.20    0.20    0.00    0.00    0.40     0  srcpub
21:52:37     1000     19882    0.00    0.20    0.00    0.00    0.20    15  srcpub
21:52:37     1000     19884    0.20    0.40    0.00    0.00    0.60    15  srcpub
21:52:37     1000     19885    0.40    0.20    0.00    0.00    0.60     6  srcpub
21:52:37     1000     19886    0.40    0.00    0.00    0.00    0.40    11  srcpub
21:52:37     1000     19887    0.20    0.20    0.00    0.00    0.40     6  srcpub
21:52:37     1000     19894    0.20    0.20    0.00    0.00    0.40     4  srcpub
21:52:37     1000     28824    0.20    0.00    0.00    0.00    0.20    13  chrome
21:52:37     1000     29045    8.80    1.00    0.00    0.00    9.80     8  chrome
21:52:37     1000     29047    0.20    0.00    0.00    0.00    0.20     7  chrome
21:52:37     1000     29091   16.60    1.20    0.00    0.00   17.80     5  chrome
21:52:37      997     30965    1.00    0.20    0.00    0.00    1.20    12  ffmpeg
21:52:37      997     30966    0.80    0.20    0.00    0.00    1.00    13  ffmpeg
21:52:37      997     30967    0.20    0.20    0.00    0.00    0.40    10  ffmpeg
21:52:37      997     30968    0.20    0.20    0.00    0.00    0.40    14  ffmpeg
21:52:37      997     30969    0.20    0.20    0.00    0.00    0.40    15  ffmpeg
21:52:37      997     30970    0.40    0.20    0.00    0.00    0.60     2  ffmpeg
21:52:37      997     30971    0.40    0.20    0.00    0.00    0.60     1  ffmpeg
21:52:37      997     30972    0.20    0.00    0.00    0.00    0.20     0  ffmpeg
21:52:37      997     30973    0.40    0.00    0.00    0.00    0.40     8  ffmpeg
21:52:37      997     30974    0.40    0.00    0.00    0.00    0.40    15  ffmpeg
21:52:37      997     30975    0.20    0.00    0.00    0.00    0.20    14  ffmpeg
21:52:37      997     30976    0.40    0.20    0.00    0.00    0.60    13  ffmpeg
21:52:37      997     30977    0.40    0.20    0.00    0.00    0.60     8  ffmpeg
21:52:37      997     30978    0.20    0.20    0.00    0.00    0.40     1  ffmpeg
21:52:37      997     30979    0.40    0.20    0.00    0.00    0.60     3  ffmpeg
21:52:37      997     30980    0.20    0.40    0.00    0.00    0.60     5  ffmpeg
21:52:37      997     35582    0.60    0.20    0.00    0.00    0.80     6  ffmpeg
21:52:37      997     35583    0.20    0.20    0.00    0.00    0.40     6  ffmpeg
21:52:37      997     35584    0.20    0.20    0.00    0.00    0.40     1  ffmpeg
21:52:37      997     35585    0.20    0.20    0.00    0.00    0.40     2  ffmpeg
21:52:37      997     35586    0.00    0.20    0.00    0.00    0.20    10  ffmpeg
21:52:37      997     35587    0.20    0.00    0.00    0.00    0.20     6  ffmpeg
21:52:37      997     35588    0.20    0.00    0.00    0.00    0.20     1  ffmpeg
21:52:37      997     35589    0.20    0.20    0.00    0.00    0.40    15  ffmpeg
21:52:37      997     35590    0.20    0.20    0.00    0.00    0.40     5  ffmpeg

# Time        UID       PID    %usr %system  %guest   %wait    %CPU   CPU  Command
21:52:42     1000     19830    9.80    6.20    0.00    0.00   16.00    14  mediamtx
21:52:42     1000     19846    0.40    0.00    0.00    0.00    0.40     0  srcpub
21:52:42     1000     19847    0.20    0.20    0.00    0.00    0.40    12  srcpub
21:52:42     1000     19849    0.20    0.20    0.00    0.00    0.40    14  srcpub
21:52:42     1000     19850    0.20    0.20    0.00    0.00    0.40    12  srcpub
21:52:42     1000     19851    0.00    0.40    0.00    0.00    0.40    15  srcpub
21:52:42     1000     19853    0.00    0.40    0.00    0.00    0.40     7  srcpub
21:52:42     1000     19854    0.20    0.20    0.00    0.00    0.40    15  srcpub
21:52:42     1000     19855    0.20    0.20    0.00    0.00    0.40     9  srcpub
21:52:42     1000     19856    0.20    0.20    0.00    0.00    0.40    14  srcpub
21:52:42     1000     19857    0.40    0.20    0.00    0.00    0.60    13  srcpub
21:52:42     1000     19858    0.20    0.20    0.00    0.00    0.40    12  srcpub
21:52:42     1000     19860    0.20    0.00    0.00    0.00    0.20     9  srcpub
21:52:42     1000     19862    0.20    0.40    0.00    0.00    0.60     9  srcpub
21:52:42     1000     19863    0.00    0.60    0.00    0.00    0.60    12  srcpub
21:52:42     1000     19864    0.20    0.20    0.00    0.00    0.40     3  srcpub
21:52:42     1000     19865    0.20    0.40    0.00    0.00    0.60     2  srcpub
21:52:42     1000     19868    0.20    0.20    0.00    0.00    0.40    15  srcpub
21:52:42     1000     19874    0.20    0.20    0.00    0.00    0.40    15  srcpub
21:52:42     1000     19877    0.40    0.20    0.00    0.00    0.60     3  srcpub
21:52:42     1000     19878    0.20    0.20    0.00    0.00    0.40     1  srcpub
21:52:42     1000     19879    0.20    0.20    0.00    0.00    0.40     0  srcpub
21:52:42     1000     19881    0.20    0.40    0.00    0.00    0.60     0  srcpub
21:52:42     1000     19882    0.00    0.20    0.00    0.00    0.20     0  srcpub
21:52:42     1000     19884    0.20    0.20    0.00    0.00    0.40    14  srcpub
21:52:42     1000     19885    0.20    0.40    0.00    0.00    0.60    10  srcpub
21:52:42     1000     19886    0.20    0.20    0.00    0.00    0.40    11  srcpub
21:52:42     1000     19887    0.20    0.20    0.00    0.00    0.40     7  srcpub
21:52:42     1000     19894    0.20    0.40    0.00    0.00    0.60     6  srcpub
21:52:42     1000     27919    0.20    0.00    0.00    0.00    0.20     4  chrome
21:52:42     1000     28824    0.00    0.20    0.00    0.00    0.20    13  chrome
21:52:42     1000     29045    8.40    1.40    0.00    0.00    9.80     4  chrome
21:52:42     1000     29047    0.40    0.40    0.00    0.00    0.80     7  chrome
21:52:42     1000     29091   16.60    1.00    0.00    0.00   17.60     3  chrome
21:52:42      997     30965    0.80    0.40    0.00    0.00    1.20    15  ffmpeg
21:52:42      997     30966    0.60    0.20    0.00    0.00    0.80    13  ffmpeg
21:52:42      997     30967    0.40    0.20    0.00    0.00    0.60    14  ffmpeg
21:52:42      997     30968    0.20    0.20    0.00    0.00    0.40    14  ffmpeg
21:52:42      997     30969    0.20    0.20    0.00    0.00    0.40     1  ffmpeg
21:52:42      997     30970    0.20    0.20    0.00    0.00    0.40     9  ffmpeg
21:52:42      997     30971    0.20    0.20    0.00    0.00    0.40     2  ffmpeg
21:52:42      997     30972    0.40    0.20    0.00    0.00    0.60     1  ffmpeg
21:52:42      997     30973    0.20    0.20    0.00    0.00    0.40    12  ffmpeg
21:52:42      997     30974    0.20    0.20    0.00    0.00    0.40     9  ffmpeg
21:52:42      997     30975    0.40    0.20    0.00    0.00    0.60     2  ffmpeg
21:52:42      997     30976    0.20    0.20    0.00    0.00    0.40    15  ffmpeg
21:52:42      997     30977    0.20    0.00    0.00    0.00    0.20     8  ffmpeg
21:52:42      997     30978    0.40    0.20    0.00    0.00    0.60     1  ffmpeg
21:52:42      997     30979    0.40    0.00    0.00    0.00    0.40     7  ffmpeg
21:52:42      997     30980    0.20    0.20    0.00    0.00    0.40     9  ffmpeg
21:52:42      997     35582    0.60    0.40    0.00    0.00    1.00    12  ffmpeg
21:52:42      997     35583    0.20    0.00    0.00    0.00    0.20     2  ffmpeg
21:52:42      997     35584    0.20    0.00    0.00    0.00    0.20    13  ffmpeg
21:52:42      997     35585    0.20    0.00    0.00    0.00    0.20    15  ffmpeg
21:52:42      997     35586    0.20    0.00    0.00    0.00    0.20    11  ffmpeg
21:52:42      997     35587    0.20    0.20    0.00    0.00    0.40    13  ffmpeg
21:52:42      997     35588    0.40    0.00    0.00    0.00    0.40     0  ffmpeg
21:52:42      997     35589    0.20    0.00    0.00    0.00    0.20     1  ffmpeg
21:52:42      997     35590    0.20    0.00    0.00    0.00    0.20    11  ffmpeg

# Time        UID       PID    %usr %system  %guest   %wait    %CPU   CPU  Command
21:52:47     1000     19830    9.80    6.40    0.00    0.00   16.20    14  mediamtx
21:52:47     1000     19846    0.40    0.40    0.00    0.00    0.80     0  srcpub
21:52:47     1000     19847    0.20    0.20    0.00    0.00    0.40    15  srcpub
21:52:47     1000     19849    0.20    0.40    0.00    0.00    0.60    14  srcpub
21:52:47     1000     19850    0.00    0.20    0.00    0.00    0.20     0  srcpub
21:52:47     1000     19851    0.40    0.20    0.00    0.00    0.60    15  srcpub
21:52:47     1000     19853    0.20    0.40    0.00    0.00    0.60     5  srcpub
21:52:47     1000     19854    0.20    0.20    0.00    0.00    0.40     0  srcpub
21:52:47     1000     19855    0.00    0.20    0.00    0.00    0.20    11  srcpub
21:52:47     1000     19856    0.00    0.40    0.00    0.00    0.40    14  srcpub
21:52:47     1000     19857    0.20    0.20    0.00    0.00    0.40     6  srcpub
21:52:47     1000     19858    0.20    0.20    0.00    0.00    0.40    14  srcpub
21:52:47     1000     19860    0.40    0.00    0.00    0.00    0.40     7  srcpub
21:52:47     1000     19862    0.20    0.20    0.00    0.00    0.40    13  srcpub
21:52:47     1000     19863    0.40    0.20    0.00    0.00    0.60     4  srcpub
21:52:47     1000     19864    0.20    0.00    0.00    0.00    0.20     5  srcpub
21:52:47     1000     19865    0.20    0.20    0.00    0.00    0.40     7  srcpub
21:52:47     1000     19868    0.40    0.40    0.00    0.00    0.80     4  srcpub
21:52:47     1000     19874    0.20    0.20    0.00    0.00    0.40     6  srcpub
21:52:47     1000     19877    0.20    0.40    0.00    0.00    0.60    13  srcpub
21:52:47     1000     19878    0.20    0.20    0.00    0.00    0.40     7  srcpub
21:52:47     1000     19879    0.00    0.40    0.00    0.00    0.40    10  srcpub
21:52:47     1000     19881    0.20    0.40    0.00    0.00    0.60     8  srcpub
21:52:47     1000     19882    0.20    0.20    0.00    0.00    0.40    15  srcpub
21:52:47     1000     19884    0.20    0.40    0.00    0.00    0.60     2  srcpub
21:52:47     1000     19885    0.20    0.40    0.00    0.00    0.60     8  srcpub
21:52:47     1000     19886    0.20    0.40    0.00    0.00    0.60    14  srcpub
21:52:47     1000     19887    0.20    0.20    0.00    0.00    0.40     8  srcpub
21:52:47     1000     19894    0.20    0.40    0.00    0.00    0.60     6  srcpub
21:52:47     1000     26207    0.20    0.00    0.00    0.00    0.20     6  chrome
21:52:47     1000     27805    0.20    0.00    0.00    0.00    0.20    15  chrome
21:52:47     1000     28824    0.20    0.00    0.00    0.00    0.20    14  chrome
21:52:47     1000     29045    8.80    1.20    0.00    0.00   10.00     7  chrome
21:52:47     1000     29047    0.00    0.20    0.00    0.00    0.20     7  chrome
21:52:47     1000     29091   17.00    1.00    0.00    0.00   18.00     7  chrome
21:52:47      997     30965    0.80    0.40    0.00    0.00    1.20    12  ffmpeg
21:52:47      997     30966    0.80    0.20    0.00    0.00    1.00     6  ffmpeg
21:52:47      997     30967    0.40    0.00    0.00    0.00    0.40     7  ffmpeg
21:52:47      997     30968    0.40    0.20    0.00    0.00    0.60    12  ffmpeg
21:52:47      997     30969    0.40    0.20    0.00    0.00    0.60     2  ffmpeg
21:52:47      997     30970    0.40    0.20    0.00    0.00    0.60    11  ffmpeg
21:52:47      997     30971    0.20    0.20    0.00    0.00    0.40     1  ffmpeg
21:52:47      997     30972    0.20    0.20    0.00    0.00    0.40     4  ffmpeg
21:52:47      997     30973    0.20    0.20    0.00    0.00    0.40     1  ffmpeg
21:52:47      997     30974    0.40    0.20    0.00    0.00    0.60    11  ffmpeg
21:52:47      997     30975    0.20    0.20    0.00    0.00    0.40     4  ffmpeg
21:52:47      997     30976    0.20    0.20    0.00    0.00    0.40    14  ffmpeg
21:52:47      997     30977    0.40    0.20    0.00    0.00    0.60    12  ffmpeg
21:52:47      997     30978    0.20    0.20    0.00    0.00    0.40     1  ffmpeg
21:52:47      997     30979    0.40    0.20    0.00    0.00    0.60     8  ffmpeg
21:52:47      997     30980    0.20    0.40    0.00    0.00    0.60     0  ffmpeg
21:52:47      997     35582    0.80    0.40    0.00    0.00    1.20     7  ffmpeg
21:52:47      997     35583    0.40    0.00    0.00    0.00    0.40     9  ffmpeg
21:52:47      997     35584    0.20    0.20    0.00    0.00    0.40     9  ffmpeg
21:52:47      997     35585    0.20    0.20    0.00    0.00    0.40    15  ffmpeg
21:52:47      997     35586    0.20    0.20    0.00    0.00    0.40    11  ffmpeg
21:52:47      997     35587    0.20    0.20    0.00    0.00    0.40    13  ffmpeg
21:52:47      997     35588    0.00    0.20    0.00    0.00    0.20     4  ffmpeg
21:52:47      997     35589    0.20    0.20    0.00    0.00    0.40     4  ffmpeg
21:52:47      997     35590    0.20    0.20    0.00    0.00    0.40    11  ffmpeg

# Time        UID       PID    %usr %system  %guest   %wait    %CPU   CPU  Command
21:52:52     1000     19830   10.20    6.00    0.00    0.00   16.20    14  mediamtx
21:52:52     1000     19846    0.20    0.20    0.00    0.00    0.40     0  srcpub
21:52:52     1000     19847    0.20    0.20    0.00    0.00    0.40    15  srcpub
21:52:52     1000     19849    0.20    0.20    0.00    0.00    0.40    12  srcpub
21:52:52     1000     19850    0.40    0.00    0.00    0.00    0.40     0  srcpub
21:52:52     1000     19851    0.20    0.20    0.00    0.00    0.40     2  srcpub
21:52:52     1000     19853    0.20    0.40    0.00    0.00    0.60     7  srcpub
21:52:52     1000     19854    0.20    0.00    0.00    0.00    0.20     0  srcpub
21:52:52     1000     19855    0.20    0.20    0.00    0.00    0.40    10  srcpub
21:52:52     1000     19856    0.00    0.40    0.00    0.00    0.40    15  srcpub
21:52:52     1000     19857    0.40    0.20    0.00    0.00    0.60     7  srcpub
21:52:52     1000     19858    0.00    0.20    0.00    0.00    0.20    12  srcpub
21:52:52     1000     19860    0.20    0.20    0.00    0.00    0.40     1  srcpub
21:52:52     1000     19862    0.00    0.20    0.00    0.00    0.20     1  srcpub
21:52:52     1000     19863    0.20    0.40    0.00    0.00    0.60    12  srcpub
21:52:52     1000     19864    0.40    0.00    0.00    0.00    0.40     5  srcpub
21:52:52     1000     19865    0.00    0.20    0.00    0.00    0.20     7  srcpub
21:52:52     1000     19868    0.20    0.20    0.00    0.00    0.40     9  srcpub
21:52:52     1000     19874    0.20    0.00    0.00    0.00    0.20     6  srcpub
21:52:52     1000     19877    0.00    0.40    0.00    0.00    0.40     0  srcpub
21:52:52     1000     19878    0.20    0.20    0.00    0.00    0.40     8  srcpub
21:52:52     1000     19879    0.00    0.40    0.00    0.00    0.40     8  srcpub
21:52:52     1000     19881    0.00    0.20    0.00    0.00    0.20    12  srcpub
21:52:52     1000     19882    0.00    0.40    0.00    0.00    0.40    13  srcpub
21:52:52     1000     19884    0.00    0.20    0.00    0.00    0.20     7  srcpub
21:52:52     1000     19885    0.20    0.20    0.00    0.00    0.40     2  srcpub
21:52:52     1000     19886    0.00    0.40    0.00    0.00    0.40    14  srcpub
21:52:52     1000     19887    0.00    0.40    0.00    0.00    0.40     7  srcpub
21:52:52     1000     19894    0.40    0.20    0.00    0.00    0.60     8  srcpub
21:52:52     1000     26251    0.20    0.00    0.00    0.00    0.20     5  chrome
21:52:52     1000     29045    8.80    1.20    0.00    0.00   10.00     5  chrome
21:52:52     1000     29047    0.20    0.20    0.00    0.00    0.40     7  chrome
21:52:52     1000     29058    0.20    0.00    0.00    0.00    0.20     5  chrome
21:52:52     1000     29091   16.20    1.20    0.00    0.00   17.40     6  chrome
21:52:52      997     30965    0.80    0.40    0.00    0.00    1.20    11  ffmpeg
21:52:52      997     30966    0.60    0.20    0.00    0.00    0.80    13  ffmpeg
21:52:52      997     30967    0.20    0.20    0.00    0.00    0.40     4  ffmpeg
21:52:52      997     30968    0.20    0.20    0.00    0.00    0.40    12  ffmpeg
21:52:52      997     30969    0.20    0.20    0.00    0.00    0.40     1  ffmpeg
21:52:52      997     30970    0.20    0.20    0.00    0.00    0.40     5  ffmpeg
21:52:52      997     30971    0.40    0.20    0.00    0.00    0.60     6  ffmpeg
21:52:52      997     30972    0.40    0.00    0.00    0.00    0.40    13  ffmpeg
21:52:52      997     30973    0.40    0.20    0.00    0.00    0.60     1  ffmpeg
21:52:52      997     30974    0.20    0.20    0.00    0.00    0.40     9  ffmpeg
21:52:52      997     30975    0.20    0.40    0.00    0.00    0.60    12  ffmpeg
21:52:52      997     30976    0.20    0.40    0.00    0.00    0.60    14  ffmpeg
21:52:52      997     30977    0.20    0.20    0.00    0.00    0.40     7  ffmpeg
21:52:52      997     30978    0.20    0.20    0.00    0.00    0.40    15  ffmpeg
21:52:52      997     30979    0.20    0.20    0.00    0.00    0.40    15  ffmpeg
21:52:52      997     30980    0.20    0.20    0.00    0.00    0.40     0  ffmpeg
21:52:52      997     35582    0.80    0.20    0.00    0.00    1.00     5  ffmpeg
21:52:52      997     35583    0.20    0.20    0.00    0.00    0.40     9  ffmpeg
21:52:52      997     35584    0.20    0.00    0.00    0.00    0.20     9  ffmpeg
21:52:52      997     35585    0.20    0.00    0.00    0.00    0.20    15  ffmpeg
21:52:52      997     35586    0.20    0.00    0.00    0.00    0.20     9  ffmpeg
21:52:52      997     35587    0.20    0.00    0.00    0.00    0.20    14  ffmpeg
21:52:52      997     35588    0.40    0.00    0.00    0.00    0.40     0  ffmpeg
21:52:52      997     35589    0.20    0.00    0.00    0.00    0.20     8  ffmpeg
21:52:52      997     35590    0.20    0.20    0.00    0.00    0.40     4  ffmpeg

# Time        UID       PID    %usr %system  %guest   %wait    %CPU   CPU  Command
21:52:57     1000     19830    9.20    6.40    0.00    0.00   15.60    14  mediamtx
21:52:57     1000     19846    0.20    0.20    0.00    0.00    0.40    13  srcpub
21:52:57     1000     19847    0.20    0.40    0.00    0.00    0.60    15  srcpub
21:52:57     1000     19849    0.00    0.40    0.00    0.00    0.40    14  srcpub
21:52:57     1000     19850    0.00    0.20    0.00    0.00    0.20    10  srcpub
21:52:57     1000     19851    0.20    0.20    0.00    0.00    0.40     9  srcpub
21:52:57     1000     19853    0.20    0.40    0.00    0.00    0.60    15  srcpub
21:52:57     1000     19854    0.20    0.40    0.00    0.00    0.60    15  srcpub
21:52:57     1000     19855    0.20    0.20    0.00    0.00    0.40     2  srcpub
21:52:57     1000     19856    0.00    0.20    0.00    0.00    0.20     2  srcpub
21:52:57     1000     19857    0.20    0.20    0.00    0.00    0.40     8  srcpub
21:52:57     1000     19858    0.20    0.20    0.00    0.00    0.40    12  srcpub
21:52:57     1000     19860    0.20    0.20    0.00    0.00    0.40     1  srcpub
21:52:57     1000     19862    0.00    0.40    0.00    0.00    0.40     2  srcpub
21:52:57     1000     19863    0.20    0.40    0.00    0.00    0.60     2  srcpub
21:52:57     1000     19864    0.20    0.20    0.00    0.00    0.40     7  srcpub
21:52:57     1000     19865    0.20    0.20    0.00    0.00    0.40     2  srcpub
21:52:57     1000     19868    0.20    0.40    0.00    0.00    0.60     8  srcpub
21:52:57     1000     19874    0.00    0.20    0.00    0.00    0.20     6  srcpub
21:52:57     1000     19877    0.00    0.40    0.00    0.00    0.40     7  srcpub
21:52:57     1000     19878    0.20    0.20    0.00    0.00    0.40     8  srcpub
21:52:57     1000     19879    0.20    0.20    0.00    0.00    0.40     8  srcpub
21:52:57     1000     19881    0.20    0.40    0.00    0.00    0.60     2  srcpub
21:52:57     1000     19882    0.20    0.00    0.00    0.00    0.20    15  srcpub
21:52:57     1000     19884    0.20    0.40    0.00    0.00    0.60     0  srcpub
21:52:57     1000     19885    0.20    0.20    0.00    0.00    0.40     1  srcpub
21:52:57     1000     19886    0.40    0.20    0.00    0.00    0.60     4  srcpub
21:52:57     1000     19887    0.20    0.20    0.00    0.00    0.40     9  srcpub
21:52:57     1000     19894    0.20    0.20    0.00    0.00    0.40     4  srcpub
21:52:57     1000     26251    0.00    0.20    0.00    0.00    0.20     5  chrome
21:52:57     1000     28824    0.20    0.00    0.00    0.00    0.20    14  chrome
21:52:57     1000     29045    8.60    1.40    0.00    0.00   10.00    13  chrome
21:52:57     1000     29047    0.20    0.20    0.00    0.00    0.40     3  chrome
21:52:57     1000     29091   16.40    1.00    0.00    0.00   17.40     5  chrome
21:52:57      997     30965    0.60    0.60    0.00    0.00    1.20    12  ffmpeg
21:52:57      997     30966    0.60    0.40    0.00    0.00    1.00     6  ffmpeg
21:52:57      997     30967    0.40    0.20    0.00    0.00    0.60     4  ffmpeg
21:52:57      997     30968    0.40    0.20    0.00    0.00    0.60    12  ffmpeg
21:52:57      997     30969    0.40    0.00    0.00    0.00    0.40    12  ffmpeg
21:52:57      997     30970    0.20    0.00    0.00    0.00    0.20    13  ffmpeg
21:52:57      997     30971    0.00    0.40    0.00    0.00    0.40    15  ffmpeg
21:52:57      997     30972    0.20    0.20    0.00    0.00    0.40     6  ffmpeg
21:52:57      997     30973    0.20    0.20    0.00    0.00    0.40     2  ffmpeg
21:52:57      997     30974    0.40    0.20    0.00    0.00    0.60    10  ffmpeg
21:52:57      997     30975    0.20    0.00    0.00    0.00    0.20    14  ffmpeg
21:52:57      997     30976    0.40    0.20    0.00    0.00    0.60     4  ffmpeg
21:52:57      997     30977    0.20    0.20    0.00    0.00    0.40     7  ffmpeg
21:52:57      997     30978    0.40    0.20    0.00    0.00    0.60     2  ffmpeg
21:52:57      997     30979    0.20    0.00    0.00    0.00    0.20    14  ffmpeg
21:52:57      997     30980    0.40    0.00    0.00    0.00    0.40    10  ffmpeg
21:52:57      997     35582    0.60    0.40    0.00    0.00    1.00    11  ffmpeg
21:52:57      997     35583    0.20    0.00    0.00    0.00    0.20     6  ffmpeg
21:52:57      997     35584    0.40    0.00    0.00    0.00    0.40     6  ffmpeg
21:52:57      997     35585    0.20    0.00    0.00    0.00    0.20    12  ffmpeg
21:52:57      997     35586    0.20    0.00    0.00    0.00    0.20    12  ffmpeg
21:52:57      997     35587    0.20    0.00    0.00    0.00    0.20    14  ffmpeg
21:52:57      997     35588    0.20    0.20    0.00    0.00    0.40    10  ffmpeg
21:52:57      997     35589    0.20    0.20    0.00    0.00    0.40     0  ffmpeg
21:52:57      997     35590    0.20    0.00    0.00    0.00    0.20    15  ffmpeg

# Time        UID       PID    %usr %system  %guest   %wait    %CPU   CPU  Command
21:53:02     1000     19830    9.40    6.80    0.00    0.00   16.20    14  mediamtx
21:53:02     1000     19846    0.00    0.40    0.00    0.00    0.40    10  srcpub
21:53:02     1000     19847    0.20    0.20    0.00    0.00    0.40    14  srcpub
21:53:02     1000     19849    0.20    0.20    0.00    0.00    0.40    10  srcpub
21:53:02     1000     19850    0.20    0.20    0.00    0.00    0.40    10  srcpub
21:53:02     1000     19851    0.00    0.20    0.00    0.00    0.20     3  srcpub
21:53:02     1000     19853    0.20    0.40    0.00    0.00    0.60    15  srcpub
21:53:02     1000     19854    0.20    0.00    0.00    0.00    0.20    15  srcpub
21:53:02     1000     19855    0.20    0.20    0.00    0.00    0.40     9  srcpub
21:53:02     1000     19856    0.00    0.40    0.00    0.00    0.40    10  srcpub
21:53:02     1000     19857    0.40    0.20    0.00    0.00    0.60     7  srcpub
21:53:02     1000     19858    0.00    0.40    0.00    0.00    0.40     9  srcpub
21:53:02     1000     19860    0.00    0.40    0.00    0.00    0.40     8  srcpub
21:53:02     1000     19862    0.20    0.20    0.00    0.20    0.40    15  srcpub
21:53:02     1000     19863    0.20    0.20    0.00    0.00    0.40    12  srcpub
21:53:02     1000     19864    0.20    0.00    0.00    0.00    0.20     6  srcpub
21:53:02     1000     19865    0.20    0.20    0.00    0.00    0.40    12  srcpub
21:53:02     1000     19868    0.20    0.20    0.00    0.00    0.40     4  srcpub
21:53:02     1000     19874    0.40    0.00    0.00    0.00    0.40     3  srcpub
21:53:02     1000     19877    0.20    0.20    0.00    0.00    0.40    15  srcpub
21:53:02     1000     19878    0.20    0.20    0.00    0.00    0.40     9  srcpub
21:53:02     1000     19879    0.20    0.40    0.00    0.00    0.60    15  srcpub
21:53:02     1000     19881    0.20    0.20    0.00    0.00    0.40    14  srcpub
21:53:02     1000     19882    0.00    0.40    0.00    0.00    0.40     7  srcpub
21:53:02     1000     19884    0.20    0.40    0.00    0.00    0.60     2  srcpub
21:53:02     1000     19885    0.20    0.40    0.00    0.00    0.60     7  srcpub
21:53:02     1000     19886    0.20    0.20    0.00    0.00    0.40     0  srcpub
21:53:02     1000     19887    0.20    0.40    0.00    0.00    0.60     4  srcpub
21:53:02     1000     19894    0.20    0.40    0.00    0.00    0.60     8  srcpub
21:53:02     1000     29045    9.00    1.20    0.00    0.20   10.20    13  chrome
21:53:02     1000     29047    0.20    0.20    0.00    0.00    0.40     3  chrome
21:53:02     1000     29091   17.20    1.20    0.00    0.20   18.40    14  chrome
21:53:02      997     30965    0.80    0.20    0.00    0.00    1.00     4  ffmpeg
21:53:02      997     30966    0.80    0.20    0.00    0.00    1.00     6  ffmpeg
21:53:02      997     30967    0.40    0.00    0.00    0.20    0.40     8  ffmpeg
21:53:02      997     30968    0.20    0.20    0.00    0.00    0.40    12  ffmpeg
21:53:02      997     30969    0.40    0.00    0.00    0.00    0.40     9  ffmpeg
21:53:02      997     30970    0.20    0.40    0.00    0.00    0.60     9  ffmpeg
21:53:02      997     30971    0.20    0.40    0.00    0.00    0.60     0  ffmpeg
21:53:02      997     30972    0.40    0.20    0.00    0.00    0.60    12  ffmpeg
21:53:02      997     30973    0.20    0.20    0.00    0.00    0.40    14  ffmpeg
21:53:02      997     30974    0.20    0.00    0.00    0.00    0.20     9  ffmpeg
21:53:02      997     30975    0.40    0.20    0.00    0.00    0.60    14  ffmpeg
21:53:02      997     30976    0.20    0.20    0.00    0.00    0.40     9  ffmpeg
21:53:02      997     30977    0.40    0.20    0.00    0.00    0.60    12  ffmpeg
21:53:02      997     30978    0.00    0.20    0.00    0.00    0.20     1  ffmpeg
21:53:02      997     30979    0.20    0.20    0.00    0.00    0.40     7  ffmpeg
21:53:02      997     30980    0.40    0.00    0.00    0.00    0.40     3  ffmpeg
21:53:02      997     35582    0.60    0.40    0.00    0.00    1.00    13  ffmpeg
21:53:02      997     35583    0.20    0.20    0.00    0.00    0.40    15  ffmpeg
21:53:02      997     35584    0.00    0.20    0.00    0.00    0.20    15  ffmpeg
21:53:02      997     35585    0.20    0.20    0.00    0.00    0.40     4  ffmpeg
21:53:02      997     35586    0.20    0.20    0.00    0.00    0.40     4  ffmpeg
21:53:02      997     35587    0.20    0.20    0.00    0.00    0.40    12  ffmpeg
21:53:02      997     35589    0.20    0.00    0.00    0.00    0.20     5  ffmpeg
21:53:02      997     35590    0.00    0.20    0.00    0.00    0.20    10  ffmpeg

# Time        UID       PID    %usr %system  %guest   %wait    %CPU   CPU  Command
21:53:07     1000     19830    6.40    5.60    0.00    0.00   12.00    14  mediamtx
21:53:07     1000     19846    0.20    0.20    0.00    0.00    0.40    14  srcpub
21:53:07     1000     19847    0.20    0.20    0.00    0.00    0.40    13  srcpub
21:53:07     1000     19849    0.20    0.20    0.00    0.00    0.40    10  srcpub
21:53:07     1000     19850    0.20    0.00    0.00    0.00    0.20    10  srcpub
21:53:07     1000     19851    0.20    0.20    0.00    0.00    0.40     9  srcpub
21:53:07     1000     19854    0.00    0.20    0.00    0.00    0.20     2  srcpub
21:53:07     1000     19855    0.20    0.20    0.00    0.00    0.40    15  srcpub
21:53:07     1000     19856    0.00    0.20    0.00    0.00    0.20    12  srcpub
21:53:07     1000     19857    0.20    0.00    0.00    0.00    0.20     5  srcpub
21:53:07     1000     19858    0.20    0.20    0.00    0.00    0.40     9  srcpub
21:53:07     1000     19860    0.20    0.20    0.00    0.00    0.40     5  srcpub
21:53:07     1000     19862    0.20    0.00    0.00    0.00    0.20    15  srcpub
21:53:07     1000     19863    0.20    0.20    0.00    0.00    0.40     2  srcpub
21:53:07     1000     19864    0.20    0.00    0.00    0.00    0.20    11  srcpub
21:53:07     1000     19865    0.20    0.20    0.00    0.00    0.40    12  srcpub
21:53:07     1000     19868    0.20    0.20    0.00    0.00    0.40     6  srcpub
21:53:07     1000     19874    0.20    0.00    0.00    0.00    0.20     3  srcpub
21:53:07     1000     19877    0.20    0.20    0.00    0.00    0.40    15  srcpub
21:53:07     1000     19878    0.20    0.20    0.00    0.00    0.40     9  srcpub
21:53:07     1000     19879    0.20    0.00    0.00    0.00    0.20    15  srcpub
21:53:07     1000     19881    0.00    0.40    0.00    0.00    0.40    14  srcpub
21:53:07     1000     19884    0.00    0.20    0.00    0.00    0.20     7  srcpub
21:53:07     1000     19885    0.20    0.20    0.00    0.00    0.40     3  srcpub
21:53:07     1000     19886    0.20    0.20    0.00    0.00    0.40     1  srcpub
21:53:07     1000     19887    0.20    0.00    0.00    0.00    0.20     1  srcpub
21:53:07     1000     19894    0.20    0.20    0.00    0.00    0.40     3  srcpub
21:53:07     1000     28824    0.00    0.20    0.00    0.00    0.20     9  chrome
21:53:07     1000     29045    5.80    0.60    0.00    0.00    6.40    13  chrome
21:53:07     1000     29047    0.20    0.20    0.00    0.00    0.40     3  chrome
21:53:07     1000     29091   11.40    1.00    0.00    0.00   12.40     4  chrome
21:53:07      997     30965    0.60    0.40    0.00    0.00    1.00     8  ffmpeg
21:53:07      997     30966    0.40    0.20    0.00    0.00    0.60     7  ffmpeg
21:53:07      997     30967    0.20    0.20    0.00    0.00    0.40     5  ffmpeg
21:53:07      997     30968    0.40    0.00    0.00    0.00    0.40     2  ffmpeg
21:53:07      997     30969    0.20    0.20    0.00    0.00    0.40    11  ffmpeg
21:53:07      997     30970    0.20    0.20    0.00    0.00    0.40    10  ffmpeg
21:53:07      997     30971    0.20    0.20    0.00    0.00    0.40    14  ffmpeg
21:53:07      997     30972    0.20    0.00    0.00    0.00    0.20     9  ffmpeg
21:53:07      997     30973    0.40    0.00    0.00    0.00    0.40    15  ffmpeg
21:53:07      997     30974    0.20    0.20    0.00    0.00    0.40     6  ffmpeg
21:53:07      997     30975    0.00    0.20    0.00    0.00    0.20     2  ffmpeg
21:53:07      997     30976    0.00    0.20    0.00    0.00    0.20     8  ffmpeg
21:53:07      997     30977    0.20    0.20    0.00    0.00    0.40    12  ffmpeg
21:53:07      997     30978    0.40    0.00    0.00    0.00    0.40     2  ffmpeg
21:53:07      997     30979    0.40    0.20    0.00    0.00    0.60     7  ffmpeg
21:53:07      997     30980    0.20    0.20    0.00    0.00    0.40     1  ffmpeg
21:53:07      997     35582    0.60    0.00    0.00    0.00    0.60    10  ffmpeg
21:53:07      997     35583    0.20    0.00    0.00    0.00    0.20     5  ffmpeg
21:53:07      997     35584    0.40    0.00    0.00    0.00    0.40    13  ffmpeg
21:53:07      997     35586    0.20    0.00    0.00    0.00    0.20    11  ffmpeg
21:53:07      997     35587    0.20    0.00    0.00    0.00    0.20    12  ffmpeg
21:53:07      997     35588    0.20    0.00    0.00    1.00    0.20    15  ffmpeg
21:53:07      997     35589    0.40    0.00    0.00    0.00    0.40     4  ffmpeg
21:53:07      997     35590    0.20    0.00    0.00    0.00    0.20    12  ffmpeg

# Time        UID       PID    %usr %system  %guest   %wait    %CPU   CPU  Command
21:53:12     1000     19830    8.20    6.80    0.00    0.00   15.00    14  mediamtx
21:53:12     1000     19846    0.20    0.20    0.00    0.00    0.40    11  srcpub
21:53:12     1000     19847    0.20    0.00    0.00    0.00    0.20    13  srcpub
21:53:12     1000     19849    0.00    0.40    0.00    0.00    0.40    10  srcpub
21:53:12     1000     19850    0.20    0.20    0.00    0.00    0.40    10  srcpub
21:53:12     1000     19851    0.20    0.20    0.00    0.00    0.40     9  srcpub
21:53:12     1000     19853    0.40    0.20    0.00    0.00    0.60    12  srcpub
21:53:12     1000     19854    0.20    0.00    0.00    0.00    0.20     8  srcpub
21:53:12     1000     19855    0.00    0.20    0.00    0.00    0.20     0  srcpub
21:53:12     1000     19856    0.00    0.20    0.00    0.00    0.20    10  srcpub
21:53:12     1000     19857    0.40    0.00    0.00    0.00    0.40     3  srcpub
21:53:12     1000     19858    0.00    0.20    0.00    0.00    0.20     2  srcpub
21:53:12     1000     19860    0.00    0.40    0.00    0.00    0.40     8  srcpub
21:53:12     1000     19862    0.00    0.20    0.00    0.00    0.20     7  srcpub
21:53:12     1000     19863    0.20    0.20    0.00    0.00    0.40    12  srcpub
21:53:12     1000     19864    0.20    0.20    0.00    0.00    0.40     9  srcpub
21:53:12     1000     19865    0.20    0.20    0.00    0.00    0.40     7  srcpub
21:53:12     1000     19868    0.20    0.20    0.00    0.00    0.40     6  srcpub
21:53:12     1000     19874    0.00    0.20    0.00    0.00    0.20     3  srcpub
21:53:12     1000     19877    0.20    0.20    0.00    0.00    0.40     8  srcpub
21:53:12     1000     19878    0.40    0.20    0.00    0.00    0.60     9  srcpub
21:53:12     1000     19879    0.00    0.40    0.00    0.00    0.40    14  srcpub
21:53:12     1000     19881    0.20    0.00    0.00    0.00    0.20    15  srcpub
21:53:12     1000     19882    0.00    0.40    0.00    0.00    0.40     3  srcpub
21:53:12     1000     19884    0.20    0.20    0.00    0.00    0.40     0  srcpub
21:53:12     1000     19885    0.20    0.20    0.00    0.00    0.40    14  srcpub
21:53:12     1000     19886    0.20    0.20    0.00    0.00    0.40     0  srcpub
21:53:12     1000     19887    0.20    0.20    0.00    0.00    0.40     4  srcpub
21:53:12     1000     19894    0.20    0.20    0.00    0.00    0.40     3  srcpub
21:53:12     1000     26251    0.20    0.00    0.00    0.00    0.20    15  chrome
21:53:12     1000     28824    0.20    0.00    0.00    0.00    0.20    14  chrome
21:53:12     1000     29045    7.80    1.00    0.00    0.00    8.80     5  chrome
21:53:12     1000     29047    0.20    0.20    0.00    0.00    0.40     3  chrome
21:53:12     1000     29091   14.80    0.80    0.00    0.00   15.60     7  chrome
21:53:12      997     30965    0.60    0.40    0.00    0.00    1.00    11  ffmpeg
21:53:12      997     30966    0.60    0.40    0.00    0.00    1.00     0  ffmpeg
21:53:12      997     30967    0.20    0.20    0.00    0.00    0.40     0  ffmpeg
21:53:12      997     30968    0.20    0.20    0.00    0.00    0.40     4  ffmpeg
21:53:12      997     30969    0.20    0.20    0.00    0.00    0.40     0  ffmpeg
21:53:12      997     30970    0.20    0.20    0.00    0.00    0.40     8  ffmpeg
21:53:12      997     30971    0.20    0.00    0.00    0.00    0.20    15  ffmpeg
21:53:12      997     30972    0.20    0.40    0.00    0.00    0.60     9  ffmpeg
21:53:12      997     30973    0.20    0.20    0.00    0.00    0.40     7  ffmpeg
21:53:12      997     30974    0.20    0.20    0.00    0.00    0.40     9  ffmpeg
21:53:12      997     30975    0.40    0.20    0.00    0.00    0.60     9  ffmpeg
21:53:12      997     30976    0.20    0.20    0.00    0.00    0.40     9  ffmpeg
21:53:12      997     30977    0.20    0.20    0.00    0.00    0.40    12  ffmpeg
21:53:12      997     30978    0.40    0.20    0.00    0.00    0.60     6  ffmpeg
21:53:12      997     30979    0.20    0.00    0.00    0.00    0.20     8  ffmpeg
21:53:12      997     30980    0.20    0.20    0.00    0.00    0.40    12  ffmpeg
21:53:12      997     35582    0.60    0.40    0.00    0.00    1.00     7  ffmpeg
21:53:12      997     35583    0.20    0.20    0.00    0.00    0.40     5  ffmpeg
21:53:12      997     35584    0.20    0.20    0.00    0.00    0.40    11  ffmpeg
21:53:12      997     35585    0.20    0.20    0.00    0.00    0.40     4  ffmpeg
21:53:12      997     35586    0.20    0.20    0.00    0.00    0.40    13  ffmpeg
21:53:12      997     35587    0.20    0.00    0.00    0.00    0.20     0  ffmpeg
21:53:12      997     35588    0.20    0.20    0.00    0.00    0.40     8  ffmpeg
21:53:12      997     35589    0.20    0.20    0.00    0.00    0.40     9  ffmpeg
21:53:12      997     35590    0.20    0.00    0.00    0.00    0.20    14  ffmpeg

# Time        UID       PID    %usr %system  %guest   %wait    %CPU   CPU  Command
21:53:17     1000     19830    9.20    6.20    0.00    0.00   15.40    14  mediamtx
21:53:17     1000     19846    0.20    0.20    0.00    0.00    0.40    15  srcpub
21:53:17     1000     19847    0.20    0.40    0.00    0.00    0.60    13  srcpub
21:53:17     1000     19849    0.20    0.40    0.00    0.00    0.60    10  srcpub
21:53:17     1000     19850    0.20    0.20    0.00    0.00    0.40    12  srcpub
21:53:17     1000     19851    0.20    0.20    0.00    0.00    0.40     9  srcpub
21:53:17     1000     19853    0.40    0.20    0.00    0.00    0.60    12  srcpub
21:53:17     1000     19854    0.20    0.20    0.00    0.00    0.40     0  srcpub
21:53:17     1000     19855    0.20    0.20    0.00    0.00    0.40    15  srcpub
21:53:17     1000     19856    0.20    0.20    0.00    0.00    0.40    12  srcpub
21:53:17     1000     19857    0.40    0.20    0.00    0.00    0.60     0  srcpub
21:53:17     1000     19858    0.20    0.20    0.00    0.00    0.40    15  srcpub
21:53:17     1000     19860    0.20    0.20    0.00    0.00    0.40    12  srcpub
21:53:17     1000     19862    0.40    0.20    0.00    0.00    0.60     7  srcpub
21:53:17     1000     19863    0.20    0.40    0.00    0.00    0.60     2  srcpub
21:53:17     1000     19864    0.20    0.00    0.00    0.00    0.20     2  srcpub
21:53:17     1000     19865    0.00    0.20    0.00    0.00    0.20     4  srcpub
21:53:17     1000     19868    0.40    0.20    0.00    0.00    0.60     6  srcpub
21:53:17     1000     19874    0.20    0.00    0.00    0.00    0.20     6  srcpub
21:53:17     1000     19877    0.00    0.40    0.00    0.00    0.40    10  srcpub
21:53:17     1000     19878    0.20    0.20    0.00    0.00    0.40     9  srcpub
21:53:17     1000     19879    0.20    0.20    0.00    0.00    0.40    14  srcpub
21:53:17     1000     19881    0.20    0.40    0.00    0.00    0.60    15  srcpub
21:53:17     1000     19882    0.20    0.20    0.00    0.00    0.40     2  srcpub
21:53:17     1000     19884    0.20    0.20    0.00    0.00    0.40     0  srcpub
21:53:17     1000     19885    0.20    0.20    0.00    0.00    0.40     1  srcpub
21:53:17     1000     19886    0.40    0.00    0.00    0.00    0.40     5  srcpub
21:53:17     1000     19887    0.20    0.20    0.00    0.00    0.40     9  srcpub
21:53:17     1000     19894    0.20    0.40    0.00    0.00    0.60     3  srcpub
21:53:17     1000     28824    0.20    0.00    0.00    0.00    0.20     7  chrome
21:53:17     1000     29045    8.60    1.40    0.00    0.00   10.00     6  chrome
21:53:17     1000     29047    0.00    0.20    0.00    0.00    0.20     7  chrome
21:53:17     1000     29091   16.00    1.00    0.00    0.00   17.00     8  chrome
21:53:17      997     30965    0.80    0.40    0.00    0.00    1.20    10  ffmpeg
21:53:17      997     30966    0.60    0.40    0.00    0.00    1.00     9  ffmpeg
21:53:17      997     30967    0.40    0.00    0.00    0.00    0.40     9  ffmpeg
21:53:17      997     30968    0.20    0.20    0.00    0.00    0.40    15  ffmpeg
21:53:17      997     30969    0.40    0.00    0.00    0.00    0.40     0  ffmpeg
21:53:17      997     30970    0.20    0.20    0.00    0.00    0.40     9  ffmpeg
21:53:17      997     30971    0.20    0.20    0.00    0.00    0.40    15  ffmpeg
21:53:17      997     30972    0.40    0.00    0.00    0.00    0.40    10  ffmpeg
21:53:17      997     30973    0.40    0.20    0.00    0.00    0.60     4  ffmpeg
21:53:17      997     30974    0.40    0.20    0.00    0.00    0.60     4  ffmpeg
21:53:17      997     30975    0.40    0.20    0.00    0.00    0.60     9  ffmpeg
21:53:17      997     30976    0.40    0.20    0.00    0.00    0.60     1  ffmpeg
21:53:17      997     30977    0.20    0.20    0.00    0.00    0.40    14  ffmpeg
21:53:17      997     30978    0.20    0.20    0.00    0.00    0.40     8  ffmpeg
21:53:17      997     30979    0.20    0.20    0.00    0.00    0.40    10  ffmpeg
21:53:17      997     30980    0.20    0.20    0.00    0.00    0.40     1  ffmpeg
21:53:17      997     35582    0.80    0.20    0.00    0.00    1.00    12  ffmpeg
21:53:17      997     35583    0.20    0.00    0.00    0.00    0.20     4  ffmpeg
21:53:17      997     35584    0.20    0.00    0.00    0.00    0.20     0  ffmpeg
21:53:17      997     35585    0.20    0.20    0.00    0.00    0.40    15  ffmpeg
21:53:17      997     35586    0.20    0.00    0.00    0.00    0.20     8  ffmpeg
21:53:17      997     35587    0.20    0.20    0.00    0.00    0.40    13  ffmpeg
21:53:17      997     35588    0.20    0.00    0.00    0.00    0.20     3  ffmpeg
21:53:17      997     35589    0.20    0.00    0.00    0.00    0.20     2  ffmpeg
21:53:17      997     35590    0.20    0.00    0.00    0.00    0.20    12  ffmpeg

# Time        UID       PID    %usr %system  %guest   %wait    %CPU   CPU  Command
21:53:22     1000     19830    9.40    6.40    0.00    0.00   15.80    14  mediamtx
21:53:22     1000     19846    0.20    0.40    0.00    0.00    0.60    15  srcpub
21:53:22     1000     19847    0.20    0.20    0.00    0.00    0.40    14  srcpub
21:53:22     1000     19849    0.00    0.40    0.00    0.00    0.40     2  srcpub
21:53:22     1000     19850    0.20    0.20    0.00    0.00    0.40    12  srcpub
21:53:22     1000     19851    0.40    0.00    0.00    0.00    0.40     3  srcpub
21:53:22     1000     19853    0.20    0.20    0.00    0.00    0.40    12  srcpub
21:53:22     1000     19854    0.00    0.20    0.00    0.00    0.20     6  srcpub
21:53:22     1000     19855    0.20    0.20    0.00    0.00    0.40     3  srcpub
21:53:22     1000     19856    0.40    0.00    0.00    0.00    0.40    14  srcpub
21:53:22     1000     19857    0.40    0.20    0.00    0.00    0.60     2  srcpub
21:53:22     1000     19858    0.20    0.00    0.00    0.00    0.20    15  srcpub
21:53:22     1000     19860    0.20    0.20    0.00    0.00    0.40     1  srcpub
21:53:22     1000     19862    0.20    0.00    0.00    0.00    0.20     7  srcpub
21:53:22     1000     19863    0.20    0.20    0.00    0.00    0.40     2  srcpub
21:53:22     1000     19864    0.40    0.20    0.00    0.00    0.60     6  srcpub
21:53:22     1000     19865    0.20    0.40    0.00    0.00    0.60     4  srcpub
21:53:22     1000     19868    0.20    0.20    0.00    0.00    0.40     3  srcpub
21:53:22     1000     19874    0.40    0.00    0.00    0.00    0.40     2  srcpub
21:53:22     1000     19877    0.20    0.40    0.00    0.00    0.60     6  srcpub
21:53:22     1000     19878    0.00    0.20    0.00    0.00    0.20    11  srcpub
21:53:22     1000     19879    0.20    0.20    0.00    0.00    0.40    12  srcpub
21:53:22     1000     19881    0.20    0.20    0.00    0.00    0.40    15  srcpub
21:53:22     1000     19882    0.20    0.00    0.00    0.00    0.20     2  srcpub
21:53:22     1000     19884    0.00    0.40    0.00    0.00    0.40     7  srcpub
21:53:22     1000     19885    0.20    0.20    0.00    0.00    0.40     7  srcpub
21:53:22     1000     19886    0.20    0.20    0.00    0.00    0.40     4  srcpub
21:53:22     1000     19887    0.20    0.20    0.00    0.00    0.40    10  srcpub
21:53:22     1000     19894    0.00    0.40    0.00    0.00    0.40     3  srcpub
21:53:22     1000     26207    0.20    0.00    0.00    0.00    0.20     6  chrome
21:53:22     1000     26251    0.20    0.00    0.00    0.00    0.20    15  chrome
21:53:22     1000     29045    8.60    1.60    0.00    0.00   10.20     5  chrome
21:53:22     1000     29047    0.40    0.20    0.00    0.00    0.60     9  chrome
21:53:22     1000     29091   17.00    1.20    0.00    0.00   18.20     4  chrome
21:53:22      997     30965    0.60    0.40    0.00    0.00    1.00     7  ffmpeg
21:53:22      997     30966    0.80    0.00    0.00    0.20    0.80     9  ffmpeg
21:53:22      997     30967    0.20    0.20    0.00    0.00    0.40     9  ffmpeg
21:53:22      997     30968    0.20    0.20    0.00    0.00    0.40     4  ffmpeg
21:53:22      997     30969    0.20    0.20    0.00    0.00    0.40     9  ffmpeg
21:53:22      997     30970    0.40    0.00    0.00    0.00    0.40     7  ffmpeg
21:53:22      997     30971    0.40    0.20    0.00    0.00    0.60    15  ffmpeg
21:53:22      997     30972    0.20    0.20    0.00    0.00    0.40     2  ffmpeg
21:53:22      997     30973    0.20    0.00    0.00    0.00    0.20     8  ffmpeg
21:53:22      997     30974    0.20    0.20    0.00    0.00    0.40     4  ffmpeg
21:53:22      997     30975    0.40    0.00    0.00    0.00    0.40     2  ffmpeg
21:53:22      997     30976    0.20    0.20    0.00    0.00    0.40     9  ffmpeg
21:53:22      997     30977    0.20    0.00    0.00    0.00    0.20    12  ffmpeg
21:53:22      997     30978    0.40    0.20    0.00    0.00    0.60     2  ffmpeg
21:53:22      997     30979    0.40    0.20    0.00    0.00    0.60    10  ffmpeg
21:53:22      997     30980    0.20    0.20    0.00    0.00    0.40     1  ffmpeg
21:53:22      997     35582    0.60    0.40    0.00    0.00    1.00     0  ffmpeg
21:53:22      997     35583    0.20    0.20    0.00    0.00    0.40    10  ffmpeg
21:53:22      997     35584    0.40    0.00    0.00    0.00    0.40    14  ffmpeg
21:53:22      997     35586    0.20    0.00    0.00    0.00    0.20     5  ffmpeg
21:53:22      997     35587    0.40    0.00    0.00    0.00    0.40     6  ffmpeg
21:53:22      997     35588    0.20    0.20    0.00    0.00    0.40     3  ffmpeg
21:53:22      997     35589    0.20    0.20    0.00    0.00    0.40     7  ffmpeg
21:53:22      997     35590    0.40    0.20    0.00    0.00    0.60     5  ffmpeg

# Time        UID       PID    %usr %system  %guest   %wait    %CPU   CPU  Command
21:53:27     1000     19830    9.40    6.20    0.00    0.00   15.60    14  mediamtx
21:53:27     1000     19846    0.20    0.20    0.00    0.00    0.40    15  srcpub
21:53:27     1000     19847    0.20    0.20    0.00    0.00    0.40    14  srcpub
21:53:27     1000     19849    0.00    0.40    0.00    0.00    0.40     0  srcpub
21:53:27     1000     19850    0.20    0.20    0.00    0.00    0.40    15  srcpub
21:53:27     1000     19851    0.40    0.20    0.00    0.00    0.60     2  srcpub
21:53:27     1000     19853    0.40    0.20    0.00    0.00    0.60    15  srcpub
21:53:27     1000     19854    0.20    0.20    0.00    0.00    0.40     1  srcpub
21:53:27     1000     19855    0.20    0.20    0.00    0.00    0.40     4  srcpub
21:53:27     1000     19856    0.00    0.20    0.00    0.00    0.20     1  srcpub
21:53:27     1000     19857    0.20    0.00    0.00    0.00    0.20     6  srcpub
21:53:27     1000     19858    0.20    0.20    0.00    0.00    0.40     5  srcpub
21:53:27     1000     19860    0.20    0.20    0.00    0.00    0.40     6  srcpub
21:53:27     1000     19862    0.00    0.20    0.00    0.00    0.20    12  srcpub
21:53:27     1000     19863    0.20    0.20    0.00    0.00    0.40     2  srcpub
21:53:27     1000     19864    0.20    0.00    0.00    0.00    0.20     0  srcpub
21:53:27     1000     19865    0.20    0.20    0.00    0.00    0.40     4  srcpub
21:53:27     1000     19868    0.20    0.20    0.00    0.00    0.40     8  srcpub
21:53:27     1000     19874    0.20    0.00    0.00    0.00    0.20     2  srcpub
21:53:27     1000     19877    0.20    0.20    0.00    0.00    0.40    10  srcpub
21:53:27     1000     19878    0.20    0.40    0.00    0.00    0.60     8  srcpub
21:53:27     1000     19879    0.00    0.20    0.00    0.00    0.20    14  srcpub
21:53:27     1000     19881    0.20    0.20    0.00    0.00    0.40     7  srcpub
21:53:27     1000     19882    0.00    0.20    0.00    0.00    0.20     6  srcpub
21:53:27     1000     19884    0.20    0.20    0.00    0.00    0.40     9  srcpub
21:53:27     1000     19885    0.20    0.20    0.00    0.00    0.40     6  srcpub
21:53:27     1000     19886    0.20    0.20    0.00    0.00    0.40     8  srcpub
21:53:27     1000     19887    0.00    0.20    0.00    0.00    0.20    10  srcpub
21:53:27     1000     19894    0.40    0.20    0.00    0.00    0.60     6  srcpub
21:53:27     1000     28824    1.20    0.20    0.00    0.00    1.40     0  chrome
21:53:27     1000     29045    8.60    1.20    0.00    0.00    9.80     6  chrome
21:53:27     1000     29047    0.20    0.20    0.00    0.00    0.40     6  chrome
21:53:27     1000     29091   16.20    1.00    0.00    0.00   17.20    10  chrome
21:53:27      997     30965    0.80    0.40    0.00    0.00    1.20     5  ffmpeg
21:53:27      997     30966    0.60    0.40    0.00    0.00    1.00     7  ffmpeg
21:53:27      997     30967    0.40    0.00    0.00    0.00    0.40    14  ffmpeg
21:53:27      997     30968    0.40    0.00    0.00    0.00    0.40    15  ffmpeg
21:53:27      997     30969    0.20    0.20    0.00    0.00    0.40     9  ffmpeg
21:53:27      997     30970    0.20    0.20    0.00    0.00    0.40    14  ffmpeg
21:53:27      997     30971    0.00    0.40    0.00    0.00    0.40     3  ffmpeg
21:53:27      997     30972    0.20    0.20    0.00    0.00    0.40    10  ffmpeg
21:53:27      997     30973    0.40    0.20    0.00    0.00    0.60     9  ffmpeg
21:53:27      997     30974    0.20    0.20    0.00    0.00    0.40     0  ffmpeg
21:53:27      997     30975    0.00    0.40    0.00    0.00    0.40     2  ffmpeg
21:53:27      997     30976    0.20    0.00    0.00    0.00    0.20     1  ffmpeg
21:53:27      997     30977    0.40    0.20    0.00    0.00    0.60     9  ffmpeg
21:53:27      997     30978    0.20    0.20    0.00    0.00    0.40     2  ffmpeg
21:53:27      997     30979    0.20    0.00    0.00    0.00    0.20     2  ffmpeg
21:53:27      997     30980    0.20    0.20    0.00    0.00    0.40     4  ffmpeg
21:53:27      997     35582    0.80    0.20    0.00    0.00    1.00     8  ffmpeg
21:53:27      997     35583    0.20    0.00    0.00    0.00    0.20     5  ffmpeg
21:53:27      997     35584    0.20    0.00    0.00    0.00    0.20     1  ffmpeg
21:53:27      997     35585    0.20    0.00    0.00    0.00    0.20     6  ffmpeg
21:53:27      997     35586    0.20    0.20    0.00    0.00    0.40     6  ffmpeg
21:53:27      997     35587    0.20    0.00    0.00    0.00    0.20    11  ffmpeg
21:53:27      997     35588    0.20    0.00    0.00    0.00    0.20    10  ffmpeg
21:53:27      997     35589    0.20    0.00    0.00    0.00    0.20     8  ffmpeg
21:53:27      997     35590    0.20    0.00    0.00    0.00    0.20     5  ffmpeg

# Time        UID       PID    %usr %system  %guest   %wait    %CPU   CPU  Command
21:53:32     1000     19830    5.80    5.20    0.00    0.00   11.00    14  mediamtx
21:53:32     1000     19846    0.20    0.20    0.00    0.00    0.40     9  srcpub
21:53:32     1000     19847    0.20    0.20    0.00    0.00    0.40    10  srcpub
21:53:32     1000     19849    0.20    0.00    0.00    0.00    0.20     1  srcpub
21:53:32     1000     19850    0.20    0.00    0.00    0.00    0.20    15  srcpub
21:53:32     1000     19851    0.00    0.20    0.00    0.00    0.20     8  srcpub
21:53:32     1000     19853    0.00    0.20    0.00    0.00    0.20    15  srcpub
21:53:32     1000     19854    0.20    0.00    0.00    0.00    0.20    11  srcpub
21:53:32     1000     19855    0.20    0.20    0.00    0.00    0.40    11  srcpub
21:53:32     1000     19856    0.20    0.00    0.00    0.00    0.20     2  srcpub
21:53:32     1000     19857    0.20    0.00    0.00    0.00    0.20    15  srcpub
21:53:32     1000     19858    0.20    0.00    0.00    0.00    0.20    15  srcpub
21:53:32     1000     19860    0.00    0.20    0.00    0.00    0.20     6  srcpub
21:53:32     1000     19862    0.20    0.20    0.00    0.00    0.40    14  srcpub
21:53:32     1000     19863    0.20    0.20    0.00    0.00    0.40     2  srcpub
21:53:32     1000     19865    0.20    0.00    0.00    0.00    0.20     6  srcpub
21:53:32     1000     19868    0.00    0.40    0.00    0.00    0.40     9  srcpub
21:53:32     1000     19874    0.20    0.00    0.00    0.00    0.20     6  srcpub
21:53:32     1000     19878    0.20    0.00    0.00    0.00    0.20     9  srcpub
21:53:32     1000     19879    0.20    0.20    0.00    0.00    0.40     4  srcpub
21:53:32     1000     19881    0.00    0.40    0.00    0.00    0.40     4  srcpub
21:53:32     1000     19882    0.20    0.20    0.00    0.00    0.40     8  srcpub
21:53:32     1000     19884    0.20    0.20    0.00    0.00    0.40     9  srcpub
21:53:32     1000     19885    0.20    0.20    0.00    0.00    0.40     9  srcpub
21:53:32     1000     19886    0.20    0.20    0.00    0.00    0.40     3  srcpub
21:53:32     1000     19887    0.20    0.20    0.00    0.00    0.40    11  srcpub
21:53:32     1000     19894    0.00    0.20    0.00    0.00    0.20     6  srcpub
21:53:32     1000     28824    0.80    0.20    0.00    0.00    1.00     4  chrome
21:53:32     1000     29045    9.80    1.20    0.00    0.00   11.00     1  chrome
21:53:32     1000     29047    0.00    0.20    0.00    0.00    0.20     8  chrome
21:53:32     1000     29091   11.60    1.00    0.00    0.00   12.60     3  chrome
21:53:32      997     30965    0.60    0.40    0.00    0.00    1.00     7  ffmpeg
21:53:32      997     30966    0.60    0.00    0.00    0.00    0.60    13  ffmpeg
21:53:32      997     30967    0.20    0.20    0.00    0.00    0.40    12  ffmpeg
21:53:32      997     30968    0.20    0.20    0.00    0.00    0.40    15  ffmpeg
21:53:32      997     30969    0.40    0.20    0.00    0.00    0.60    10  ffmpeg
21:53:32      997     30970    0.20    0.20    0.00    0.00    0.40     5  ffmpeg
21:53:32      997     30971    0.00    0.20    0.00    0.00    0.20    14  ffmpeg
21:53:32      997     30972    0.20    0.20    0.00    0.00    0.40    10  ffmpeg
21:53:32      997     30973    0.20    0.20    0.00    0.00    0.40    14  ffmpeg
21:53:32      997     30974    0.40    0.00    0.00    0.00    0.40     1  ffmpeg
21:53:32      997     30975    0.20    0.20    0.00    0.00    0.40    13  ffmpeg
21:53:32      997     30976    0.20    0.40    0.00    0.00    0.60     1  ffmpeg
21:53:32      997     30977    0.20    0.20    0.00    0.00    0.40    10  ffmpeg
21:53:32      997     30978    0.20    0.00    0.00    0.00    0.20     5  ffmpeg
21:53:32      997     30979    0.20    0.20    0.00    0.00    0.40     8  ffmpeg
21:53:32      997     30980    0.00    0.40    0.00    0.00    0.40     0  ffmpeg
21:53:32      997     35582    0.40    0.20    0.00    0.00    0.60    13  ffmpeg
21:53:32      997     35583    0.20    0.00    0.00    0.00    0.20    10  ffmpeg
21:53:32      997     35584    0.20    0.00    0.00    0.00    0.20     1  ffmpeg
21:53:32      997     35585    0.20    0.20    0.00    0.00    0.40     3  ffmpeg
21:53:32      997     35586    0.00    0.20    0.00    0.00    0.20     2  ffmpeg
21:53:32      997     35587    0.00    0.20    0.00    0.00    0.20     6  ffmpeg
21:53:32      997     35588    0.00    0.20    0.00    0.00    0.20    12  ffmpeg
21:53:32      997     35589    0.20    0.00    0.00    0.00    0.20     6  ffmpeg

# Time        UID       PID    %usr %system  %guest   %wait    %CPU   CPU  Command
21:53:37     1000     19830    6.20    5.80    0.00    0.00   12.00    14  mediamtx
21:53:37     1000     19849    0.20    0.00    0.00    0.00    0.20     9  srcpub
21:53:37     1000     19850    0.00    0.20    0.00    0.00    0.20    15  srcpub
21:53:37     1000     19851    0.20    0.00    0.00    0.00    0.20     9  srcpub
21:53:37     1000     19853    0.20    0.20    0.00    0.00    0.40    12  srcpub
21:53:37     1000     19854    0.20    0.20    0.00    0.00    0.40    15  srcpub
21:53:37     1000     19855    0.00    0.20    0.00    0.00    0.20    14  srcpub
21:53:37     1000     19856    0.20    0.20    0.00    0.00    0.40     3  srcpub
21:53:37     1000     19857    0.40    0.20    0.00    0.00    0.60     6  srcpub
21:53:37     1000     19858    0.00    0.20    0.00    0.00    0.20     5  srcpub
21:53:37     1000     19860    0.20    0.20    0.00    0.00    0.40     6  srcpub
21:53:37     1000     19862    0.20    0.00    0.00    0.00    0.20     3  srcpub
21:53:37     1000     19863    0.00    0.40    0.00    0.00    0.40    12  srcpub
21:53:37     1000     19864    0.20    0.20    0.00    0.00    0.40     7  srcpub
21:53:37     1000     19865    0.00    0.20    0.00    0.00    0.20     9  srcpub
21:53:37     1000     19868    0.20    0.20    0.00    0.00    0.40     9  srcpub
21:53:37     1000     19874    0.20    0.20    0.00    0.00    0.40     6  srcpub
21:53:37     1000     19877    0.20    0.20    0.00    0.00    0.40    10  srcpub
21:53:37     1000     19878    0.20    0.20    0.00    0.00    0.40     9  srcpub
21:53:37     1000     19879    0.00    0.20    0.00    0.00    0.20     4  srcpub
21:53:37     1000     19881    0.00    0.20    0.00    0.00    0.20     4  srcpub
21:53:37     1000     19882    0.20    0.00    0.00    0.00    0.20     2  srcpub
21:53:37     1000     19884    0.20    0.20    0.00    0.00    0.40     1  srcpub
21:53:37     1000     19885    0.20    0.00    0.00    0.00    0.20     9  srcpub
21:53:37     1000     19886    0.20    0.20    0.00    0.00    0.40     5  srcpub
21:53:37     1000     19887    0.00    0.20    0.00    0.00    0.20    13  srcpub
21:53:37     1000     19894    0.20    0.00    0.00    0.00    0.20     3  srcpub
21:53:37     1000     28824    0.20    0.00    0.00    0.00    0.20    11  chrome
21:53:37     1000     29045    5.40    0.80    0.00    0.00    6.20     8  chrome
21:53:37     1000     29047    0.20    0.20    0.00    0.00    0.40     4  chrome
21:53:37     1000     29091   11.00    1.00    0.00    0.00   12.00     5  chrome
21:53:37      997     30965    0.40    0.40    0.00    0.00    0.80     7  ffmpeg
21:53:37      997     30966    0.40    0.20    0.00    0.00    0.60    11  ffmpeg
21:53:37      997     30967    0.20    0.20    0.00    0.00    0.40    15  ffmpeg
21:53:37      997     30968    0.20    0.20    0.00    0.00    0.40    15  ffmpeg
21:53:37      997     30969    0.20    0.20    0.00    0.00    0.40    10  ffmpeg
21:53:37      997     30970    0.20    0.20    0.00    0.00    0.40     8  ffmpeg
21:53:37      997     30971    0.00    0.40    0.00    0.00    0.40    15  ffmpeg
21:53:37      997     30972    0.20    0.20    0.00    0.00    0.40     1  ffmpeg
21:53:37      997     30973    0.00    0.20    0.00    0.00    0.20    15  ffmpeg
21:53:37      997     30974    0.20    0.20    0.00    0.00    0.40    10  ffmpeg
21:53:37      997     30975    0.20    0.00    0.00    0.00    0.20     9  ffmpeg
21:53:37      997     30976    0.00    0.20    0.00    0.00    0.20     3  ffmpeg
21:53:37      997     30977    0.20    0.20    0.00    0.00    0.40     3  ffmpeg
21:53:37      997     30978    0.20    0.20    0.00    0.00    0.40     2  ffmpeg
21:53:37      997     30979    0.40    0.00    0.00    0.00    0.40    15  ffmpeg
21:53:37      997     30980    0.00    0.40    0.00    0.00    0.40     1  ffmpeg
21:53:37      997     35582    0.60    0.20    0.00    0.00    0.80    12  ffmpeg
21:53:37      997     35583    0.20    0.00    0.00    0.00    0.20     5  ffmpeg
21:53:37      997     35584    0.20    0.00    0.00    0.00    0.20    13  ffmpeg
21:53:37      997     35585    0.20    0.00    0.00    0.00    0.20     3  ffmpeg
21:53:37      997     35586    0.00    0.20    0.00    0.00    0.20     2  ffmpeg
21:53:37      997     35587    0.20    0.20    0.00    0.00    0.40     6  ffmpeg
21:53:37      997     35588    0.20    0.00    0.00    0.00    0.20    10  ffmpeg
21:53:37      997     35589    0.00    0.20    0.00    0.00    0.20     9  ffmpeg
21:53:37      997     35590    0.20    0.20    0.00    0.00    0.40    10  ffmpeg

# Time        UID       PID    %usr %system  %guest   %wait    %CPU   CPU  Command
21:53:42     1000     19830    7.60    5.60    0.00    0.00   13.20    14  mediamtx
21:53:42     1000     19846    0.40    0.20    0.00    0.00    0.60    11  srcpub
21:53:42     1000     19847    0.20    0.40    0.00    0.00    0.60    15  srcpub
21:53:42     1000     19849    0.20    0.20    0.00    0.00    0.40     1  srcpub
21:53:42     1000     19850    0.20    0.00    0.00    0.00    0.20     0  srcpub
21:53:42     1000     19851    0.00    0.20    0.00    0.00    0.20     9  srcpub
21:53:42     1000     19853    0.20    0.20    0.00    0.00    0.40     5  srcpub
21:53:42     1000     19854    0.20    0.00    0.00    0.00    0.20    14  srcpub
21:53:42     1000     19855    0.20    0.20    0.00    0.00    0.40    15  srcpub
21:53:42     1000     19856    0.20    0.00    0.00    0.00    0.20    15  srcpub
21:53:42     1000     19857    0.20    0.00    0.00    0.00    0.20     2  srcpub
21:53:42     1000     19858    0.00    0.40    0.00    0.00    0.40     4  srcpub
21:53:42     1000     19860    0.20    0.20    0.00    0.00    0.40     8  srcpub
21:53:42     1000     19862    0.00    0.20    0.00    0.00    0.20     9  srcpub
21:53:42     1000     19863    0.20    0.20    0.00    0.00    0.40    12  srcpub
21:53:42     1000     19864    0.20    0.20    0.00    0.00    0.40    11  srcpub
21:53:42     1000     19865    0.20    0.20    0.00    0.00    0.40    15  srcpub
21:53:42     1000     19868    0.20    0.20    0.00    0.00    0.40    12  srcpub
21:53:42     1000     19874    0.00    0.20    0.00    0.00    0.20     7  srcpub
21:53:42     1000     19877    0.20    0.20    0.00    0.00    0.40     9  srcpub
21:53:42     1000     19878    0.20    0.20    0.00    0.00    0.40     9  srcpub
21:53:42     1000     19879    0.20    0.20    0.00    0.00    0.40     0  srcpub
21:53:42     1000     19881    0.20    0.20    0.00    0.00    0.40     3  srcpub
21:53:42     1000     19882    0.00    0.20    0.00    0.00    0.20     2  srcpub
21:53:42     1000     19884    0.00    0.20    0.00    0.00    0.20     0  srcpub
21:53:42     1000     19885    0.00    0.20    0.00    0.00    0.20     6  srcpub
21:53:42     1000     19886    0.20    0.20    0.00    0.00    0.40    11  srcpub
21:53:42     1000     19887    0.20    0.00    0.00    0.00    0.20    13  srcpub
21:53:42     1000     19894    0.20    0.20    0.00    0.00    0.40    12  srcpub
21:53:42     1000     26251    0.00    0.20    0.00    0.00    0.20    15  chrome
21:53:42     1000     29045    5.80    1.20    0.00    0.00    7.00     7  chrome
21:53:42     1000     29047    0.20    0.00    0.00    0.00    0.20     4  chrome
21:53:42     1000     29091   12.40    0.80    0.00    0.00   13.20     5  chrome
21:53:42      997     30965    0.80    0.20    0.00    0.00    1.00     5  ffmpeg
21:53:42      997     30966    0.60    0.20    0.00    0.00    0.80     3  ffmpeg
21:53:42      997     30967    0.40    0.00    0.00    0.00    0.40    15  ffmpeg
21:53:42      997     30968    0.20    0.00    0.00    0.00    0.20     3  ffmpeg
21:53:42      997     30969    0.00    0.20    0.00    0.00    0.20    12  ffmpeg
21:53:42      997     30970    0.40    0.00    0.00    0.00    0.40     2  ffmpeg
21:53:42      997     30971    0.20    0.20    0.00    0.00    0.40    15  ffmpeg
21:53:42      997     30972    0.20    0.20    0.00    0.00    0.40    15  ffmpeg
21:53:42      997     30973    0.20    0.20    0.00    0.00    0.40     2  ffmpeg
21:53:42      997     30974    0.20    0.00    0.00    0.00    0.20    14  ffmpeg
21:53:42      997     30975    0.40    0.20    0.00    0.00    0.60    10  ffmpeg
21:53:42      997     30976    0.20    0.20    0.00    0.00    0.40    15  ffmpeg
21:53:42      997     30977    0.20    0.20    0.00    0.00    0.40     6  ffmpeg
21:53:42      997     30978    0.40    0.00    0.00    0.00    0.40     5  ffmpeg
21:53:42      997     30979    0.20    0.20    0.00    0.00    0.40    15  ffmpeg
21:53:42      997     30980    0.00    0.40    0.00    0.00    0.40    10  ffmpeg
21:53:42      997     35582    0.60    0.40    0.00    0.00    1.00    15  ffmpeg
21:53:42      997     35583    0.20    0.20    0.00    0.00    0.40     5  ffmpeg
21:53:42      997     35584    0.00    0.20    0.00    0.00    0.20    13  ffmpeg
21:53:42      997     35585    0.20    0.20    0.00    0.00    0.40     6  ffmpeg
21:53:42      997     35586    0.20    0.20    0.00    0.00    0.40    10  ffmpeg
21:53:42      997     35587    0.20    0.00    0.00    0.00    0.20    14  ffmpeg
21:53:42      997     35588    0.20    0.00    0.00    0.00    0.20     5  ffmpeg
21:53:42      997     35589    0.20    0.00    0.00    0.00    0.20     4  ffmpeg
21:53:42      997     35590    0.20    0.00    0.00    0.00    0.20    10  ffmpeg

# Time        UID       PID    %usr %system  %guest   %wait    %CPU   CPU  Command
21:53:47     1000     19830    9.20    7.00    0.00    0.00   16.20    14  mediamtx
21:53:47     1000     19846    0.00    0.40    0.00    0.00    0.40    11  srcpub
21:53:47     1000     19847    0.00    0.40    0.00    0.00    0.40     2  srcpub
21:53:47     1000     19849    0.20    0.20    0.00    0.00    0.40    10  srcpub
21:53:47     1000     19850    0.20    0.20    0.00    0.00    0.40    15  srcpub
21:53:47     1000     19851    0.40    0.20    0.00    0.00    0.60    10  srcpub
21:53:47     1000     19853    0.20    0.20    0.00    0.00    0.40    12  srcpub
21:53:47     1000     19854    0.20    0.00    0.00    0.00    0.20     2  srcpub
21:53:47     1000     19855    0.20    0.20    0.00    0.00    0.40    15  srcpub
21:53:47     1000     19856    0.20    0.20    0.00    0.00    0.40     0  srcpub
21:53:47     1000     19857    0.40    0.20    0.00    0.00    0.60     7  srcpub
21:53:47     1000     19858    0.40    0.00    0.00    0.00    0.40     4  srcpub
21:53:47     1000     19860    0.00    0.20    0.00    0.00    0.20    10  srcpub
21:53:47     1000     19862    0.20    0.20    0.00    0.00    0.40     9  srcpub
21:53:47     1000     19863    0.20    0.20    0.00    0.00    0.40    12  srcpub
21:53:47     1000     19864    0.20    0.00    0.00    0.00    0.20     8  srcpub
21:53:47     1000     19865    0.40    0.20    0.00    0.00    0.60    15  srcpub
21:53:47     1000     19868    0.20    0.20    0.00    0.00    0.40     9  srcpub
21:53:47     1000     19874    0.00    0.20    0.00    0.00    0.20    14  srcpub
21:53:47     1000     19877    0.20    0.20    0.00    0.00    0.40    11  srcpub
21:53:47     1000     19878    0.40    0.00    0.00    0.00    0.40     6  srcpub
21:53:47     1000     19879    0.00    0.40    0.00    0.00    0.40    10  srcpub
21:53:47     1000     19881    0.20    0.20    0.00    0.00    0.40     4  srcpub
21:53:47     1000     19882    0.00    0.20    0.00    0.00    0.20     2  srcpub
21:53:47     1000     19884    0.40    0.20    0.00    0.00    0.60     1  srcpub
21:53:47     1000     19885    0.20    0.40    0.00    0.00    0.60    15  srcpub
21:53:47     1000     19886    0.20    0.00    0.00    0.00    0.20    11  srcpub
21:53:47     1000     19887    0.20    0.20    0.00    0.00    0.40    13  srcpub
21:53:47     1000     19894    0.20    0.40    0.00    0.00    0.60    12  srcpub
21:53:47     1000     26207    0.20    0.00    0.00    0.00    0.20     5  chrome
21:53:47     1000     26251    0.20    0.00    0.00    0.00    0.20    15  chrome
21:53:47     1000     28824    0.20    0.00    0.00    0.00    0.20     8  chrome
21:53:47     1000     29045    8.60    1.00    0.00    0.00    9.60     5  chrome
21:53:47     1000     29047    0.20    0.20    0.00    0.00    0.40     4  chrome
21:53:47     1000     29091   17.00    0.80    0.00    0.00   17.80     7  chrome
21:53:47      997     30965    0.60    0.40    0.00    0.00    1.00     4  ffmpeg
21:53:47      997     30966    0.60    0.40    0.00    0.00    1.00    14  ffmpeg
21:53:47      997     30967    0.40    0.20    0.00    0.00    0.60     9  ffmpeg
21:53:47      997     30968    0.40    0.20    0.00    0.00    0.60    12  ffmpeg
21:53:47      997     30969    0.40    0.00    0.00    0.00    0.40    15  ffmpeg
21:53:47      997     30970    0.20    0.20    0.00    0.00    0.40    13  ffmpeg
21:53:47      997     30971    0.20    0.40    0.00    0.00    0.60     2  ffmpeg
21:53:47      997     30972    0.40    0.00    0.00    0.00    0.40     0  ffmpeg
21:53:47      997     30973    0.40    0.20    0.00    0.00    0.60     3  ffmpeg
21:53:47      997     30974    0.40    0.20    0.00    0.00    0.60     3  ffmpeg
21:53:47      997     30975    0.40    0.00    0.00    0.00    0.40    10  ffmpeg
21:53:47      997     30976    0.20    0.20    0.00    0.00    0.40    15  ffmpeg
21:53:47      997     30977    0.20    0.20    0.00    0.00    0.40     7  ffmpeg
21:53:47      997     30978    0.20    0.20    0.00    0.00    0.40     4  ffmpeg
21:53:47      997     30979    0.20    0.00    0.00    0.00    0.20     5  ffmpeg
21:53:47      997     30980    0.00    0.40    0.00    0.00    0.40    14  ffmpeg
21:53:47      997     35582    0.60    0.40    0.00    0.00    1.00    11  ffmpeg
21:53:47      997     35583    0.20    0.00    0.00    0.00    0.20     8  ffmpeg
21:53:47      997     35584    0.40    0.20    0.00    0.00    0.60    11  ffmpeg
21:53:47      997     35585    0.20    0.00    0.00    0.00    0.20     6  ffmpeg
21:53:47      997     35586    0.20    0.00    0.00    0.00    0.20    12  ffmpeg
21:53:47      997     35587    0.20    0.20    0.00    0.00    0.40    13  ffmpeg
21:53:47      997     35588    0.20    0.20    0.00    0.00    0.40    10  ffmpeg
21:53:47      997     35589    0.20    0.20    0.00    0.00    0.40     6  ffmpeg
21:53:47      997     35590    0.20    0.20    0.00    0.00    0.40     4  ffmpeg

# Time        UID       PID    %usr %system  %guest   %wait    %CPU   CPU  Command
21:53:52     1000     19830    9.20    6.40    0.00    0.00   15.60    14  mediamtx
21:53:52     1000     19846    0.20    0.20    0.00    0.00    0.40    11  srcpub
21:53:52     1000     19847    0.20    0.20    0.00    0.00    0.40     9  srcpub
21:53:52     1000     19849    0.20    0.20    0.00    0.00    0.40    11  srcpub
21:53:52     1000     19850    0.20    0.20    0.00    0.00    0.40    14  srcpub
21:53:52     1000     19851    0.20    0.20    0.00    0.00    0.40    11  srcpub
21:53:52     1000     19853    0.20    0.40    0.00    0.00    0.60     1  srcpub
21:53:52     1000     19854    0.20    0.20    0.00    0.00    0.40    10  srcpub
21:53:52     1000     19855    0.20    0.20    0.00    0.00    0.40    11  srcpub
21:53:52     1000     19856    0.00    0.20    0.00    0.00    0.20    15  srcpub
21:53:52     1000     19857    0.40    0.00    0.00    0.00    0.40    15  srcpub
21:53:52     1000     19858    0.20    0.00    0.00    0.00    0.20     4  srcpub
21:53:52     1000     19860    0.00    0.40    0.00    0.00    0.40     0  srcpub
21:53:52     1000     19862    0.00    0.40    0.00    0.00    0.40     1  srcpub
21:53:52     1000     19863    0.20    0.40    0.00    0.00    0.60     2  srcpub
21:53:52     1000     19864    0.20    0.00    0.00    0.00    0.20    10  srcpub
21:53:52     1000     19865    0.00    0.20    0.00    0.00    0.20    15  srcpub
21:53:52     1000     19868    0.20    0.20    0.00    0.00    0.40     3  srcpub
21:53:52     1000     19874    0.00    0.20    0.00    0.00    0.20     3  srcpub
21:53:52     1000     19877    0.20    0.20    0.00    0.00    0.40    11  srcpub
21:53:52     1000     19878    0.20    0.20    0.00    0.00    0.40     6  srcpub
21:53:52     1000     19879    0.20    0.20    0.00    0.00    0.40     0  srcpub
21:53:52     1000     19881    0.20    0.20    0.00    0.00    0.40     4  srcpub
21:53:52     1000     19882    0.20    0.20    0.00    0.00    0.40     2  srcpub
21:53:52     1000     19884    0.00    0.20    0.00    0.00    0.20     1  srcpub
21:53:52     1000     19885    0.40    0.20    0.00    0.00    0.60    10  srcpub
21:53:52     1000     19886    0.40    0.20    0.00    0.00    0.60    11  srcpub
21:53:52     1000     19887    0.20    0.20    0.00    0.00    0.40    14  srcpub
21:53:52     1000     19894    0.40    0.20    0.00    0.00    0.60    12  srcpub
21:53:52     1000     26207    0.00    0.20    0.00    0.00    0.20     7  chrome
21:53:52     1000     29045    7.80    1.20    0.00    0.00    9.00     2  chrome
21:53:52     1000     29047    0.40    0.20    0.00    0.00    0.60     4  chrome
21:53:52     1000     29091   15.20    1.40    0.00    0.00   16.60    13  chrome
21:53:52      997     30965    0.80    0.40    0.00    0.00    1.20    10  ffmpeg
21:53:52      997     30966    0.60    0.20    0.00    0.00    0.80     2  ffmpeg
21:53:52      997     30967    0.20    0.00    0.00    0.00    0.20     9  ffmpeg
21:53:52      997     30968    0.20    0.20    0.00    0.00    0.40    12  ffmpeg
21:53:52      997     30969    0.20    0.20    0.00    0.00    0.40    11  ffmpeg
21:53:52      997     30970    0.20    0.20    0.00    0.00    0.40    12  ffmpeg
21:53:52      997     30971    0.20    0.00    0.00    0.00    0.20     3  ffmpeg
21:53:52      997     30972    0.20    0.20    0.00    0.00    0.40     4  ffmpeg
21:53:52      997     30973    0.20    0.20    0.00    0.00    0.40     7  ffmpeg
21:53:52      997     30974    0.20    0.20    0.00    0.00    0.40     8  ffmpeg
21:53:52      997     30975    0.20    0.20    0.00    0.00    0.40    10  ffmpeg
21:53:52      997     30976    0.20    0.20    0.00    0.00    0.40    15  ffmpeg
21:53:52      997     30977    0.40    0.00    0.00    0.00    0.40     7  ffmpeg
21:53:52      997     30978    0.40    0.20    0.00    0.00    0.60    14  ffmpeg
21:53:52      997     30979    0.40    0.20    0.00    0.00    0.60    14  ffmpeg
21:53:52      997     30980    0.00    0.40    0.00    0.00    0.40    14  ffmpeg
21:53:52      997     35582    0.60    0.20    0.00    0.00    0.80     4  ffmpeg
21:53:52      997     35583    0.20    0.20    0.00    0.00    0.40     7  ffmpeg
21:53:52      997     35584    0.20    0.00    0.00    0.00    0.20    13  ffmpeg
21:53:52      997     35585    0.00    0.20    0.00    0.00    0.20     2  ffmpeg
21:53:52      997     35586    0.20    0.20    0.00    0.00    0.40    12  ffmpeg
21:53:52      997     35587    0.20    0.00    0.00    0.00    0.20     6  ffmpeg
21:53:52      997     35588    0.20    0.20    0.00    0.00    0.40     9  ffmpeg
21:53:52      997     35589    0.40    0.00    0.00    0.00    0.40     7  ffmpeg
21:53:52      997     35590    0.20    0.00    0.00    0.00    0.20     5  ffmpeg
