Linux 7.0.0-31-generic (ausitn-garcia-ROG-Zephyrus-G14-GA402XV-GA402XV) 	09/18/26 	_x86_64_	(16 CPU)

21:54:52     CPU    %usr   %nice    %sys %iowait    %irq   %soft  %steal  %guest  %gnice   %idle
21:54:57     all    3.62    0.00    0.85    0.01    0.00    0.65    0.00    0.00    0.00   94.86
21:54:57       0    1.35    0.00    0.39    0.00    0.00    5.80    0.00    0.00    0.00   92.46
21:54:57       1    2.01    0.00    0.60    0.00    0.00    1.21    0.00    0.00    0.00   96.18
21:54:57       2    2.84    0.00    0.61    0.20    0.00    0.41    0.00    0.00    0.00   95.94
21:54:57       3    7.26    0.00    1.01    0.00    0.00    0.40    0.00    0.00    0.00   91.33
21:54:57       4    4.84    0.00    0.81    0.00    0.00    0.20    0.00    0.00    0.00   94.15
21:54:57       5    8.03    0.00    1.20    0.00    0.00    0.40    0.00    0.00    0.00   90.36
21:54:57       6    3.61    0.00    1.00    0.00    0.00    0.20    0.00    0.00    0.00   95.18
21:54:57       7    5.19    0.00    1.60    0.00    0.00    0.20    0.00    0.00    0.00   93.01
21:54:57       8    1.21    0.00    0.80    0.00    0.00    0.00    0.00    0.00    0.00   97.99
21:54:57       9    1.21    0.00    0.40    0.00    0.00    0.00    0.00    0.00    0.00   98.38
21:54:57      10    2.86    0.00    0.82    0.00    0.00    0.00    0.00    0.00    0.00   96.33
21:54:57      11    3.81    0.00    0.60    0.00    0.00    0.40    0.00    0.00    0.00   95.19
21:54:57      12    3.02    0.00    0.60    0.00    0.00    0.00    0.00    0.00    0.00   96.37
21:54:57      13    2.82    0.00    1.01    0.00    0.00    0.40    0.00    0.00    0.00   95.77
21:54:57      14    2.02    0.00    0.60    0.00    0.00    0.20    0.00    0.00    0.00   97.18
21:54:57      15    5.86    0.00    1.62    0.00    0.00    0.40    0.00    0.00    0.00   92.12

21:54:57     CPU    %usr   %nice    %sys %iowait    %irq   %soft  %steal  %guest  %gnice   %idle
21:55:02     all    4.75    0.00    1.72    0.10    0.00    0.66    0.00    0.00    0.00   92.76
21:55:02       0    2.69    0.00    1.15    0.00    0.00    6.33    0.00    0.00    0.00   89.83
21:55:02       1    3.23    0.00    1.81    0.20    0.00    1.01    0.00    0.00    0.00   93.75
21:55:02       2    3.63    0.00    1.41    0.20    0.00    0.20    0.00    0.00    0.00   94.56
21:55:02       3   11.38    0.00    2.20    0.20    0.00    0.20    0.00    0.00    0.00   86.03
21:55:02       4    5.02    0.00    2.81    0.20    0.00    0.20    0.00    0.00    0.00   91.77
21:55:02       5    7.82    0.00    2.00    0.00    0.00    0.20    0.00    0.00    0.00   89.98
21:55:02       6    3.61    0.00    1.41    0.20    0.00    0.20    0.00    0.00    0.00   94.58
21:55:02       7    5.02    0.00    1.61    0.00    0.00    0.20    0.00    0.00    0.00   93.17
21:55:02       8    2.01    0.00    1.61    0.20    0.00    0.20    0.00    0.00    0.00   95.98
21:55:02       9    2.43    0.00    1.01    0.20    0.00    0.00    0.00    0.00    0.00   96.36
21:55:02      10    3.87    0.00    1.63    0.00    0.00    0.41    0.00    0.00    0.00   94.09
21:55:02      11    5.22    0.00    1.41    0.00    0.00    0.20    0.00    0.00    0.00   93.17
21:55:02      12    3.39    0.00    2.19    0.00    0.00    0.40    0.00    0.00    0.00   94.02
21:55:02      13    5.05    0.00    1.62    0.00    0.00    0.20    0.00    0.00    0.00   93.13
21:55:02      14    3.43    0.00    1.21    0.20    0.00    0.00    0.00    0.00    0.00   95.16
21:55:02      15    8.28    0.00    2.42    0.00    0.00    0.40    0.00    0.00    0.00   88.89

21:55:02     CPU    %usr   %nice    %sys %iowait    %irq   %soft  %steal  %guest  %gnice   %idle
21:55:07     all    3.83    0.00    0.89    0.05    0.00    0.76    0.00    0.00    0.00   94.46
21:55:07       0    1.71    0.00    0.38    0.00    0.00    7.05    0.00    0.00    0.00   90.86
21:55:07       1    1.81    0.00    0.60    0.00    0.00    1.21    0.00    0.00    0.00   96.37
21:55:07       2    2.62    0.00    0.60    0.00    0.00    0.20    0.00    0.00    0.00   96.57
21:55:07       3    8.33    0.00    2.18    0.20    0.00    0.40    0.00    0.00    0.00   88.89
21:55:07       4    4.01    0.00    1.20    0.20    0.00    0.40    0.00    0.00    0.00   94.19
21:55:07       5    9.60    0.00    1.00    0.00    0.00    0.40    0.00    0.00    0.00   89.00
21:55:07       6    2.42    0.00    1.01    0.00    0.00    0.20    0.00    0.00    0.00   96.37
21:55:07       7    4.23    0.00    0.80    0.00    0.00    0.40    0.00    0.00    0.00   94.57
21:55:07       8    1.61    0.00    0.40    0.00    0.00    0.00    0.00    0.00    0.00   97.98
21:55:07       9    1.42    0.00    0.20    0.00    0.00    0.20    0.00    0.00    0.00   98.17
21:55:07      10    3.07    0.00    0.61    0.00    0.00    0.00    0.00    0.00    0.00   96.31
21:55:07      11    4.02    0.00    1.00    0.00    0.00    0.20    0.00    0.00    0.00   94.78
21:55:07      12    2.61    0.00    0.60    0.00    0.00    0.00    0.00    0.00    0.00   96.79
21:55:07      13    5.40    0.00    1.20    0.20    0.00    0.40    0.00    0.00    0.00   92.80
21:55:07      14    2.21    0.00    1.20    0.20    0.00    0.40    0.00    0.00    0.00   95.98
21:55:07      15    6.21    0.00    1.20    0.00    0.00    0.40    0.00    0.00    0.00   92.18

21:55:07     CPU    %usr   %nice    %sys %iowait    %irq   %soft  %steal  %guest  %gnice   %idle
21:55:12     all    3.81    0.00    0.93    0.04    0.00    0.66    0.00    0.00    0.00   94.56
21:55:12       0    1.72    0.00    0.77    0.00    0.00    6.13    0.00    0.00    0.00   91.38
21:55:12       1    1.62    0.00    0.81    0.00    0.00    1.41    0.00    0.00    0.00   96.16
21:55:12       2    2.82    0.00    1.21    0.20    0.00    0.20    0.00    0.00    0.00   95.57
21:55:12       3    5.84    0.00    1.41    0.00    0.00    0.40    0.00    0.00    0.00   92.35
21:55:12       4    5.05    0.00    1.01    0.40    0.00    0.20    0.00    0.00    0.00   93.33
21:55:12       5    9.18    0.00    1.20    0.00    0.00    0.20    0.00    0.00    0.00   89.42
21:55:12       6    4.43    0.00    1.01    0.00    0.00    0.20    0.00    0.00    0.00   94.37
21:55:12       7    5.23    0.00    1.21    0.00    0.00    0.20    0.00    0.00    0.00   93.36
21:55:12       8    1.41    0.00    0.40    0.00    0.00    0.20    0.00    0.00    0.00   97.98
21:55:12       9    2.01    0.00    0.60    0.00    0.00    0.00    0.00    0.00    0.00   97.39
21:55:12      10    2.24    0.00    1.02    0.00    0.00    0.20    0.00    0.00    0.00   96.54
21:55:12      11    5.43    0.00    0.80    0.00    0.00    0.20    0.00    0.00    0.00   93.56
21:55:12      12    2.00    0.00    0.80    0.00    0.00    0.40    0.00    0.00    0.00   96.79
21:55:12      13    6.57    0.00    1.00    0.00    0.00    0.20    0.00    0.00    0.00   92.23
21:55:12      14    2.22    0.00    0.81    0.00    0.00    0.00    0.00    0.00    0.00   96.98
21:55:12      15    3.25    0.00    0.81    0.00    0.00    0.20    0.00    0.00    0.00   95.74

21:55:12     CPU    %usr   %nice    %sys %iowait    %irq   %soft  %steal  %guest  %gnice   %idle
21:55:17     all    3.75    0.00    0.87    0.00    0.00    0.69    0.00    0.00    0.00   94.69
21:55:17       0    1.73    0.00    0.58    0.00    0.00    5.97    0.00    0.00    0.00   91.71
21:55:17       1    1.42    0.00    0.61    0.00    0.00    0.81    0.00    0.00    0.00   97.15
21:55:17       2    2.63    0.00    0.81    0.00    0.00    0.40    0.00    0.00    0.00   96.16
21:55:17       3    8.84    0.00    1.61    0.00    0.00    0.20    0.00    0.00    0.00   89.36
21:55:17       4    3.81    0.00    1.20    0.00    0.00    0.20    0.00    0.00    0.00   94.79
21:55:17       5    9.18    0.00    1.20    0.00    0.00    0.20    0.00    0.00    0.00   89.42
21:55:17       6    4.02    0.00    1.00    0.00    0.00    0.40    0.00    0.00    0.00   94.58
21:55:17       7    5.82    0.00    1.00    0.00    0.00    0.40    0.00    0.00    0.00   92.77
21:55:17       8    2.42    0.00    0.81    0.00    0.00    0.20    0.00    0.00    0.00   96.57
21:55:17       9    2.62    0.00    0.40    0.00    0.00    0.20    0.00    0.00    0.00   96.78
21:55:17      10    2.25    0.00    0.61    0.00    0.00    0.41    0.00    0.00    0.00   96.73
21:55:17      11    2.41    0.00    0.60    0.00    0.00    0.40    0.00    0.00    0.00   96.58
21:55:17      12    3.02    0.00    0.60    0.00    0.00    0.20    0.00    0.00    0.00   96.17
21:55:17      13    4.03    0.00    1.01    0.00    0.00    0.20    0.00    0.00    0.00   94.76
21:55:17      14    2.81    0.00    0.80    0.00    0.00    0.40    0.00    0.00    0.00   95.98
21:55:17      15    3.02    0.00    1.01    0.00    0.00    0.20    0.00    0.00    0.00   95.77

21:55:17     CPU    %usr   %nice    %sys %iowait    %irq   %soft  %steal  %guest  %gnice   %idle
21:55:22     all    3.73    0.00    0.89    0.01    0.00    0.65    0.00    0.00    0.00   94.72
21:55:22       0    1.54    0.00    0.58    0.00    0.00    5.79    0.00    0.00    0.00   92.08
21:55:22       1    1.82    0.00    0.61    0.00    0.00    1.01    0.00    0.00    0.00   96.56
21:55:22       2    2.62    0.00    0.81    0.00    0.00    0.40    0.00    0.00    0.00   96.17
21:55:22       3    6.85    0.00    1.01    0.00    0.00    0.20    0.00    0.00    0.00   91.94
21:55:22       4    5.61    0.00    1.20    0.20    0.00    0.20    0.00    0.00    0.00   92.79
21:55:22       5    9.54    0.00    1.79    0.00    0.00    0.40    0.00    0.00    0.00   88.27
21:55:22       6    5.62    0.00    1.00    0.00    0.00    0.40    0.00    0.00    0.00   92.97
21:55:22       7    6.64    0.00    1.01    0.00    0.00    0.20    0.00    0.00    0.00   92.15
21:55:22       8    2.41    0.00    0.60    0.00    0.00    0.20    0.00    0.00    0.00   96.79
21:55:22       9    1.81    0.00    1.01    0.00    0.00    0.00    0.00    0.00    0.00   97.18
21:55:22      10    2.04    0.00    0.82    0.00    0.00    0.20    0.00    0.00    0.00   96.93
21:55:22      11    2.03    0.00    0.61    0.00    0.00    0.20    0.00    0.00    0.00   97.16
21:55:22      12    2.21    0.00    0.60    0.00    0.00    0.20    0.00    0.00    0.00   96.99
21:55:22      13    3.20    0.00    1.20    0.00    0.00    0.40    0.00    0.00    0.00   95.20
21:55:22      14    1.82    0.00    0.61    0.00    0.00    0.20    0.00    0.00    0.00   97.37
21:55:22      15    3.83    0.00    0.81    0.00    0.00    0.20    0.00    0.00    0.00   95.16

21:55:22     CPU    %usr   %nice    %sys %iowait    %irq   %soft  %steal  %guest  %gnice   %idle
21:55:27     all    3.86    0.00    0.90    0.03    0.00    0.64    0.00    0.00    0.00   94.57
21:55:27       0    2.31    0.00    0.58    0.00    0.00    5.59    0.00    0.00    0.00   91.52
21:55:27       1    2.02    0.00    0.61    0.00    0.00    1.21    0.00    0.00    0.00   96.16
21:55:27       2    2.21    0.00    0.80    0.00    0.00    0.20    0.00    0.00    0.00   96.78
21:55:27       3    8.20    0.00    1.40    0.00    0.00    0.40    0.00    0.00    0.00   90.00
21:55:27       4    4.23    0.00    1.01    0.40    0.00    0.40    0.00    0.00    0.00   93.95
21:55:27       5    8.80    0.00    1.00    0.00    0.00    0.20    0.00    0.00    0.00   90.00
21:55:27       6    4.60    0.00    1.20    0.00    0.00    0.20    0.00    0.00    0.00   94.00
21:55:27       7    5.81    0.00    1.20    0.00    0.00    0.20    0.00    0.00    0.00   92.79
21:55:27       8    1.61    0.00    1.01    0.00    0.00    0.20    0.00    0.00    0.00   97.18
21:55:27       9    1.41    0.00    0.60    0.00    0.00    0.40    0.00    0.00    0.00   97.58
21:55:27      10    2.24    0.00    0.82    0.00    0.00    0.20    0.00    0.00    0.00   96.73
21:55:27      11    4.60    0.00    1.20    0.00    0.00    0.20    0.00    0.00    0.00   94.00
21:55:27      12    3.63    0.00    0.40    0.00    0.00    0.00    0.00    0.00    0.00   95.97
21:55:27      13    4.06    0.00    1.01    0.00    0.00    0.20    0.00    0.00    0.00   94.73
21:55:27      14    2.40    0.00    0.80    0.00    0.00    0.20    0.00    0.00    0.00   96.59
21:55:27      15    3.61    0.00    0.80    0.00    0.00    0.20    0.00    0.00    0.00   95.39

21:55:27     CPU    %usr   %nice    %sys %iowait    %irq   %soft  %steal  %guest  %gnice   %idle
21:55:32     all    3.67    0.00    0.98    0.05    0.00    0.66    0.00    0.00    0.00   94.63
21:55:32       0    1.73    0.00    0.77    0.00    0.00    5.77    0.00    0.00    0.00   91.73
21:55:32       1    2.22    0.00    0.60    0.00    0.00    1.01    0.00    0.00    0.00   96.17
21:55:32       2    2.81    0.00    1.00    0.00    0.00    0.20    0.00    0.00    0.00   95.98
21:55:32       3    7.26    0.00    1.21    0.20    0.00    0.20    0.00    0.00    0.00   91.13
21:55:32       4    4.60    0.00    1.60    0.20    0.00    0.40    0.00    0.00    0.00   93.20
21:55:32       5    8.58    0.00    2.00    0.00    0.00    0.40    0.00    0.00    0.00   89.02
21:55:32       6    4.60    0.00    1.00    0.00    0.00    0.40    0.00    0.00    0.00   94.00
21:55:32       7    7.17    0.00    1.39    0.00    0.00    0.40    0.00    0.00    0.00   91.04
21:55:32       8    1.61    0.00    0.60    0.20    0.00    0.20    0.00    0.00    0.00   97.38
21:55:32       9    2.22    0.00    0.60    0.00    0.00    0.00    0.00    0.00    0.00   97.18
21:55:32      10    1.63    0.00    0.82    0.00    0.00    0.41    0.00    0.00    0.00   97.14
21:55:32      11    2.42    0.00    1.21    0.00    0.00    0.20    0.00    0.00    0.00   96.17
21:55:32      12    2.22    0.00    0.81    0.00    0.00    0.20    0.00    0.00    0.00   96.77
21:55:32      13    3.64    0.00    1.01    0.20    0.00    0.20    0.00    0.00    0.00   94.95
21:55:32      14    3.03    0.00    0.40    0.00    0.00    0.20    0.00    0.00    0.00   96.36
21:55:32      15    3.02    0.00    0.60    0.00    0.00    0.20    0.00    0.00    0.00   96.17

21:55:32     CPU    %usr   %nice    %sys %iowait    %irq   %soft  %steal  %guest  %gnice   %idle
21:55:37     all    3.80    0.00    0.89    0.01    0.00    0.55    0.00    0.00    0.00   94.75
21:55:37       0    1.94    0.00    0.39    0.00    0.00    4.85    0.00    0.00    0.00   92.82
21:55:37       1    1.62    0.00    0.61    0.00    0.00    1.21    0.00    0.00    0.00   96.57
21:55:37       2    2.63    0.00    0.61    0.00    0.00    0.20    0.00    0.00    0.00   96.57
21:55:37       3    8.23    0.00    1.20    0.00    0.00    0.20    0.00    0.00    0.00   90.36
21:55:37       4    4.81    0.00    1.00    0.00    0.00    0.40    0.00    0.00    0.00   93.79
21:55:37       5    9.42    0.00    1.20    0.00    0.00    0.20    0.00    0.00    0.00   89.18
21:55:37       6    3.85    0.00    0.81    0.20    0.00    0.00    0.00    0.00    0.00   95.13
21:55:37       7    5.23    0.00    1.61    0.00    0.00    0.20    0.00    0.00    0.00   92.96
21:55:37       8    1.41    0.00    0.61    0.00    0.00    0.00    0.00    0.00    0.00   97.98
21:55:37       9    3.03    0.00    0.61    0.00    0.00    0.40    0.00    0.00    0.00   95.96
21:55:37      10    2.87    0.00    0.61    0.00    0.00    0.00    0.00    0.00    0.00   96.52
21:55:37      11    2.81    0.00    1.00    0.00    0.00    0.20    0.00    0.00    0.00   95.99
21:55:37      12    3.23    0.00    1.01    0.00    0.00    0.20    0.00    0.00    0.00   95.56
21:55:37      13    4.00    0.00    1.40    0.00    0.00    0.20    0.00    0.00    0.00   94.40
21:55:37      14    2.63    0.00    0.61    0.00    0.00    0.20    0.00    0.00    0.00   96.57
21:55:37      15    3.02    0.00    1.01    0.00    0.00    0.20    0.00    0.00    0.00   95.77

21:55:37     CPU    %usr   %nice    %sys %iowait    %irq   %soft  %steal  %guest  %gnice   %idle
21:55:42     all    3.83    0.00    0.93    0.04    0.00    0.75    0.00    0.00    0.00   94.46
21:55:42       0    1.73    0.00    0.77    0.38    0.00    6.33    0.00    0.00    0.00   90.79
21:55:42       1    2.02    0.00    0.60    0.00    0.00    1.41    0.00    0.00    0.00   95.97
21:55:42       2    3.02    0.00    0.60    0.00    0.00    0.60    0.00    0.00    0.00   95.77
21:55:42       3    8.95    0.00    1.19    0.00    0.00    0.40    0.00    0.00    0.00   89.46
21:55:42       4    6.37    0.00    1.39    0.00    0.00    0.20    0.00    0.00    0.00   92.03
21:55:42       5    8.43    0.00    1.61    0.00    0.00    0.40    0.00    0.00    0.00   89.56
21:55:42       6    4.63    0.00    0.80    0.00    0.00    0.20    0.00    0.00    0.00   94.37
21:55:42       7    5.67    0.00    1.21    0.00    0.00    0.20    0.00    0.00    0.00   92.91
21:55:42       8    2.01    0.00    0.60    0.00    0.00    0.20    0.00    0.00    0.00   97.18
21:55:42       9    2.82    0.00    1.01    0.00    0.00    0.20    0.00    0.00    0.00   95.98
21:55:42      10    1.84    0.00    0.82    0.00    0.00    0.20    0.00    0.00    0.00   97.14
21:55:42      11    2.81    0.00    1.00    0.00    0.00    0.40    0.00    0.00    0.00   95.78
21:55:42      12    2.21    0.00    0.80    0.00    0.00    0.20    0.00    0.00    0.00   96.78
21:55:42      13    4.25    0.00    0.61    0.20    0.00    0.20    0.00    0.00    0.00   94.74
21:55:42      14    1.82    0.00    0.81    0.00    0.00    0.20    0.00    0.00    0.00   97.17
21:55:42      15    2.61    0.00    1.00    0.00    0.00    0.40    0.00    0.00    0.00   95.98

21:55:42     CPU    %usr   %nice    %sys %iowait    %irq   %soft  %steal  %guest  %gnice   %idle
21:55:47     all    3.83    0.00    0.95    0.03    0.00    0.54    0.00    0.00    0.00   94.65
21:55:47       0    1.77    0.00    0.39    0.39    0.00    3.94    0.00    0.00    0.00   93.50
21:55:47       1    2.61    0.00    1.00    0.00    0.00    1.20    0.00    0.00    0.00   95.19
21:55:47       2    3.23    0.00    1.41    0.00    0.00    0.00    0.00    0.00    0.00   95.36
21:55:47       3    8.22    0.00    1.20    0.00    0.00    0.20    0.00    0.00    0.00   90.38
21:55:47       4    5.62    0.00    0.80    0.00    0.00    0.20    0.00    0.00    0.00   93.37
21:55:47       5    8.96    0.00    1.59    0.00    0.00    0.40    0.00    0.00    0.00   89.04
21:55:47       6    5.00    0.00    1.20    0.00    0.00    0.40    0.00    0.00    0.00   93.40
21:55:47       7    4.65    0.00    1.21    0.00    0.00    0.40    0.00    0.00    0.00   93.74
21:55:47       8    2.21    0.00    0.80    0.00    0.00    0.20    0.00    0.00    0.00   96.79
21:55:47       9    2.02    0.00    0.81    0.00    0.00    0.20    0.00    0.00    0.00   96.98
21:55:47      10    1.85    0.00    0.62    0.00    0.00    0.21    0.00    0.00    0.00   97.33
21:55:47      11    3.61    0.00    1.00    0.00    0.00    0.20    0.00    0.00    0.00   95.18
21:55:47      12    3.02    0.00    0.81    0.00    0.00    0.20    0.00    0.00    0.00   95.97
21:55:47      13    3.62    0.00    0.80    0.00    0.00    0.40    0.00    0.00    0.00   95.17
21:55:47      14    2.22    0.00    0.61    0.00    0.00    0.00    0.00    0.00    0.00   97.17
21:55:47      15    2.60    0.00    1.00    0.00    0.00    0.40    0.00    0.00    0.00   96.00

21:55:47     CPU    %usr   %nice    %sys %iowait    %irq   %soft  %steal  %guest  %gnice   %idle
21:55:52     all    3.71    0.00    0.94    0.01    0.00    0.60    0.00    0.00    0.00   94.73
21:55:52       0    1.73    0.00    0.77    0.00    0.00    5.59    0.00    0.00    0.00   91.91
21:55:52       1    1.61    0.00    0.60    0.00    0.00    1.21    0.00    0.00    0.00   96.57
21:55:52       2    2.81    0.00    1.00    0.00    0.00    0.40    0.00    0.00    0.00   95.79
21:55:52       3    8.96    0.00    1.99    0.00    0.00    0.40    0.00    0.00    0.00   88.65
21:55:52       4    6.04    0.00    1.01    0.00    0.00    0.20    0.00    0.00    0.00   92.76
21:55:52       5    8.05    0.00    1.01    0.20    0.00    0.00    0.00    0.00    0.00   90.74
21:55:52       6    3.83    0.00    1.01    0.00    0.00    0.20    0.00    0.00    0.00   94.96
21:55:52       7    7.04    0.00    1.01    0.00    0.00    0.00    0.00    0.00    0.00   91.95
21:55:52       8    2.21    0.00    0.80    0.00    0.00    0.00    0.00    0.00    0.00   96.98
21:55:52       9    2.41    0.00    0.80    0.00    0.00    0.00    0.00    0.00    0.00   96.79
21:55:52      10    2.65    0.00    0.61    0.00    0.00    0.20    0.00    0.00    0.00   96.54
21:55:52      11    3.01    0.00    1.00    0.00    0.00    0.20    0.00    0.00    0.00   95.78
21:55:52      12    1.82    0.00    0.81    0.00    0.00    0.20    0.00    0.00    0.00   97.17
21:55:52      13    2.42    0.00    0.81    0.00    0.00    0.20    0.00    0.00    0.00   96.57
21:55:52      14    2.21    0.00    1.01    0.00    0.00    0.40    0.00    0.00    0.00   96.38
21:55:52      15    2.62    0.00    0.80    0.00    0.00    0.20    0.00    0.00    0.00   96.38

21:55:52     CPU    %usr   %nice    %sys %iowait    %irq   %soft  %steal  %guest  %gnice   %idle
21:55:57     all    3.80    0.00    0.87    0.01    0.00    0.68    0.00    0.00    0.00   94.64
21:55:57       0    1.92    0.00    0.58    0.00    0.00    5.77    0.00    0.00    0.00   91.73
21:55:57       1    2.02    0.00    1.01    0.00    0.00    1.21    0.00    0.00    0.00   95.76
21:55:57       2    3.62    0.00    0.80    0.00    0.00    0.40    0.00    0.00    0.00   95.17
21:55:57       3   10.22    0.00    1.40    0.00    0.00    0.20    0.00    0.00    0.00   88.18
21:55:57       4    6.02    0.00    0.80    0.00    0.00    0.20    0.00    0.00    0.00   92.97
21:55:57       5    9.52    0.00    1.98    0.00    0.00    0.40    0.00    0.00    0.00   88.10
21:55:57       6    4.41    0.00    1.00    0.20    0.00    0.20    0.00    0.00    0.00   94.19
21:55:57       7    5.24    0.00    1.21    0.00    0.00    0.20    0.00    0.00    0.00   93.35
21:55:57       8    2.01    0.00    0.40    0.00    0.00    0.20    0.00    0.00    0.00   97.38
21:55:57       9    1.82    0.00    0.40    0.00    0.00    0.20    0.00    0.00    0.00   97.58
21:55:57      10    2.24    0.00    0.61    0.00    0.00    0.20    0.00    0.00    0.00   96.95
21:55:57      11    2.23    0.00    0.81    0.00    0.00    0.20    0.00    0.00    0.00   96.76
21:55:57      12    2.02    0.00    0.60    0.00    0.00    0.20    0.00    0.00    0.00   97.18
21:55:57      13    3.22    0.00    0.60    0.00    0.00    0.20    0.00    0.00    0.00   95.98
21:55:57      14    1.83    0.00    0.81    0.00    0.00    0.41    0.00    0.00    0.00   96.96
21:55:57      15    2.41    0.00    0.80    0.00    0.00    0.40    0.00    0.00    0.00   96.38

21:55:57     CPU    %usr   %nice    %sys %iowait    %irq   %soft  %steal  %guest  %gnice   %idle
21:56:02     all    4.57    0.00    1.67    0.16    0.00    0.61    0.00    0.00    0.00   92.99
21:56:02       0    3.09    0.00    1.55    0.39    0.00    5.03    0.00    0.00    0.00   89.94
21:56:02       1    2.61    0.00    1.60    0.80    0.00    1.60    0.00    0.00    0.00   93.39
21:56:02       2    3.22    0.00    1.81    0.00    0.00    0.40    0.00    0.00    0.00   94.57
21:56:02       3    8.22    0.00    2.61    0.00    0.00    0.20    0.00    0.00    0.00   88.98
21:56:02       4    6.40    0.00    1.80    0.40    0.00    0.20    0.00    0.00    0.00   91.20
21:56:02       5    8.80    0.00    1.80    0.00    0.00    0.20    0.00    0.00    0.00   89.20
21:56:02       6    5.21    0.00    2.20    0.00    0.00    0.40    0.00    0.00    0.00   92.18
21:56:02       7    7.01    0.00    2.00    0.00    0.00    0.40    0.00    0.00    0.00   90.58
21:56:02       8    2.62    0.00    1.21    0.00    0.00    0.20    0.00    0.00    0.00   95.98
21:56:02       9    2.42    0.00    1.21    0.00    0.00    0.20    0.00    0.00    0.00   96.16
21:56:02      10    3.07    0.00    1.43    0.00    0.00    0.00    0.00    0.00    0.00   95.50
21:56:02      11    4.83    0.00    1.61    0.00    0.00    0.20    0.00    0.00    0.00   93.36
21:56:02      12    3.23    0.00    1.62    0.00    0.00    0.20    0.00    0.00    0.00   94.95
21:56:02      13    6.07    0.00    1.62    0.00    0.00    0.00    0.00    0.00    0.00   92.31
21:56:02      14    2.82    0.00    1.41    0.00    0.00    0.20    0.00    0.00    0.00   95.56
21:56:02      15    3.43    0.00    1.21    1.01    0.00    0.20    0.00    0.00    0.00   94.15

21:56:02     CPU    %usr   %nice    %sys %iowait    %irq   %soft  %steal  %guest  %gnice   %idle
21:56:07     all    3.74    0.00    0.95    0.06    0.00    0.61    0.00    0.00    0.00   94.63
21:56:07       0    2.50    0.00    0.77    0.19    0.00    5.58    0.00    0.00    0.00   90.96
21:56:07       1    2.22    0.00    1.01    0.00    0.00    1.21    0.00    0.00    0.00   95.56
21:56:07       2    2.83    0.00    1.01    0.00    0.00    0.20    0.00    0.00    0.00   95.95
21:56:07       3   10.47    0.00    1.98    0.00    0.00    0.59    0.00    0.00    0.00   86.96
21:56:07       4    5.03    0.00    1.01    0.20    0.00    0.20    0.00    0.00    0.00   93.56
21:56:07       5    7.95    0.00    1.39    0.00    0.00    0.20    0.00    0.00    0.00   90.46
21:56:07       6    3.44    0.00    1.21    0.00    0.00    0.00    0.00    0.00    0.00   95.34
21:56:07       7    5.59    0.00    1.20    0.00    0.00    0.20    0.00    0.00    0.00   93.01
21:56:07       8    1.81    0.00    0.80    0.00    0.00    0.20    0.00    0.00    0.00   97.19
21:56:07       9    1.61    0.00    0.60    0.20    0.00    0.00    0.00    0.00    0.00   97.59
21:56:07      10    1.84    0.00    0.61    0.00    0.00    0.20    0.00    0.00    0.00   97.35
21:56:07      11    2.22    0.00    1.01    0.00    0.00    0.20    0.00    0.00    0.00   96.57
21:56:07      12    3.22    0.00    1.01    0.00    0.00    0.20    0.00    0.00    0.00   95.57
21:56:07      13    4.43    0.00    0.60    0.00    0.00    0.40    0.00    0.00    0.00   94.57
21:56:07      14    1.62    0.00    0.61    0.00    0.00    0.20    0.00    0.00    0.00   97.57
21:56:07      15    2.83    0.00    0.40    0.40    0.00    0.00    0.00    0.00    0.00   96.36

21:56:07     CPU    %usr   %nice    %sys %iowait    %irq   %soft  %steal  %guest  %gnice   %idle
21:56:12     all    3.62    0.00    0.83    0.01    0.00    0.63    0.00    0.00    0.00   94.91
21:56:12       0    2.12    0.00    0.58    0.00    0.00    5.60    0.00    0.00    0.00   91.70
21:56:12       1    1.83    0.00    0.61    0.00    0.00    1.01    0.00    0.00    0.00   96.55
21:56:12       2    2.62    0.00    0.81    0.00    0.00    0.40    0.00    0.00    0.00   96.17
21:56:12       3    8.20    0.00    1.80    0.00    0.00    0.20    0.00    0.00    0.00   89.80
21:56:12       4    4.24    0.00    0.81    0.20    0.00    0.20    0.00    0.00    0.00   94.55
21:56:12       5    7.97    0.00    1.20    0.00    0.00    0.40    0.00    0.00    0.00   90.44
21:56:12       6    4.42    0.00    1.00    0.00    0.00    0.40    0.00    0.00    0.00   94.18
21:56:12       7    5.98    0.00    1.39    0.00    0.00    0.40    0.00    0.00    0.00   92.23
21:56:12       8    1.41    0.00    0.61    0.00    0.00    0.20    0.00    0.00    0.00   97.78
21:56:12       9    1.62    0.00    0.81    0.00    0.00    0.20    0.00    0.00    0.00   97.36
21:56:12      10    1.85    0.00    0.62    0.00    0.00    0.21    0.00    0.00    0.00   97.33
21:56:12      11    3.21    0.00    0.60    0.00    0.00    0.20    0.00    0.00    0.00   95.98
21:56:12      12    3.02    0.00    0.60    0.00    0.00    0.20    0.00    0.00    0.00   96.18
21:56:12      13    5.26    0.00    0.81    0.00    0.00    0.00    0.00    0.00    0.00   93.93
21:56:12      14    1.62    0.00    0.61    0.00    0.00    0.00    0.00    0.00    0.00   97.77
21:56:12      15    2.43    0.00    0.40    0.00    0.00    0.20    0.00    0.00    0.00   96.96

21:56:12     CPU    %usr   %nice    %sys %iowait    %irq   %soft  %steal  %guest  %gnice   %idle
21:56:17     all    3.62    0.00    0.88    0.00    0.00    0.80    0.00    0.00    0.00   94.70
21:56:17       0    2.27    0.00    0.76    0.00    0.00    7.20    0.00    0.00    0.00   89.77
21:56:17       1    2.01    0.00    1.00    0.00    0.00    1.61    0.00    0.00    0.00   95.38
21:56:17       2    2.43    0.00    1.21    0.00    0.00    0.20    0.00    0.00    0.00   96.15
21:56:17       3    9.36    0.00    1.59    0.00    0.00    0.40    0.00    0.00    0.00   88.65
21:56:17       4    4.60    0.00    1.00    0.00    0.00    0.60    0.00    0.00    0.00   93.80
21:56:17       5   10.22    0.00    1.00    0.00    0.00    0.40    0.00    0.00    0.00   88.38
21:56:17       6    3.62    0.00    1.01    0.00    0.00    0.20    0.00    0.00    0.00   95.17
21:56:17       7    4.43    0.00    1.01    0.00    0.00    0.40    0.00    0.00    0.00   94.16
21:56:17       8    1.22    0.00    0.20    0.00    0.00    0.00    0.00    0.00    0.00   98.58
21:56:17       9    1.21    0.00    0.40    0.00    0.00    0.20    0.00    0.00    0.00   98.18
21:56:17      10    1.43    0.00    0.41    0.00    0.00    0.20    0.00    0.00    0.00   97.96
21:56:17      11    4.79    0.00    1.20    0.00    0.00    0.20    0.00    0.00    0.00   93.81
21:56:17      12    2.22    0.00    0.81    0.00    0.00    0.20    0.00    0.00    0.00   96.77
21:56:17      13    3.21    0.00    1.00    0.00    0.00    0.20    0.00    0.00    0.00   95.58
21:56:17      14    2.21    0.00    0.80    0.00    0.00    0.20    0.00    0.00    0.00   96.78
21:56:17      15    2.62    0.00    0.60    0.00    0.00    0.20    0.00    0.00    0.00   96.58

21:56:17     CPU    %usr   %nice    %sys %iowait    %irq   %soft  %steal  %guest  %gnice   %idle
21:56:22     all    3.65    0.00    0.90    0.04    0.00    0.65    0.00    0.00    0.00   94.76
21:56:22       0    1.72    0.00    0.38    0.00    0.00    6.13    0.00    0.00    0.00   91.76
21:56:22       1    1.81    0.00    0.60    0.00    0.00    1.01    0.00    0.00    0.00   96.57
21:56:22       2    2.41    0.00    0.60    0.00    0.00    0.40    0.00    0.00    0.00   96.58
21:56:22       3    7.16    0.00    1.59    0.00    0.00    0.40    0.00    0.00    0.00   90.85
21:56:22       4    3.62    0.00    1.21    0.20    0.00    0.20    0.00    0.00    0.00   94.77
21:56:22       5    8.15    0.00    1.39    0.00    0.00    0.40    0.00    0.00    0.00   90.06
21:56:22       6    5.01    0.00    1.40    0.00    0.00    0.40    0.00    0.00    0.00   93.19
21:56:22       7    4.82    0.00    1.20    0.00    0.00    0.20    0.00    0.00    0.00   93.78
21:56:22       8    1.21    0.00    0.60    0.00    0.00    0.20    0.00    0.00    0.00   97.98
21:56:22       9    1.01    0.00    0.40    0.20    0.00    0.00    0.00    0.00    0.00   98.38
21:56:22      10    0.61    0.00    0.61    0.00    0.00    0.00    0.00    0.00    0.00   98.77
21:56:22      11    9.22    0.00    1.40    0.00    0.00    0.20    0.00    0.00    0.00   89.18
21:56:22      12    3.23    0.00    0.81    0.00    0.00    0.20    0.00    0.00    0.00   95.76
21:56:22      13    4.22    0.00    1.20    0.20    0.00    0.20    0.00    0.00    0.00   94.18
21:56:22      14    1.62    0.00    0.61    0.00    0.00    0.20    0.00    0.00    0.00   97.57
21:56:22      15    2.43    0.00    0.41    0.00    0.00    0.00    0.00    0.00    0.00   97.16

21:56:22     CPU    %usr   %nice    %sys %iowait    %irq   %soft  %steal  %guest  %gnice   %idle
21:56:27     all    3.67    0.00    0.83    0.01    0.00    0.69    0.00    0.00    0.00   94.80
21:56:27       0    1.53    0.00    0.57    0.00    0.00    6.31    0.00    0.00    0.00   91.59
21:56:27       1    1.41    0.00    0.60    0.00    0.00    1.41    0.00    0.00    0.00   96.58
21:56:27       2    1.62    0.00    0.61    0.00    0.00    0.20    0.00    0.00    0.00   97.58
21:56:27       3    9.00    0.00    1.00    0.00    0.00    0.20    0.00    0.00    0.00   89.80
21:56:27       4    4.02    0.00    1.01    0.00    0.00    0.20    0.00    0.00    0.00   94.77
21:56:27       5    8.32    0.00    1.58    0.00    0.00    0.20    0.00    0.00    0.00   89.90
21:56:27       6    4.63    0.00    1.21    0.00    0.00    0.20    0.00    0.00    0.00   93.96
21:56:27       7    4.59    0.00    1.20    0.00    0.00    0.40    0.00    0.00    0.00   93.81
21:56:27       8    1.42    0.00    0.61    0.00    0.00    0.00    0.00    0.00    0.00   97.98
21:56:27       9    1.01    0.00    0.40    0.00    0.00    0.20    0.00    0.00    0.00   98.38
21:56:27      10    1.43    0.00    0.41    0.00    0.00    0.20    0.00    0.00    0.00   97.96
21:56:27      11    6.43    0.00    1.20    0.20    0.00    0.40    0.00    0.00    0.00   91.77
21:56:27      12    2.83    0.00    0.61    0.00    0.00    0.20    0.00    0.00    0.00   96.36
21:56:27      13    4.83    0.00    1.01    0.00    0.00    0.20    0.00    0.00    0.00   93.96
21:56:27      14    2.22    0.00    0.61    0.00    0.00    0.20    0.00    0.00    0.00   96.97
21:56:27      15    3.41    0.00    0.60    0.00    0.00    0.20    0.00    0.00    0.00   95.79

21:56:27     CPU    %usr   %nice    %sys %iowait    %irq   %soft  %steal  %guest  %gnice   %idle
21:56:32     all    3.56    0.00    0.92    0.06    0.00    0.64    0.00    0.00    0.00   94.82
21:56:32       0    1.92    0.00    0.77    0.00    0.00    5.58    0.00    0.00    0.00   91.73
21:56:32       1    1.81    0.00    0.80    0.00    0.00    1.21    0.00    0.00    0.00   96.18
21:56:32       2    0.81    0.00    0.61    0.00    0.00    0.61    0.00    0.00    0.00   97.98
21:56:32       3    7.00    0.00    1.40    0.00    0.00    0.20    0.00    0.00    0.00   91.40
21:56:32       4    3.83    0.00    0.81    0.20    0.00    0.20    0.00    0.00    0.00   94.96
21:56:32       5    9.07    0.00    1.38    0.20    0.00    0.39    0.00    0.00    0.00   88.95
21:56:32       6    4.79    0.00    1.40    0.20    0.00    0.60    0.00    0.00    0.00   93.01
21:56:32       7    4.99    0.00    1.20    0.00    0.00    0.20    0.00    0.00    0.00   93.61
21:56:32       8    1.01    0.00    0.60    0.00    0.00    0.20    0.00    0.00    0.00   98.19
21:56:32       9    1.21    0.00    0.61    0.00    0.00    0.00    0.00    0.00    0.00   98.18
21:56:32      10    1.43    0.00    0.61    0.00    0.00    0.20    0.00    0.00    0.00   97.75
21:56:32      11    6.64    0.00    1.41    0.20    0.00    0.20    0.00    0.00    0.00   91.55
21:56:32      12    2.62    0.00    0.81    0.00    0.00    0.00    0.00    0.00    0.00   96.57
21:56:32      13    5.23    0.00    0.80    0.20    0.00    0.20    0.00    0.00    0.00   93.56
21:56:32      14    2.22    0.00    0.81    0.00    0.00    0.00    0.00    0.00    0.00   96.97
21:56:32      15    2.23    0.00    0.61    0.00    0.00    0.20    0.00    0.00    0.00   96.96

21:56:32     CPU    %usr   %nice    %sys %iowait    %irq   %soft  %steal  %guest  %gnice   %idle
21:56:37     all    3.65    0.00    0.86    0.04    0.00    0.55    0.00    0.00    0.00   94.91
21:56:37       0    1.56    0.00    0.39    0.00    0.00    4.09    0.00    0.00    0.00   93.96
21:56:37       1    1.62    0.00    0.81    0.00    0.00    1.01    0.00    0.00    0.00   96.57
21:56:37       2    2.02    0.00    1.01    0.00    0.00    0.40    0.00    0.00    0.00   96.57
21:56:37       3    6.90    0.00    1.22    0.00    0.00    0.20    0.00    0.00    0.00   91.68
21:56:37       4    6.18    0.00    1.39    0.40    0.00    0.20    0.00    0.00    0.00   91.83
21:56:37       5    8.95    0.00    1.39    0.00    0.00    0.40    0.00    0.00    0.00   89.26
21:56:37       6    3.83    0.00    1.01    0.00    0.00    0.40    0.00    0.00    0.00   94.76
21:56:37       7    5.21    0.00    1.20    0.00    0.00    0.20    0.00    0.00    0.00   93.39
21:56:37       8    1.83    0.00    0.41    0.00    0.00    0.20    0.00    0.00    0.00   97.57
21:56:37       9    1.02    0.00    0.41    0.20    0.00    0.20    0.00    0.00    0.00   98.17
21:56:37      10    2.24    0.00    0.61    0.00    0.00    0.20    0.00    0.00    0.00   96.95
21:56:37      11    4.04    0.00    1.21    0.00    0.00    0.20    0.00    0.00    0.00   94.55
21:56:37      12    2.03    0.00    0.81    0.00    0.00    0.20    0.00    0.00    0.00   96.95
21:56:37      13    5.41    0.00    0.60    0.00    0.00    0.40    0.00    0.00    0.00   93.59
21:56:37      14    2.42    0.00    0.60    0.00    0.00    0.20    0.00    0.00    0.00   96.77
21:56:37      15    3.01    0.00    0.60    0.00    0.00    0.20    0.00    0.00    0.00   96.18

21:56:37     CPU    %usr   %nice    %sys %iowait    %irq   %soft  %steal  %guest  %gnice   %idle
21:56:42     all    3.54    0.00    0.82    0.03    0.00    0.50    0.00    0.00    0.00   95.11
21:56:42       0    1.94    0.00    0.39    0.00    0.00    5.04    0.00    0.00    0.00   92.64
21:56:42       1    1.82    0.00    0.61    0.00    0.00    0.61    0.00    0.00    0.00   96.96
21:56:42       2    2.02    0.00    0.61    0.00    0.00    0.20    0.00    0.00    0.00   97.17
21:56:42       3    9.22    0.00    1.20    0.00    0.00    0.20    0.00    0.00    0.00   89.38
21:56:42       4    4.86    0.00    0.81    0.00    0.00    0.20    0.00    0.00    0.00   94.13
21:56:42       5    9.58    0.00    1.40    0.00    0.00    0.40    0.00    0.00    0.00   88.62
21:56:42       6    3.83    0.00    1.01    0.00    0.00    0.20    0.00    0.00    0.00   94.96
21:56:42       7    4.44    0.00    1.41    0.20    0.00    0.20    0.00    0.00    0.00   93.74
21:56:42       8    1.81    0.00    0.60    0.00    0.00    0.20    0.00    0.00    0.00   97.38
21:56:42       9    1.42    0.00    0.61    0.00    0.00    0.00    0.00    0.00    0.00   97.97
21:56:42      10    1.64    0.00    0.82    0.00    0.00    0.00    0.00    0.00    0.00   97.54
21:56:42      11    2.64    0.00    1.22    0.20    0.00    0.20    0.00    0.00    0.00   95.73
21:56:42      12    1.82    0.00    0.40    0.00    0.00    0.00    0.00    0.00    0.00   97.77
21:56:42      13    4.23    0.00    0.60    0.00    0.00    0.00    0.00    0.00    0.00   95.16
21:56:42      14    2.82    0.00    0.60    0.00    0.00    0.20    0.00    0.00    0.00   96.37
21:56:42      15    2.41    0.00    0.80    0.00    0.00    0.20    0.00    0.00    0.00   96.59

21:56:42     CPU    %usr   %nice    %sys %iowait    %irq   %soft  %steal  %guest  %gnice   %idle
21:56:47     all    3.65    0.00    0.94    0.03    0.00    0.54    0.00    0.00    0.00   94.84
21:56:47       0    1.75    0.00    0.78    0.00    0.00    4.86    0.00    0.00    0.00   92.61
21:56:47       1    2.21    0.00    0.80    0.00    0.00    1.01    0.00    0.00    0.00   95.98
21:56:47       2    2.62    0.00    0.81    0.00    0.00    0.20    0.00    0.00    0.00   96.37
21:56:47       3    7.80    0.00    1.40    0.00    0.00    0.40    0.00    0.00    0.00   90.40
21:56:47       4    5.65    0.00    0.81    0.00    0.00    0.20    0.00    0.00    0.00   93.35
21:56:47       5    9.16    0.00    1.39    0.20    0.00    0.40    0.00    0.00    0.00   88.84
21:56:47       6    4.03    0.00    0.81    0.00    0.00    0.20    0.00    0.00    0.00   94.96
21:56:47       7    5.61    0.00    1.20    0.00    0.00    0.20    0.00    0.00    0.00   92.99
21:56:47       8    1.82    0.00    0.61    0.00    0.00    0.00    0.00    0.00    0.00   97.58
21:56:47       9    2.21    0.00    0.80    0.00    0.00    0.20    0.00    0.00    0.00   96.79
21:56:47      10    1.44    0.00    0.62    0.00    0.00    0.00    0.00    0.00    0.00   97.94
21:56:47      11    3.62    0.00    1.21    0.00    0.00    0.20    0.00    0.00    0.00   94.97
21:56:47      12    2.22    0.00    1.01    0.00    0.00    0.20    0.00    0.00    0.00   96.57
21:56:47      13    4.00    0.00    1.20    0.20    0.00    0.20    0.00    0.00    0.00   94.40
21:56:47      14    2.01    0.00    1.01    0.00    0.00    0.20    0.00    0.00    0.00   96.78
21:56:47      15    2.23    0.00    0.61    0.00    0.00    0.00    0.00    0.00    0.00   97.17

21:56:47     CPU    %usr   %nice    %sys %iowait    %irq   %soft  %steal  %guest  %gnice   %idle
21:56:52     all    3.58    0.00    0.92    0.00    0.00    0.55    0.00    0.00    0.00   94.95
21:56:52       0    1.94    0.00    0.58    0.00    0.00    4.47    0.00    0.00    0.00   93.01
21:56:52       1    2.23    0.00    0.61    0.00    0.00    1.01    0.00    0.00    0.00   96.15
21:56:52       2    2.01    0.00    0.80    0.00    0.00    0.40    0.00    0.00    0.00   96.78
21:56:52       3    8.23    0.00    1.20    0.00    0.00    0.20    0.00    0.00    0.00   90.36
21:56:52       4    4.23    0.00    1.41    0.00    0.00    0.40    0.00    0.00    0.00   93.95
21:56:52       5    9.56    0.00    1.79    0.00    0.00    0.20    0.00    0.00    0.00   88.45
21:56:52       6    4.22    0.00    1.20    0.00    0.00    0.20    0.00    0.00    0.00   94.38
21:56:52       7    6.02    0.00    1.41    0.00    0.00    0.20    0.00    0.00    0.00   92.37
21:56:52       8    1.61    0.00    0.60    0.00    0.00    0.20    0.00    0.00    0.00   97.58
21:56:52       9    1.42    0.00    0.81    0.00    0.00    0.20    0.00    0.00    0.00   97.57
21:56:52      10    1.23    0.00    0.61    0.00    0.00    0.20    0.00    0.00    0.00   97.95
21:56:52      11    3.22    0.00    1.01    0.00    0.00    0.20    0.00    0.00    0.00   95.57
21:56:52      12    2.62    0.00    0.40    0.00    0.00    0.20    0.00    0.00    0.00   96.78
21:56:52      13    3.43    0.00    0.61    0.00    0.00    0.20    0.00    0.00    0.00   95.76
21:56:52      14    2.62    0.00    0.80    0.00    0.00    0.00    0.00    0.00    0.00   96.58
21:56:52      15    2.62    0.00    0.80    0.00    0.00    0.40    0.00    0.00    0.00   96.18

21:56:52     CPU    %usr   %nice    %sys %iowait    %irq   %soft  %steal  %guest  %gnice   %idle
21:56:57     all    3.61    0.00    0.87    0.05    0.00    0.49    0.00    0.00    0.00   94.98
21:56:57       0    2.34    0.00    0.78    0.00    0.00    4.09    0.00    0.00    0.00   92.79
21:56:57       1    1.61    0.00    1.01    0.00    0.00    1.21    0.00    0.00    0.00   96.18
21:56:57       2    2.42    0.00    0.61    0.00    0.00    0.40    0.00    0.00    0.00   96.57
21:56:57       3    8.82    0.00    1.20    0.00    0.00    0.00    0.00    0.00    0.00   89.98
21:56:57       4    4.43    0.00    1.01    0.00    0.00    0.20    0.00    0.00    0.00   94.37
21:56:57       5    7.80    0.00    1.40    0.20    0.00    0.40    0.00    0.00    0.00   90.20
21:56:57       6    3.82    0.00    0.80    0.00    0.00    0.20    0.00    0.00    0.00   95.18
21:56:57       7    4.83    0.00    1.21    0.00    0.00    0.40    0.00    0.00    0.00   93.56
21:56:57       8    2.03    0.00    0.41    0.00    0.00    0.00    0.00    0.00    0.00   97.57
21:56:57       9    1.01    0.00    1.01    0.00    0.00    0.20    0.00    0.00    0.00   97.78
21:56:57      10    1.64    0.00    0.82    0.61    0.00    0.20    0.00    0.00    0.00   96.73
21:56:57      11    3.46    0.00    1.02    0.00    0.00    0.00    0.00    0.00    0.00   95.53
21:56:57      12    2.62    0.00    0.81    0.00    0.00    0.00    0.00    0.00    0.00   96.57
21:56:57      13    5.42    0.00    0.60    0.00    0.00    0.20    0.00    0.00    0.00   93.78
21:56:57      14    2.83    0.00    0.61    0.00    0.00    0.00    0.00    0.00    0.00   96.57
21:56:57      15    2.62    0.00    0.60    0.00    0.00    0.20    0.00    0.00    0.00   96.57

21:56:57     CPU    %usr   %nice    %sys %iowait    %irq   %soft  %steal  %guest  %gnice   %idle
21:57:02     all    4.40    0.00    1.53    0.00    0.00    0.58    0.00    0.00    0.00   93.48
21:57:02       0    2.53    0.00    0.97    0.00    0.00    4.48    0.00    0.00    0.00   92.01
21:57:02       1    2.83    0.00    1.41    0.00    0.00    1.01    0.00    0.00    0.00   94.75
21:57:02       2    3.42    0.00    1.61    0.00    0.00    0.40    0.00    0.00    0.00   94.57
21:57:02       3    9.42    0.00    2.20    0.00    0.00    0.40    0.00    0.00    0.00   87.98
21:57:02       4    5.25    0.00    1.41    0.00    0.00    0.20    0.00    0.00    0.00   93.13
21:57:02       5   10.34    0.00    2.98    0.00    0.00    0.40    0.00    0.00    0.00   86.28
21:57:02       6    4.62    0.00    1.20    0.00    0.00    0.20    0.00    0.00    0.00   93.98
21:57:02       7    5.63    0.00    2.01    0.00    0.00    0.20    0.00    0.00    0.00   92.15
21:57:02       8    2.43    0.00    1.01    0.00    0.00    0.40    0.00    0.00    0.00   96.15
21:57:02       9    2.03    0.00    1.42    0.00    0.00    0.00    0.00    0.00    0.00   96.54
21:57:02      10    2.45    0.00    1.63    0.00    0.00    0.00    0.00    0.00    0.00   95.92
21:57:02      11    6.04    0.00    1.41    0.00    0.00    0.40    0.00    0.00    0.00   92.15
21:57:02      12    2.62    0.00    1.41    0.00    0.00    0.40    0.00    0.00    0.00   95.56
21:57:02      13    4.24    0.00    1.21    0.00    0.00    0.20    0.00    0.00    0.00   94.34
21:57:02      14    3.24    0.00    1.42    0.00    0.00    0.20    0.00    0.00    0.00   95.14
21:57:02      15    3.24    0.00    1.21    0.00    0.00    0.20    0.00    0.00    0.00   95.34

21:57:02     CPU    %usr   %nice    %sys %iowait    %irq   %soft  %steal  %guest  %gnice   %idle
21:57:07     all    3.75    0.00    0.97    0.04    0.00    0.51    0.00    0.00    0.00   94.73
21:57:07       0    2.13    0.00    0.58    0.00    0.00    5.03    0.00    0.00    0.00   92.26
21:57:07       1    3.02    0.00    0.81    0.00    0.00    1.01    0.00    0.00    0.00   95.16
21:57:07       2    2.22    0.00    0.81    0.00    0.00    0.20    0.00    0.00    0.00   96.77
21:57:07       3    9.58    0.00    1.40    0.00    0.00    0.20    0.00    0.00    0.00   88.82
21:57:07       4    3.82    0.00    1.41    0.20    0.00    0.20    0.00    0.00    0.00   94.37
21:57:07       5    9.52    0.00    1.39    0.00    0.00    0.20    0.00    0.00    0.00   88.89
21:57:07       6    4.19    0.00    1.40    0.00    0.00    0.20    0.00    0.00    0.00   94.21
21:57:07       7    5.99    0.00    1.60    0.20    0.00    0.20    0.00    0.00    0.00   92.02
21:57:07       8    2.23    0.00    0.61    0.00    0.00    0.00    0.00    0.00    0.00   97.17
21:57:07       9    1.82    0.00    0.81    0.00    0.00    0.20    0.00    0.00    0.00   97.17
21:57:07      10    1.85    0.00    0.41    0.00    0.00    0.00    0.00    0.00    0.00   97.74
21:57:07      11    2.83    0.00    0.81    0.00    0.00    0.00    0.00    0.00    0.00   96.36
21:57:07      12    2.83    0.00    1.01    0.00    0.00    0.20    0.00    0.00    0.00   95.96
21:57:07      13    3.62    0.00    0.80    0.00    0.00    0.20    0.00    0.00    0.00   95.37
21:57:07      14    2.22    0.00    0.81    0.20    0.00    0.20    0.00    0.00    0.00   96.57
21:57:07      15    2.02    0.00    0.81    0.00    0.00    0.00    0.00    0.00    0.00   97.17

21:57:07     CPU    %usr   %nice    %sys %iowait    %irq   %soft  %steal  %guest  %gnice   %idle
21:57:12     all    3.74    0.00    0.85    0.01    0.00    0.58    0.00    0.00    0.00   94.82
21:57:12       0    1.75    0.00    0.58    0.00    0.00    5.05    0.00    0.00    0.00   92.62
21:57:12       1    2.02    0.00    0.61    0.00    0.00    1.01    0.00    0.00    0.00   96.36
21:57:12       2    2.22    0.00    0.81    0.00    0.00    0.20    0.00    0.00    0.00   96.77
21:57:12       3    7.87    0.00    1.97    0.00    0.00    0.39    0.00    0.00    0.00   89.76
21:57:12       4    6.43    0.00    1.41    0.20    0.00    0.20    0.00    0.00    0.00   91.77
21:57:12       5    8.57    0.00    1.39    0.00    0.00    0.40    0.00    0.00    0.00   89.64
21:57:12       6    3.82    0.00    0.80    0.00    0.00    0.40    0.00    0.00    0.00   94.98
21:57:12       7    7.23    0.00    0.80    0.00    0.00    0.20    0.00    0.00    0.00   91.77
21:57:12       8    2.22    0.00    0.60    0.00    0.00    0.00    0.00    0.00    0.00   97.18
21:57:12       9    1.42    0.00    0.40    0.00    0.00    0.20    0.00    0.00    0.00   97.98
21:57:12      10    1.84    0.00    0.61    0.00    0.00    0.20    0.00    0.00    0.00   97.34
21:57:12      11    3.45    0.00    0.61    0.00    0.00    0.20    0.00    0.00    0.00   95.74
21:57:12      12    2.42    0.00    0.81    0.00    0.00    0.20    0.00    0.00    0.00   96.57
21:57:12      13    4.02    0.00    1.00    0.00    0.00    0.00    0.00    0.00    0.00   94.98
21:57:12      14    2.02    0.00    0.61    0.00    0.00    0.20    0.00    0.00    0.00   97.17
21:57:12      15    2.41    0.00    0.60    0.00    0.00    0.20    0.00    0.00    0.00   96.78

21:57:12     CPU    %usr   %nice    %sys %iowait    %irq   %soft  %steal  %guest  %gnice   %idle
21:57:17     all    3.68    0.00    0.90    0.01    0.00    0.55    0.00    0.00    0.00   94.85
21:57:17       0    1.55    0.00    0.39    0.00    0.00    5.04    0.00    0.00    0.00   93.02
21:57:17       1    2.02    0.00    0.81    0.00    0.00    0.81    0.00    0.00    0.00   96.36
21:57:17       2    2.23    0.00    0.81    0.00    0.00    0.20    0.00    0.00    0.00   96.75
21:57:17       3    8.48    0.00    1.58    0.00    0.00    0.59    0.00    0.00    0.00   89.35
21:57:17       4    6.65    0.00    1.41    0.20    0.00    0.40    0.00    0.00    0.00   91.33
21:57:17       5    9.84    0.00    1.61    0.00    0.00    0.20    0.00    0.00    0.00   88.35
21:57:17       6    4.63    0.00    1.01    0.00    0.00    0.00    0.00    0.00    0.00   94.37
21:57:17       7    6.16    0.00    1.39    0.00    0.00    0.40    0.00    0.00    0.00   92.05
21:57:17       8    2.22    0.00    0.61    0.00    0.00    0.00    0.00    0.00    0.00   97.17
21:57:17       9    1.01    0.00    0.60    0.00    0.00    0.20    0.00    0.00    0.00   98.19
21:57:17      10    1.43    0.00    0.61    0.00    0.00    0.00    0.00    0.00    0.00   97.96
21:57:17      11    2.43    0.00    0.61    0.00    0.00    0.20    0.00    0.00    0.00   96.75
21:57:17      12    1.62    0.00    0.61    0.00    0.00    0.20    0.00    0.00    0.00   97.57
21:57:17      13    3.83    0.00    0.81    0.00    0.00    0.00    0.00    0.00    0.00   95.36
21:57:17      14    2.22    0.00    0.81    0.00    0.00    0.20    0.00    0.00    0.00   96.77
21:57:17      15    2.41    0.00    0.80    0.00    0.00    0.20    0.00    0.00    0.00   96.58

21:57:17     CPU    %usr   %nice    %sys %iowait    %irq   %soft  %steal  %guest  %gnice   %idle
21:57:22     all    3.69    0.00    0.92    0.03    0.00    0.69    0.00    0.00    0.00   94.68
21:57:22       0    1.53    0.00    0.76    0.00    0.00    5.93    0.00    0.00    0.00   91.78
21:57:22       1    2.62    0.00    1.01    0.00    0.00    1.01    0.00    0.00    0.00   95.36
21:57:22       2    2.22    0.00    0.61    0.00    0.00    0.40    0.00    0.00    0.00   96.77
21:57:22       3    9.16    0.00    1.59    0.00    0.00    0.20    0.00    0.00    0.00   89.04
21:57:22       4    5.84    0.00    1.21    0.00    0.00    0.40    0.00    0.00    0.00   92.56
21:57:22       5    9.02    0.00    1.60    0.00    0.00    0.20    0.00    0.00    0.00   89.18
21:57:22       6    4.39    0.00    1.00    0.00    0.00    0.40    0.00    0.00    0.00   94.21
21:57:22       7    5.21    0.00    1.20    0.20    0.00    0.20    0.00    0.00    0.00   93.19
21:57:22       8    2.01    0.00    0.60    0.00    0.00    0.20    0.00    0.00    0.00   97.18
21:57:22       9    1.62    0.00    0.40    0.00    0.00    0.20    0.00    0.00    0.00   97.77
21:57:22      10    1.44    0.00    0.62    0.00    0.00    0.21    0.00    0.00    0.00   97.74
21:57:22      11    3.22    0.00    0.80    0.20    0.00    0.20    0.00    0.00    0.00   95.57
21:57:22      12    1.21    0.00    1.01    0.00    0.00    0.20    0.00    0.00    0.00   97.58
21:57:22      13    3.82    0.00    0.80    0.00    0.00    0.20    0.00    0.00    0.00   95.18
21:57:22      14    2.22    0.00    0.61    0.00    0.00    0.40    0.00    0.00    0.00   96.77
21:57:22      15    3.41    0.00    0.80    0.00    0.00    0.40    0.00    0.00    0.00   95.39

21:57:22     CPU    %usr   %nice    %sys %iowait    %irq   %soft  %steal  %guest  %gnice   %idle
21:57:27     all    3.68    0.00    0.98    0.09    0.00    0.61    0.00    0.00    0.00   94.64
21:57:27       0    1.74    0.00    0.77    0.00    0.00    5.60    0.00    0.00    0.00   91.89
21:57:27       1    2.01    0.00    1.00    1.00    0.00    1.20    0.00    0.00    0.00   94.78
21:57:27       2    2.44    0.00    0.61    0.00    0.00    0.20    0.00    0.00    0.00   96.74
21:57:27       3    8.50    0.00    1.78    0.00    0.00    0.40    0.00    0.00    0.00   89.33
21:57:27       4    5.04    0.00    1.21    0.20    0.00    0.20    0.00    0.00    0.00   93.35
21:57:27       5    8.40    0.00    1.60    0.20    0.00    0.40    0.00    0.00    0.00   89.40
21:57:27       6    4.03    0.00    1.01    0.00    0.00    0.20    0.00    0.00    0.00   94.76
21:57:27       7    4.78    0.00    1.99    0.00    0.00    0.20    0.00    0.00    0.00   93.03
21:57:27       8    2.62    0.00    0.60    0.00    0.00    0.20    0.00    0.00    0.00   96.58
21:57:27       9    1.41    0.00    0.60    0.00    0.00    0.20    0.00    0.00    0.00   97.78
21:57:27      10    2.04    0.00    0.82    0.00    0.00    0.20    0.00    0.00    0.00   96.93
21:57:27      11    4.23    0.00    1.01    0.00    0.00    0.00    0.00    0.00    0.00   94.77
21:57:27      12    2.22    0.00    0.60    0.00    0.00    0.20    0.00    0.00    0.00   96.98
21:57:27      13    4.22    0.00    0.80    0.00    0.00    0.20    0.00    0.00    0.00   94.78
21:57:27      14    2.02    0.00    0.61    0.00    0.00    0.20    0.00    0.00    0.00   97.17
21:57:27      15    3.02    0.00    0.60    0.00    0.00    0.00    0.00    0.00    0.00   96.37

21:57:27     CPU    %usr   %nice    %sys %iowait    %irq   %soft  %steal  %guest  %gnice   %idle
21:57:32     all    3.62    0.00    0.92    0.13    0.00    0.59    0.00    0.00    0.00   94.75
21:57:32       0    2.32    0.00    0.58    0.00    0.00    5.02    0.00    0.00    0.00   92.08
21:57:32       1    2.03    0.00    0.81    0.41    0.00    1.01    0.00    0.00    0.00   95.74
21:57:32       2    1.82    0.00    0.81    0.00    0.00    0.40    0.00    0.00    0.00   96.97
21:57:32       3    9.16    0.00    1.39    0.00    0.00    0.60    0.00    0.00    0.00   88.84
21:57:32       4    4.66    0.00    1.01    0.40    0.00    0.40    0.00    0.00    0.00   93.52
21:57:32       5    7.80    0.00    1.20    0.40    0.00    0.20    0.00    0.00    0.00   90.40
21:57:32       6    3.82    0.00    1.21    0.20    0.00    0.20    0.00    0.00    0.00   94.57
21:57:32       7    5.96    0.00    1.59    0.20    0.00    0.40    0.00    0.00    0.00   91.85
21:57:32       8    2.02    0.00    0.60    0.20    0.00    0.00    0.00    0.00    0.00   97.18
21:57:32       9    1.41    0.00    0.61    0.00    0.00    0.00    0.00    0.00    0.00   97.98
21:57:32      10    1.44    0.00    0.62    0.00    0.00    0.00    0.00    0.00    0.00   97.95
21:57:32      11    4.21    0.00    1.00    0.00    0.00    0.20    0.00    0.00    0.00   94.59
21:57:32      12    2.02    0.00    0.60    0.20    0.00    0.20    0.00    0.00    0.00   96.98
21:57:32      13    4.64    0.00    1.01    0.00    0.00    0.00    0.00    0.00    0.00   94.35
21:57:32      14    2.02    0.00    1.01    0.00    0.00    0.20    0.00    0.00    0.00   96.77
21:57:32      15    2.42    0.00    0.60    0.00    0.00    0.40    0.00    0.00    0.00   96.57

21:57:32     CPU    %usr   %nice    %sys %iowait    %irq   %soft  %steal  %guest  %gnice   %idle
21:57:37     all    3.78    0.00    0.88    0.01    0.00    0.60    0.00    0.00    0.00   94.73
21:57:37       0    1.94    0.00    0.78    0.00    0.00    4.84    0.00    0.00    0.00   92.44
21:57:37       1    2.22    0.00    0.81    0.00    0.00    1.21    0.00    0.00    0.00   95.77
21:57:37       2    3.02    0.00    0.80    0.00    0.00    0.40    0.00    0.00    0.00   95.77
21:57:37       3    8.30    0.00    1.19    0.20    0.00    0.40    0.00    0.00    0.00   89.92
21:57:37       4    5.03    0.00    1.01    0.00    0.00    0.40    0.00    0.00    0.00   93.56
21:57:37       5    9.20    0.00    1.20    0.00    0.00    0.20    0.00    0.00    0.00   89.40
21:57:37       6    4.62    0.00    1.00    0.00    0.00    0.20    0.00    0.00    0.00   94.18
21:57:37       7    5.24    0.00    1.21    0.00    0.00    0.40    0.00    0.00    0.00   93.15
21:57:37       8    1.82    0.00    0.61    0.00    0.00    0.20    0.00    0.00    0.00   97.37
21:57:37       9    1.41    0.00    0.61    0.00    0.00    0.20    0.00    0.00    0.00   97.78
21:57:37      10    2.05    0.00    0.61    0.00    0.00    0.20    0.00    0.00    0.00   97.13
21:57:37      11    4.03    0.00    1.01    0.00    0.00    0.20    0.00    0.00    0.00   94.76
21:57:37      12    2.02    0.00    0.81    0.00    0.00    0.20    0.00    0.00    0.00   96.97
21:57:37      13    4.22    0.00    1.20    0.00    0.00    0.40    0.00    0.00    0.00   94.18
21:57:37      14    1.83    0.00    0.41    0.00    0.00    0.00    0.00    0.00    0.00   97.77
21:57:37      15    3.42    0.00    0.80    0.00    0.00    0.00    0.00    0.00    0.00   95.77

21:57:37     CPU    %usr   %nice    %sys %iowait    %irq   %soft  %steal  %guest  %gnice   %idle
21:57:42     all    3.66    0.00    0.98    0.03    0.00    0.65    0.00    0.00    0.00   94.69
21:57:42       0    1.91    0.00    0.76    0.00    0.00    6.49    0.00    0.00    0.00   90.84
21:57:42       1    2.02    0.00    0.81    0.00    0.00    1.21    0.00    0.00    0.00   95.96
21:57:42       2    2.44    0.00    0.61    0.00    0.00    0.20    0.00    0.00    0.00   96.75
21:57:42       3    9.94    0.00    1.19    0.00    0.00    0.20    0.00    0.00    0.00   88.67
21:57:42       4    4.67    0.00    1.01    0.00    0.00    0.00    0.00    0.00    0.00   94.32
21:57:42       5    8.95    0.00    1.79    0.00    0.00    0.20    0.00    0.00    0.00   89.07
21:57:42       6    4.83    0.00    1.21    0.00    0.00    0.00    0.00    0.00    0.00   93.96
21:57:42       7    5.38    0.00    1.59    0.00    0.00    0.20    0.00    0.00    0.00   92.83
21:57:42       8    1.41    0.00    0.80    0.40    0.00    0.20    0.00    0.00    0.00   97.19
21:57:42       9    1.21    0.00    0.40    0.00    0.00    0.20    0.00    0.00    0.00   98.19
21:57:42      10    1.64    0.00    0.62    0.00    0.00    0.00    0.00    0.00    0.00   97.74
21:57:42      11    3.60    0.00    1.00    0.00    0.00    0.40    0.00    0.00    0.00   95.00
21:57:42      12    2.21    0.00    1.01    0.00    0.00    0.20    0.00    0.00    0.00   96.58
21:57:42      13    3.60    0.00    1.20    0.00    0.00    0.20    0.00    0.00    0.00   95.00
21:57:42      14    2.20    0.00    1.00    0.00    0.00    0.20    0.00    0.00    0.00   96.59
21:57:42      15    2.43    0.00    0.61    0.00    0.00    0.20    0.00    0.00    0.00   96.76

21:57:42     CPU    %usr   %nice    %sys %iowait    %irq   %soft  %steal  %guest  %gnice   %idle
21:57:47     all    3.65    0.00    0.85    0.03    0.00    0.67    0.00    0.00    0.00   94.80
21:57:47       0    1.54    0.00    0.58    0.00    0.00    5.59    0.00    0.00    0.00   92.29
21:57:47       1    2.21    0.00    1.01    0.20    0.00    1.21    0.00    0.00    0.00   95.37
21:57:47       2    2.83    0.00    1.01    0.00    0.00    0.20    0.00    0.00    0.00   95.96
21:57:47       3    6.92    0.00    1.38    0.00    0.00    0.79    0.00    0.00    0.00   90.91
21:57:47       4    4.22    0.00    1.00    0.20    0.00    0.20    0.00    0.00    0.00   94.38
21:57:47       5   10.18    0.00    1.20    0.00    0.00    0.20    0.00    0.00    0.00   88.42
21:57:47       6    3.22    0.00    0.80    0.00    0.00    0.20    0.00    0.00    0.00   95.77
21:57:47       7    6.22    0.00    1.20    0.00    0.00    0.20    0.00    0.00    0.00   92.37
21:57:47       8    1.21    0.00    0.61    0.00    0.00    0.00    0.00    0.00    0.00   98.18
21:57:47       9    1.21    0.00    0.40    0.00    0.00    0.20    0.00    0.00    0.00   98.18
21:57:47      10    1.43    0.00    0.41    0.00    0.00    0.20    0.00    0.00    0.00   97.95
21:57:47      11    6.68    0.00    1.21    0.00    0.00    0.20    0.00    0.00    0.00   91.90
21:57:47      12    3.43    0.00    0.81    0.00    0.00    0.20    0.00    0.00    0.00   95.56
21:57:47      13    3.21    0.00    1.00    0.00    0.00    0.40    0.00    0.00    0.00   95.38
21:57:47      14    1.81    0.00    0.60    0.00    0.00    0.40    0.00    0.00    0.00   97.18
21:57:47      15    2.03    0.00    0.41    0.00    0.00    0.20    0.00    0.00    0.00   97.36

21:57:47     CPU    %usr   %nice    %sys %iowait    %irq   %soft  %steal  %guest  %gnice   %idle
21:57:52     all    3.65    0.00    0.95    0.01    0.00    0.73    0.00    0.00    0.00   94.66
21:57:52       0    1.53    0.00    0.57    0.00    0.00    6.50    0.00    0.00    0.00   91.40
21:57:52       1    1.61    0.00    0.80    0.00    0.00    1.41    0.00    0.00    0.00   96.18
21:57:52       2    2.22    0.00    1.01    0.00    0.00    0.40    0.00    0.00    0.00   96.36
21:57:52       3    6.61    0.00    1.20    0.00    0.00    0.20    0.00    0.00    0.00   91.98
21:57:52       4    4.39    0.00    1.00    0.00    0.00    0.40    0.00    0.00    0.00   94.21
21:57:52       5   10.89    0.00    1.19    0.00    0.00    0.20    0.00    0.00    0.00   87.72
21:57:52       6    3.83    0.00    0.81    0.00    0.00    0.20    0.00    0.00    0.00   95.16
21:57:52       7    5.17    0.00    1.19    0.00    0.00    0.40    0.00    0.00    0.00   93.24
21:57:52       8    1.61    0.00    0.60    0.00    0.00    0.20    0.00    0.00    0.00   97.59
21:57:52       9    1.21    0.00    0.60    0.00    0.00    0.20    0.00    0.00    0.00   97.98
21:57:52      10    1.44    0.00    1.03    0.21    0.00    0.00    0.00    0.00    0.00   97.33
21:57:52      11    7.66    0.00    1.61    0.00    0.00    0.40    0.00    0.00    0.00   90.32
21:57:52      12    1.83    0.00    0.81    0.00    0.00    0.20    0.00    0.00    0.00   97.15
21:57:52      13    3.61    0.00    1.20    0.00    0.00    0.20    0.00    0.00    0.00   94.99
21:57:52      14    1.82    0.00    1.01    0.00    0.00    0.20    0.00    0.00    0.00   96.97
21:57:52      15    2.81    0.00    0.60    0.00    0.00    0.20    0.00    0.00    0.00   96.39

21:57:52     CPU    %usr   %nice    %sys %iowait    %irq   %soft  %steal  %guest  %gnice   %idle
21:57:57     all    3.64    0.00    0.83    0.05    0.00    0.60    0.00    0.00    0.00   94.88
21:57:57       0    1.74    0.00    0.39    0.00    0.00    5.79    0.00    0.00    0.00   92.08
21:57:57       1    1.61    0.00    0.80    0.00    0.00    1.21    0.00    0.00    0.00   96.38
21:57:57       2    2.42    0.00    0.81    0.00    0.00    0.20    0.00    0.00    0.00   96.57
21:57:57       3    7.98    0.00    1.20    0.00    0.00    0.20    0.00    0.00    0.00   90.62
21:57:57       4    3.61    0.00    1.00    0.80    0.00    0.20    0.00    0.00    0.00   94.38
21:57:57       5    9.16    0.00    1.00    0.00    0.00    0.40    0.00    0.00    0.00   89.44
21:57:57       6    3.98    0.00    1.20    0.00    0.00    0.20    0.00    0.00    0.00   94.62
21:57:57       7    3.82    0.00    0.80    0.00    0.00    0.20    0.00    0.00    0.00   95.17
21:57:57       8    1.41    0.00    0.40    0.00    0.00    0.20    0.00    0.00    0.00   97.98
21:57:57       9    1.21    0.00    0.61    0.00    0.00    0.20    0.00    0.00    0.00   97.98
21:57:57      10    2.03    0.00    0.61    0.00    0.00    0.20    0.00    0.00    0.00   97.16
21:57:57      11    6.87    0.00    1.41    0.00    0.00    0.00    0.00    0.00    0.00   91.72
21:57:57      12    2.22    0.00    0.81    0.00    0.00    0.20    0.00    0.00    0.00   96.77
21:57:57      13    5.45    0.00    1.21    0.00    0.00    0.00    0.00    0.00    0.00   93.33
21:57:57      14    2.22    0.00    0.40    0.00    0.00    0.00    0.00    0.00    0.00   97.37
21:57:57      15    2.43    0.00    0.61    0.00    0.00    0.20    0.00    0.00    0.00   96.76

21:57:57     CPU    %usr   %nice    %sys %iowait    %irq   %soft  %steal  %guest  %gnice   %idle
21:58:02     all    4.69    0.00    1.52    0.06    0.00    0.73    0.00    0.00    0.00   93.00
21:58:02       0    2.67    0.00    1.34    0.00    0.00    6.30    0.00    0.00    0.00   89.69
21:58:02       1    2.41    0.00    1.21    0.00    0.00    1.61    0.00    0.00    0.00   94.77
21:58:02       2    3.25    0.00    1.42    0.00    0.00    0.41    0.00    0.00    0.00   94.92
21:58:02       3    8.53    0.00    2.58    0.00    0.00    0.40    0.00    0.00    0.00   88.49
21:58:02       4    5.03    0.00    1.61    0.00    0.00    0.40    0.00    0.00    0.00   92.96
21:58:02       5   11.49    0.00    1.58    0.00    0.00    0.40    0.00    0.00    0.00   86.53
21:58:02       6    5.20    0.00    2.00    0.00    0.00    0.20    0.00    0.00    0.00   92.60
21:58:02       7    5.23    0.00    1.81    0.00    0.00    0.20    0.00    0.00    0.00   92.76
21:58:02       8    3.21    0.00    1.20    0.00    0.00    0.20    0.00    0.00    0.00   95.39
21:58:02       9    3.03    0.00    1.41    0.20    0.00    0.20    0.00    0.00    0.00   95.15
21:58:02      10    2.45    0.00    1.23    0.00    0.00    0.20    0.00    0.00    0.00   96.11
21:58:02      11    5.86    0.00    1.62    0.40    0.00    0.20    0.00    0.00    0.00   91.92
21:58:02      12    3.04    0.00    1.21    0.00    0.00    0.00    0.00    0.00    0.00   95.75
21:58:02      13    6.85    0.00    1.21    0.20    0.00    0.20    0.00    0.00    0.00   91.53
21:58:02      14    2.02    0.00    1.21    0.20    0.00    0.20    0.00    0.00    0.00   96.36
21:58:02      15    4.65    0.00    1.62    0.00    0.00    0.20    0.00    0.00    0.00   93.54

21:58:02     CPU    %usr   %nice    %sys %iowait    %irq   %soft  %steal  %guest  %gnice   %idle
21:58:07     all    3.68    0.00    0.92    0.11    0.00    0.58    0.00    0.00    0.00   94.72
21:58:07       0    1.55    0.00    0.58    0.00    0.00    4.84    0.00    0.00    0.00   93.04
21:58:07       1    2.02    0.00    0.81    0.00    0.00    1.01    0.00    0.00    0.00   96.16
21:58:07       2    2.23    0.00    0.81    0.00    0.00    0.40    0.00    0.00    0.00   96.56
21:58:07       3    8.38    0.00    1.00    0.00    0.00    0.20    0.00    0.00    0.00   90.42
21:58:07       4    4.20    0.00    1.40    0.00    0.00    0.40    0.00    0.00    0.00   94.00
21:58:07       5   10.56    0.00    1.39    0.40    0.00    0.40    0.00    0.00    0.00   87.25
21:58:07       6    3.61    0.00    1.00    0.00    0.00    0.20    0.00    0.00    0.00   95.18
21:58:07       7    6.59    0.00    1.20    0.00    0.00    0.20    0.00    0.00    0.00   92.02
21:58:07       8    1.62    0.00    0.61    0.20    0.00    0.00    0.00    0.00    0.00   97.57
21:58:07       9    1.61    0.00    0.60    0.00    0.00    0.00    0.00    0.00    0.00   97.78
21:58:07      10    1.43    0.00    0.82    0.00    0.00    0.20    0.00    0.00    0.00   97.55
21:58:07      11    3.84    0.00    1.01    1.01    0.00    0.20    0.00    0.00    0.00   93.94
21:58:07      12    2.62    0.00    0.81    0.00    0.00    0.20    0.00    0.00    0.00   96.37
21:58:07      13    4.02    0.00    1.00    0.00    0.00    0.20    0.00    0.00    0.00   94.78
21:58:07      14    2.62    0.00    0.60    0.00    0.00    0.40    0.00    0.00    0.00   96.37
21:58:07      15    1.80    0.00    1.00    0.20    0.00    0.20    0.00    0.00    0.00   96.79

21:58:07     CPU    %usr   %nice    %sys %iowait    %irq   %soft  %steal  %guest  %gnice   %idle
21:58:12     all    3.64    0.00    0.88    0.03    0.00    0.60    0.00    0.00    0.00   94.85
21:58:12       0    1.35    0.00    0.58    0.00    0.00    5.21    0.00    0.00    0.00   92.86
21:58:12       1    1.82    0.00    0.81    0.00    0.00    1.21    0.00    0.00    0.00   96.16
21:58:12       2    2.23    0.00    0.81    0.00    0.00    0.40    0.00    0.00    0.00   96.56
21:58:12       3   10.67    0.00    1.38    0.00    0.00    0.40    0.00    0.00    0.00   87.55
21:58:12       4    3.80    0.00    1.40    0.00    0.00    0.20    0.00    0.00    0.00   94.60
21:58:12       5    9.02    0.00    1.20    0.40    0.00    0.20    0.00    0.00    0.00   89.18
21:58:12       6    3.82    0.00    1.01    0.00    0.00    0.40    0.00    0.00    0.00   94.77
21:58:12       7    7.00    0.00    1.20    0.00    0.00    0.40    0.00    0.00    0.00   91.40
21:58:12       8    1.42    0.00    0.41    0.00    0.00    0.20    0.00    0.00    0.00   97.97
21:58:12       9    1.62    0.00    0.61    0.00    0.00    0.20    0.00    0.00    0.00   97.58
21:58:12      10    1.64    0.00    0.82    0.00    0.00    0.20    0.00    0.00    0.00   97.34
21:58:12      11    3.43    0.00    0.60    0.00    0.00    0.00    0.00    0.00    0.00   95.97
21:58:12      12    2.61    0.00    0.80    0.00    0.00    0.20    0.00    0.00    0.00   96.39
21:58:12      13    3.44    0.00    1.01    0.00    0.00    0.00    0.00    0.00    0.00   95.55
21:58:12      14    1.42    0.00    0.41    0.00    0.00    0.00    0.00    0.00    0.00   98.17
21:58:12      15    2.82    0.00    1.01    0.00    0.00    0.20    0.00    0.00    0.00   95.98

21:58:12     CPU    %usr   %nice    %sys %iowait    %irq   %soft  %steal  %guest  %gnice   %idle
21:58:17     all    3.68    0.00    0.84    0.03    0.00    0.53    0.00    0.00    0.00   94.93
21:58:17       0    1.36    0.00    0.39    0.00    0.00    4.85    0.00    0.00    0.00   93.40
21:58:17       1    2.83    0.00    0.61    0.00    0.00    1.01    0.00    0.00    0.00   95.56
21:58:17       2    2.63    0.00    0.81    0.00    0.00    0.20    0.00    0.00    0.00   96.36
21:58:17       3    8.91    0.00    1.78    0.00    0.00    0.20    0.00    0.00    0.00   89.11
21:58:17       4    5.18    0.00    1.20    0.00    0.00    0.40    0.00    0.00    0.00   93.23
21:58:17       5    9.62    0.00    1.00    0.00    0.00    0.20    0.00    0.00    0.00   89.18
21:58:17       6    4.03    0.00    0.81    0.00    0.00    0.00    0.00    0.00    0.00   95.16
21:58:17       7    5.42    0.00    1.20    0.00    0.00    0.20    0.00    0.00    0.00   93.17
21:58:17       8    1.62    0.00    0.61    0.00    0.00    0.20    0.00    0.00    0.00   97.57
21:58:17       9    1.21    0.00    0.61    0.00    0.00    0.20    0.00    0.00    0.00   97.98
21:58:17      10    1.43    0.00    0.82    0.20    0.00    0.20    0.00    0.00    0.00   97.34
21:58:17      11    3.04    0.00    0.61    0.00    0.00    0.00    0.00    0.00    0.00   96.36
21:58:17      12    2.22    0.00    0.60    0.20    0.00    0.00    0.00    0.00    0.00   96.98
21:58:17      13    3.41    0.00    0.60    0.00    0.00    0.20    0.00    0.00    0.00   95.79
21:58:17      14    1.42    0.00    0.81    0.00    0.00    0.20    0.00    0.00    0.00   97.57
21:58:17      15    4.43    0.00    1.01    0.00    0.00    0.20    0.00    0.00    0.00   94.37

21:58:17     CPU    %usr   %nice    %sys %iowait    %irq   %soft  %steal  %guest  %gnice   %idle
21:58:22     all    3.67    0.00    0.92    0.00    0.00    0.64    0.00    0.00    0.00   94.77
21:58:22       0    1.54    0.00    0.58    0.00    0.00    5.59    0.00    0.00    0.00   92.29
21:58:22       1    1.62    0.00    0.61    0.00    0.00    1.01    0.00    0.00    0.00   96.75
21:58:22       2    2.40    0.00    1.00    0.00    0.00    0.60    0.00    0.00    0.00   95.99
21:58:22       3    9.66    0.00    1.78    0.00    0.00    0.39    0.00    0.00    0.00   88.17
21:58:22       4    5.22    0.00    1.20    0.00    0.00    0.20    0.00    0.00    0.00   93.37
21:58:22       5   11.16    0.00    1.39    0.00    0.00    0.40    0.00    0.00    0.00   87.05
21:58:22       6    3.03    0.00    1.01    0.00    0.00    0.40    0.00    0.00    0.00   95.56
21:58:22       7    5.61    0.00    1.60    0.00    0.00    0.20    0.00    0.00    0.00   92.59
21:58:22       8    1.81    0.00    0.40    0.00    0.00    0.20    0.00    0.00    0.00   97.59
21:58:22       9    1.21    0.00    0.60    0.00    0.00    0.20    0.00    0.00    0.00   97.98
21:58:22      10    1.85    0.00    0.82    0.00    0.00    0.00    0.00    0.00    0.00   97.33
21:58:22      11    3.62    0.00    0.80    0.00    0.00    0.20    0.00    0.00    0.00   95.37
21:58:22      12    2.61    0.00    0.60    0.00    0.00    0.20    0.00    0.00    0.00   96.59
21:58:22      13    4.19    0.00    1.00    0.00    0.00    0.00    0.00    0.00    0.00   94.81
21:58:22      14    1.22    0.00    0.61    0.00    0.00    0.20    0.00    0.00    0.00   97.97
21:58:22      15    1.81    0.00    0.60    0.00    0.00    0.20    0.00    0.00    0.00   97.38

21:58:22     CPU    %usr   %nice    %sys %iowait    %irq   %soft  %steal  %guest  %gnice   %idle
21:58:27     all    3.68    0.00    0.80    0.03    0.00    0.54    0.00    0.00    0.00   94.95
21:58:27       0    1.75    0.00    0.58    0.00    0.00    4.48    0.00    0.00    0.00   93.18
21:58:27       1    2.41    0.00    1.01    0.00    0.00    1.01    0.00    0.00    0.00   95.57
21:58:27       2    2.42    0.00    0.81    0.00    0.00    0.20    0.00    0.00    0.00   96.57
21:58:27       3   10.14    0.00    1.19    0.00    0.00    0.20    0.00    0.00    0.00   88.47
21:58:27       4    4.25    0.00    0.81    0.00    0.00    0.20    0.00    0.00    0.00   94.74
21:58:27       5   10.30    0.00    1.39    0.40    0.00    0.40    0.00    0.00    0.00   87.52
21:58:27       6    3.23    0.00    0.81    0.00    0.00    0.40    0.00    0.00    0.00   95.56
21:58:27       7    7.00    0.00    1.00    0.00    0.00    0.40    0.00    0.00    0.00   91.60
21:58:27       8    2.63    0.00    0.40    0.00    0.00    0.00    0.00    0.00    0.00   96.97
21:58:27       9    1.61    0.00    0.60    0.00    0.00    0.20    0.00    0.00    0.00   97.59
21:58:27      10    1.23    0.00    0.82    0.00    0.00    0.20    0.00    0.00    0.00   97.75
21:58:27      11    3.40    0.00    1.00    0.00    0.00    0.20    0.00    0.00    0.00   95.40
21:58:27      12    2.42    0.00    0.40    0.00    0.00    0.20    0.00    0.00    0.00   96.98
21:58:27      13    3.04    0.00    0.81    0.00    0.00    0.20    0.00    0.00    0.00   95.95
21:58:27      14    1.43    0.00    0.81    0.00    0.00    0.00    0.00    0.00    0.00   97.76
21:58:27      15    1.42    0.00    0.40    0.00    0.00    0.20    0.00    0.00    0.00   97.98

21:58:27     CPU    %usr   %nice    %sys %iowait    %irq   %soft  %steal  %guest  %gnice   %idle
21:58:32     all    3.59    0.00    0.89    0.03    0.00    0.56    0.00    0.00    0.00   94.93
21:58:32       0    1.16    0.00    0.39    0.00    0.00    5.23    0.00    0.00    0.00   93.22
21:58:32       1    2.02    0.00    0.61    0.00    0.00    0.61    0.00    0.00    0.00   96.76
21:58:32       2    2.21    0.00    0.80    0.00    0.00    0.40    0.00    0.00    0.00   96.59
21:58:32       3   11.42    0.00    1.57    0.00    0.00    0.59    0.00    0.00    0.00   86.42
21:58:32       4    4.83    0.00    1.21    0.20    0.00    0.40    0.00    0.00    0.00   93.36
21:58:32       5    8.78    0.00    1.60    0.00    0.00    0.20    0.00    0.00    0.00   89.42
21:58:32       6    4.81    0.00    1.40    0.20    0.00    0.20    0.00    0.00    0.00   93.39
21:58:32       7    5.65    0.00    1.21    0.00    0.00    0.20    0.00    0.00    0.00   92.94
21:58:32       8    2.22    0.00    0.81    0.00    0.00    0.00    0.00    0.00    0.00   96.97
21:58:32       9    1.82    0.00    0.40    0.00    0.00    0.00    0.00    0.00    0.00   97.78
21:58:32      10    2.24    0.00    0.82    0.00    0.00    0.00    0.00    0.00    0.00   96.94
21:58:32      11    2.82    0.00    0.60    0.00    0.00    0.00    0.00    0.00    0.00   96.57
21:58:32      12    1.81    0.00    0.60    0.00    0.00    0.20    0.00    0.00    0.00   97.38
21:58:32      13    2.02    0.00    0.61    0.00    0.00    0.20    0.00    0.00    0.00   97.17
21:58:32      14    1.62    0.00    0.81    0.00    0.00    0.40    0.00    0.00    0.00   97.17
21:58:32      15    1.81    0.00    0.81    0.00    0.00    0.20    0.00    0.00    0.00   97.18

21:58:32     CPU    %usr   %nice    %sys %iowait    %irq   %soft  %steal  %guest  %gnice   %idle
21:58:37     all    3.68    0.00    0.95    0.05    0.00    0.69    0.00    0.00    0.00   94.62
21:58:37       0    1.15    0.00    0.38    0.00    0.00    7.06    0.00    0.00    0.00   91.41
21:58:37       1    1.82    0.00    0.81    0.00    0.00    1.01    0.00    0.00    0.00   96.36
21:58:37       2    2.82    0.00    1.01    0.00    0.00    0.20    0.00    0.00    0.00   95.97
21:58:37       3   10.20    0.00    1.37    0.20    0.00    0.20    0.00    0.00    0.00   88.04
21:58:37       4    4.81    0.00    1.00    0.00    0.00    0.20    0.00    0.00    0.00   93.99
21:58:37       5    8.35    0.00    1.39    0.20    0.00    0.40    0.00    0.00    0.00   89.66
21:58:37       6    3.02    0.00    1.61    0.00    0.00    0.20    0.00    0.00    0.00   95.17
21:58:37       7    5.85    0.00    1.21    0.40    0.00    0.20    0.00    0.00    0.00   92.34
21:58:37       8    2.22    0.00    0.40    0.00    0.00    0.20    0.00    0.00    0.00   97.18
21:58:37       9    1.41    0.00    0.61    0.00    0.00    0.00    0.00    0.00    0.00   97.98
21:58:37      10    1.43    0.00    0.61    0.00    0.00    0.20    0.00    0.00    0.00   97.75
21:58:37      11    5.03    0.00    1.21    0.00    0.00    0.00    0.00    0.00    0.00   93.76
21:58:37      12    2.59    0.00    1.20    0.00    0.00    0.20    0.00    0.00    0.00   96.01
21:58:37      13    4.03    0.00    1.01    0.00    0.00    0.20    0.00    0.00    0.00   94.76
21:58:37      14    1.83    0.00    0.61    0.00    0.00    0.00    0.00    0.00    0.00   97.57
21:58:37      15    2.23    0.00    0.81    0.00    0.00    0.40    0.00    0.00    0.00   96.56

21:58:37     CPU    %usr   %nice    %sys %iowait    %irq   %soft  %steal  %guest  %gnice   %idle
21:58:42     all    3.63    0.00    0.90    0.01    0.00    0.65    0.00    0.00    0.00   94.80
21:58:42       0    1.35    0.00    0.77    0.00    0.00    5.78    0.00    0.00    0.00   92.10
21:58:42       1    2.01    0.00    0.80    0.00    0.00    1.21    0.00    0.00    0.00   95.98
21:58:42       2    2.02    0.00    0.60    0.00    0.00    0.40    0.00    0.00    0.00   96.98
21:58:42       3    9.45    0.00    1.38    0.00    0.00    0.39    0.00    0.00    0.00   88.78
21:58:42       4    4.43    0.00    1.01    0.20    0.00    0.40    0.00    0.00    0.00   93.96
21:58:42       5    8.55    0.00    1.79    0.00    0.00    0.20    0.00    0.00    0.00   89.46
21:58:42       6    4.23    0.00    0.80    0.00    0.00    0.20    0.00    0.00    0.00   94.77
21:58:42       7    5.04    0.00    1.21    0.00    0.00    0.60    0.00    0.00    0.00   93.15
21:58:42       8    2.02    0.00    0.61    0.00    0.00    0.20    0.00    0.00    0.00   97.17
21:58:42       9    1.82    0.00    0.61    0.00    0.00    0.20    0.00    0.00    0.00   97.37
21:58:42      10    1.23    0.00    0.41    0.00    0.00    0.00    0.00    0.00    0.00   98.36
21:58:42      11    3.23    0.00    0.81    0.00    0.00    0.20    0.00    0.00    0.00   95.77
21:58:42      12    2.21    0.00    0.80    0.00    0.00    0.00    0.00    0.00    0.00   96.98
21:58:42      13    4.83    0.00    1.21    0.00    0.00    0.20    0.00    0.00    0.00   93.76
21:58:42      14    1.83    0.00    0.61    0.00    0.00    0.00    0.00    0.00    0.00   97.57
21:58:42      15    3.63    0.00    1.01    0.00    0.00    0.20    0.00    0.00    0.00   95.16

21:58:42     CPU    %usr   %nice    %sys %iowait    %irq   %soft  %steal  %guest  %gnice   %idle
21:58:47     all    3.60    0.00    0.89    0.04    0.00    0.56    0.00    0.00    0.00   94.90
21:58:47       0    2.72    0.00    0.58    0.00    0.00    4.66    0.00    0.00    0.00   92.04
21:58:47       1    1.41    0.00    0.81    0.00    0.00    1.21    0.00    0.00    0.00   96.57
21:58:47       2    3.21    0.00    1.00    0.00    0.00    0.40    0.00    0.00    0.00   95.39
21:58:47       3    7.57    0.00    1.20    0.00    0.00    0.20    0.00    0.00    0.00   91.04
21:58:47       4    5.17    0.00    1.19    0.40    0.00    0.20    0.00    0.00    0.00   93.04
21:58:47       5    7.43    0.00    1.61    0.00    0.00    0.40    0.00    0.00    0.00   90.56
21:58:47       6    2.83    0.00    1.01    0.00    0.00    0.40    0.00    0.00    0.00   95.76
21:58:47       7    4.42    0.00    1.41    0.20    0.00    0.40    0.00    0.00    0.00   93.57
21:58:47       8    1.62    0.00    0.61    0.00    0.00    0.00    0.00    0.00    0.00   97.78
21:58:47       9    1.01    0.00    0.40    0.00    0.00    0.20    0.00    0.00    0.00   98.38
21:58:47      10    1.43    0.00    0.82    0.00    0.00    0.00    0.00    0.00    0.00   97.75
21:58:47      11    7.39    0.00    0.60    0.00    0.00    0.20    0.00    0.00    0.00   91.82
21:58:47      12    3.43    0.00    0.60    0.00    0.00    0.20    0.00    0.00    0.00   95.77
21:58:47      13    3.04    0.00    0.61    0.00    0.00    0.00    0.00    0.00    0.00   96.35
21:58:47      14    1.81    0.00    1.01    0.00    0.00    0.20    0.00    0.00    0.00   96.98
21:58:47      15    3.03    0.00    0.81    0.00    0.00    0.20    0.00    0.00    0.00   95.96

21:58:47     CPU    %usr   %nice    %sys %iowait    %irq   %soft  %steal  %guest  %gnice   %idle
21:58:52     all    3.62    0.00    0.89    0.00    0.00    0.62    0.00    0.00    0.00   94.88
21:58:52       0    1.55    0.00    0.39    0.00    0.00    5.04    0.00    0.00    0.00   93.02
21:58:52       1    1.41    0.00    0.60    0.00    0.00    1.41    0.00    0.00    0.00   96.58
21:58:52       2    1.62    0.00    0.81    0.00    0.00    0.20    0.00    0.00    0.00   97.37
21:58:52       3    9.31    0.00    1.39    0.00    0.00    0.40    0.00    0.00    0.00   88.91
21:58:52       4    3.43    0.00    1.41    0.00    0.00    0.40    0.00    0.00    0.00   94.76
21:58:52       5    8.98    0.00    1.40    0.00    0.00    0.20    0.00    0.00    0.00   89.42
21:58:52       6    3.25    0.00    0.81    0.00    0.00    0.20    0.00    0.00    0.00   95.74
21:58:52       7    5.20    0.00    1.80    0.00    0.00    0.60    0.00    0.00    0.00   92.40
21:58:52       8    1.61    0.00    0.80    0.00    0.00    0.20    0.00    0.00    0.00   97.38
21:58:52       9    1.22    0.00    0.61    0.00    0.00    0.00    0.00    0.00    0.00   98.17
21:58:52      10    2.24    0.00    0.61    0.00    0.00    0.20    0.00    0.00    0.00   96.95
21:58:52      11    3.23    0.00    0.81    0.00    0.00    0.20    0.00    0.00    0.00   95.77
21:58:52      12    4.02    0.00    0.80    0.00    0.00    0.20    0.00    0.00    0.00   94.98
21:58:52      13    6.85    0.00    1.01    0.00    0.00    0.20    0.00    0.00    0.00   91.94
21:58:52      14    1.42    0.00    0.40    0.00    0.00    0.20    0.00    0.00    0.00   97.98
21:58:52      15    2.43    0.00    0.61    0.00    0.00    0.00    0.00    0.00    0.00   96.96

21:58:52     CPU    %usr   %nice    %sys %iowait    %irq   %soft  %steal  %guest  %gnice   %idle
21:58:57     all    3.62    0.00    0.87    0.00    0.00    0.54    0.00    0.00    0.00   94.98
21:58:57       0    1.17    0.00    0.58    0.00    0.00    4.48    0.00    0.00    0.00   93.76
21:58:57       1    1.42    0.00    0.81    0.00    0.00    0.81    0.00    0.00    0.00   96.96
21:58:57       2    2.02    0.00    0.81    0.00    0.00    0.40    0.00    0.00    0.00   96.77
21:58:57       3    8.10    0.00    1.58    0.00    0.00    0.40    0.00    0.00    0.00   89.92
21:58:57       4    4.41    0.00    1.40    0.00    0.00    0.40    0.00    0.00    0.00   93.79
21:58:57       5    9.52    0.00    1.19    0.00    0.00    0.40    0.00    0.00    0.00   88.89
21:58:57       6    4.01    0.00    1.20    0.00    0.00    0.40    0.00    0.00    0.00   94.39
21:58:57       7    5.44    0.00    1.21    0.00    0.00    0.20    0.00    0.00    0.00   93.15
21:58:57       8    2.01    0.00    0.60    0.00    0.00    0.20    0.00    0.00    0.00   97.19
21:58:57       9    1.61    0.00    0.40    0.00    0.00    0.20    0.00    0.00    0.00   97.79
21:58:57      10    1.63    0.00    0.41    0.00    0.00    0.20    0.00    0.00    0.00   97.76
21:58:57      11    4.43    0.00    0.80    0.00    0.00    0.20    0.00    0.00    0.00   94.57
21:58:57      12    3.25    0.00    0.41    0.00    0.00    0.00    0.00    0.00    0.00   96.35
21:58:57      13    5.24    0.00    1.21    0.00    0.00    0.00    0.00    0.00    0.00   93.55
21:58:57      14    1.43    0.00    0.41    0.00    0.00    0.00    0.00    0.00    0.00   98.17
21:58:57      15    2.02    0.00    0.81    0.00    0.00    0.20    0.00    0.00    0.00   96.98

21:58:57     CPU    %usr   %nice    %sys %iowait    %irq   %soft  %steal  %guest  %gnice   %idle
21:59:02     all    4.61    0.00    1.64    0.04    0.00    0.69    0.00    0.00    0.00   93.02
21:59:02       0    2.86    0.00    1.71    0.00    0.00    6.10    0.00    0.00    0.00   89.33
21:59:02       1    2.61    0.00    1.60    0.00    0.00    1.80    0.00    0.00    0.00   93.99
21:59:02       2    3.63    0.00    1.81    0.00    0.00    0.20    0.00    0.00    0.00   94.35
21:59:02       3   10.26    0.00    2.56    0.00    0.00    0.39    0.00    0.00    0.00   86.79
21:59:02       4    5.41    0.00    2.00    0.20    0.00    0.20    0.00    0.00    0.00   92.18
21:59:02       5   10.54    0.00    2.39    0.20    0.00    0.20    0.00    0.00    0.00   86.68
21:59:02       6    4.63    0.00    1.41    0.20    0.00    0.40    0.00    0.00    0.00   93.36
21:59:02       7    6.83    0.00    2.01    0.00    0.00    0.20    0.00    0.00    0.00   90.96
21:59:02       8    2.42    0.00    1.01    0.00    0.00    0.20    0.00    0.00    0.00   96.37
21:59:02       9    2.44    0.00    1.22    0.00    0.00    0.00    0.00    0.00    0.00   96.34
21:59:02      10    2.85    0.00    1.63    0.00    0.00    0.20    0.00    0.00    0.00   95.32
21:59:02      11    4.26    0.00    1.22    0.00    0.00    0.00    0.00    0.00    0.00   94.52
21:59:02      12    3.63    0.00    1.21    0.00    0.00    0.20    0.00    0.00    0.00   94.96
21:59:02      13    5.25    0.00    1.82    0.00    0.00    0.20    0.00    0.00    0.00   92.73
21:59:02      14    2.83    0.00    1.21    0.00    0.00    0.20    0.00    0.00    0.00   95.76
21:59:02      15    3.23    0.00    1.41    0.00    0.00    0.20    0.00    0.00    0.00   95.15

21:59:02     CPU    %usr   %nice    %sys %iowait    %irq   %soft  %steal  %guest  %gnice   %idle
21:59:07     all    3.72    0.01    0.96    0.08    0.00    0.70    0.00    0.00    0.00   94.53
21:59:07       0    1.72    0.00    0.57    0.00    0.00    6.49    0.00    0.00    0.00   91.22
21:59:07       1    2.02    0.00    0.81    0.00    0.00    1.01    0.00    0.00    0.00   96.16
21:59:07       2    3.59    0.00    1.20    0.00    0.00    0.40    0.00    0.00    0.00   94.81
21:59:07       3    9.90    0.00    1.58    0.00    0.00    0.40    0.00    0.00    0.00   88.12
21:59:07       4    4.60    0.00    1.00    0.40    0.00    0.20    0.00    0.00    0.00   93.80
21:59:07       5    8.20    0.00    1.60    0.00    0.00    0.40    0.00    0.00    0.00   89.80
21:59:07       6    4.01    0.00    1.60    0.40    0.00    0.20    0.00    0.00    0.00   93.79
21:59:07       7    6.60    0.00    1.20    0.20    0.00    0.40    0.00    0.00    0.00   91.60
21:59:07       8    2.03    0.00    0.61    0.00    0.00    0.00    0.00    0.00    0.00   97.36
21:59:07       9    2.02    0.00    0.61    0.00    0.00    0.20    0.00    0.00    0.00   97.17
21:59:07      10    1.84    0.00    1.02    0.20    0.00    0.20    0.00    0.00    0.00   96.73
21:59:07      11    3.42    0.00    0.80    0.00    0.00    0.20    0.00    0.00    0.00   95.57
21:59:07      12    2.42    0.00    0.60    0.00    0.00    0.20    0.00    0.00    0.00   96.77
21:59:07      13    3.02    0.20    0.81    0.00    0.00    0.20    0.00    0.00    0.00   95.77
21:59:07      14    1.62    0.00    0.61    0.00    0.00    0.00    0.00    0.00    0.00   97.78
21:59:07      15    2.40    0.00    0.80    0.00    0.00    0.40    0.00    0.00    0.00   96.39

21:59:07     CPU    %usr   %nice    %sys %iowait    %irq   %soft  %steal  %guest  %gnice   %idle
21:59:12     all    3.71    0.00    0.86    0.06    0.00    0.80    0.00    0.00    0.00   94.56
21:59:12       0    1.53    0.00    0.57    0.00    0.00    6.87    0.00    0.00    0.00   91.03
21:59:12       1    1.81    0.00    0.60    0.00    0.00    1.61    0.00    0.00    0.00   95.97
21:59:12       2    2.62    0.00    0.60    0.00    0.00    0.40    0.00    0.00    0.00   96.38
21:59:12       3   10.06    0.00    1.38    0.00    0.00    0.39    0.00    0.00    0.00   88.17
21:59:12       4    4.22    0.00    1.20    0.60    0.00    0.60    0.00    0.00    0.00   93.37
21:59:12       5    8.12    0.00    1.58    0.40    0.00    0.40    0.00    0.00    0.00   89.50
21:59:12       6    4.63    0.00    1.01    0.00    0.00    0.20    0.00    0.00    0.00   94.16
21:59:12       7    5.22    0.00    1.00    0.00    0.00    0.20    0.00    0.00    0.00   93.57
21:59:12       8    1.61    0.00    0.60    0.00    0.00    0.20    0.00    0.00    0.00   97.58
21:59:12       9    1.42    0.00    0.61    0.00    0.00    0.20    0.00    0.00    0.00   97.77
21:59:12      10    2.24    0.00    0.81    0.00    0.00    0.41    0.00    0.00    0.00   96.54
21:59:12      11    4.22    0.00    1.00    0.00    0.00    0.40    0.00    0.00    0.00   94.38
21:59:12      12    2.83    0.00    0.61    0.00    0.00    0.00    0.00    0.00    0.00   96.57
21:59:12      13    4.04    0.00    0.81    0.00    0.00    0.20    0.00    0.00    0.00   94.95
21:59:12      14    2.42    0.00    0.81    0.00    0.00    0.20    0.00    0.00    0.00   96.57
21:59:12      15    2.22    0.00    0.61    0.00    0.00    0.20    0.00    0.00    0.00   96.97

21:59:12     CPU    %usr   %nice    %sys %iowait    %irq   %soft  %steal  %guest  %gnice   %idle
21:59:17     all    3.73    0.00    0.82    0.03    0.00    0.52    0.00    0.00    0.00   94.91
21:59:17       0    1.93    0.00    0.58    0.00    0.00    4.84    0.00    0.00    0.00   92.65
21:59:17       1    2.83    0.00    0.40    0.00    0.00    1.21    0.00    0.00    0.00   95.55
21:59:17       2    2.43    0.00    0.81    0.00    0.00    0.20    0.00    0.00    0.00   96.56
21:59:17       3    9.25    0.00    1.57    0.00    0.00    0.20    0.00    0.00    0.00   88.98
21:59:17       4    5.63    0.00    1.21    0.00    0.00    0.20    0.00    0.00    0.00   92.96
21:59:17       5    8.71    0.00    1.39    0.00    0.00    0.40    0.00    0.00    0.00   89.50
21:59:17       6    4.23    0.00    0.81    0.00    0.00    0.20    0.00    0.00    0.00   94.76
21:59:17       7    6.40    0.00    1.00    0.00    0.00    0.00    0.00    0.00    0.00   92.60
21:59:17       8    2.02    0.00    0.81    0.40    0.00    0.00    0.00    0.00    0.00   96.77
21:59:17       9    2.43    0.00    0.41    0.00    0.00    0.20    0.00    0.00    0.00   96.96
21:59:17      10    1.65    0.00    0.62    0.00    0.00    0.00    0.00    0.00    0.00   97.73
21:59:17      11    2.41    0.00    0.60    0.00    0.00    0.20    0.00    0.00    0.00   96.78
21:59:17      12    1.42    0.00    0.41    0.00    0.00    0.00    0.00    0.00    0.00   98.17
21:59:17      13    3.04    0.00    1.01    0.00    0.00    0.20    0.00    0.00    0.00   95.75
21:59:17      14    2.22    0.00    0.60    0.00    0.00    0.20    0.00    0.00    0.00   96.98
21:59:17      15    2.83    0.00    0.81    0.00    0.00    0.00    0.00    0.00    0.00   96.36

21:59:17     CPU    %usr   %nice    %sys %iowait    %irq   %soft  %steal  %guest  %gnice   %idle
21:59:22     all    3.66    0.00    0.90    0.03    0.00    0.65    0.00    0.00    0.00   94.76
21:59:22       0    1.74    0.00    0.58    0.00    0.00    5.60    0.00    0.00    0.00   92.08
21:59:22       1    2.21    0.00    0.60    0.00    0.00    1.41    0.00    0.00    0.00   95.77
21:59:22       2    1.62    0.00    0.81    0.00    0.00    0.20    0.00    0.00    0.00   97.37
21:59:22       3    9.68    0.00    0.99    0.00    0.00    0.20    0.00    0.00    0.00   89.13
21:59:22       4    4.62    0.00    1.20    0.00    0.00    0.40    0.00    0.00    0.00   93.78
21:59:22       5    8.76    0.00    1.20    0.00    0.00    0.20    0.00    0.00    0.00   89.84
21:59:22       6    3.42    0.00    1.01    0.00    0.00    0.20    0.00    0.00    0.00   95.37
21:59:22       7    7.63    0.00    1.61    0.00    0.00    0.40    0.00    0.00    0.00   90.36
21:59:22       8    2.41    0.00    0.60    0.40    0.00    0.20    0.00    0.00    0.00   96.38
21:59:22       9    1.81    0.00    0.60    0.00    0.00    0.20    0.00    0.00    0.00   97.38
21:59:22      10    1.83    0.00    0.81    0.00    0.00    0.20    0.00    0.00    0.00   97.15
21:59:22      11    2.61    0.00    1.20    0.00    0.00    0.20    0.00    0.00    0.00   95.98
21:59:22      12    2.02    0.00    0.61    0.00    0.00    0.20    0.00    0.00    0.00   97.17
21:59:22      13    3.22    0.00    1.21    0.00    0.00    0.40    0.00    0.00    0.00   95.17
21:59:22      14    1.62    0.00    0.61    0.00    0.00    0.00    0.00    0.00    0.00   97.78
21:59:22      15    3.22    0.00    0.80    0.00    0.00    0.20    0.00    0.00    0.00   95.77

21:59:22     CPU    %usr   %nice    %sys %iowait    %irq   %soft  %steal  %guest  %gnice   %idle
21:59:27     all    3.76    0.00    0.82    0.00    0.00    0.46    0.00    0.00    0.00   94.96
21:59:27       0    1.17    0.00    0.39    0.00    0.00    4.48    0.00    0.00    0.00   93.96
21:59:27       1    1.82    0.00    0.81    0.00    0.00    0.81    0.00    0.00    0.00   96.56
21:59:27       2    3.22    0.00    0.80    0.00    0.00    0.20    0.00    0.00    0.00   95.77
21:59:27       3    9.36    0.00    1.20    0.00    0.00    0.20    0.00    0.00    0.00   89.24
21:59:27       4    5.23    0.00    1.41    0.00    0.00    0.20    0.00    0.00    0.00   93.16
21:59:27       5    8.13    0.00    0.79    0.00    0.00    0.20    0.00    0.00    0.00   90.87
21:59:27       6    3.62    0.00    0.80    0.00    0.00    0.20    0.00    0.00    0.00   95.37
21:59:27       7    7.71    0.00    1.22    0.00    0.00    0.20    0.00    0.00    0.00   90.87
21:59:27       8    2.42    0.00    0.81    0.00    0.00    0.00    0.00    0.00    0.00   96.77
21:59:27       9    1.62    0.00    0.61    0.00    0.00    0.00    0.00    0.00    0.00   97.77
21:59:27      10    1.63    0.00    0.81    0.00    0.00    0.20    0.00    0.00    0.00   97.35
21:59:27      11    3.21    0.00    1.20    0.00    0.00    0.20    0.00    0.00    0.00   95.38
21:59:27      12    1.81    0.00    0.40    0.00    0.00    0.20    0.00    0.00    0.00   97.58
21:59:27      13    5.04    0.00    0.60    0.00    0.00    0.00    0.00    0.00    0.00   94.35
21:59:27      14    1.82    0.00    0.61    0.00    0.00    0.20    0.00    0.00    0.00   97.37
21:59:27      15    2.22    0.00    0.61    0.00    0.00    0.00    0.00    0.00    0.00   97.17

21:59:27     CPU    %usr   %nice    %sys %iowait    %irq   %soft  %steal  %guest  %gnice   %idle
21:59:32     all    3.63    0.00    0.89    0.09    0.00    0.52    0.00    0.00    0.00   94.88
21:59:32       0    1.18    0.00    0.59    0.20    0.00    3.73    0.00    0.00    0.00   94.31
21:59:32       1    1.22    0.00    0.61    0.00    0.00    1.01    0.00    0.00    0.00   97.16
21:59:32       2    2.61    0.00    1.20    0.60    0.00    0.40    0.00    0.00    0.00   95.18
21:59:32       3   10.56    0.00    1.39    0.00    0.00    0.20    0.00    0.00    0.00   87.85
21:59:32       4    3.64    0.00    1.01    0.40    0.00    0.00    0.00    0.00    0.00   94.95
21:59:32       5    9.43    0.00    1.38    0.00    0.00    0.39    0.00    0.00    0.00   88.80
21:59:32       6    3.02    0.00    1.01    0.00    0.00    0.40    0.00    0.00    0.00   95.56
21:59:32       7    5.68    0.00    1.01    0.00    0.00    0.20    0.00    0.00    0.00   93.10
21:59:32       8    2.22    0.00    0.81    0.20    0.00    0.20    0.00    0.00    0.00   96.57
21:59:32       9    1.83    0.00    0.41    0.00    0.00    0.20    0.00    0.00    0.00   97.57
21:59:32      10    2.04    0.00    0.61    0.00    0.00    0.20    0.00    0.00    0.00   97.15
21:59:32      11    3.61    0.00    1.20    0.00    0.00    0.20    0.00    0.00    0.00   94.98
21:59:32      12    3.01    0.00    1.00    0.00    0.00    0.20    0.00    0.00    0.00   95.79
21:59:32      13    4.63    0.00    0.80    0.00    0.00    0.20    0.00    0.00    0.00   94.37
21:59:32      14    1.41    0.00    0.80    0.00    0.00    0.40    0.00    0.00    0.00   97.38
21:59:32      15    1.82    0.00    0.40    0.00    0.00    0.20    0.00    0.00    0.00   97.58

21:59:32     CPU    %usr   %nice    %sys %iowait    %irq   %soft  %steal  %guest  %gnice   %idle
21:59:37     all    3.71    0.00    0.90    0.01    0.00    0.58    0.00    0.00    0.00   94.80
21:59:37       0    1.74    0.00    0.58    0.00    0.00    5.04    0.00    0.00    0.00   92.64
21:59:37       1    1.41    0.00    0.80    0.00    0.00    1.41    0.00    0.00    0.00   96.38
21:59:37       2    1.83    0.00    0.81    0.00    0.00    0.20    0.00    0.00    0.00   97.16
21:59:37       3    9.29    0.00    1.78    0.00    0.00    0.20    0.00    0.00    0.00   88.74
21:59:37       4    5.65    0.00    1.01    0.20    0.00    0.20    0.00    0.00    0.00   92.94
21:59:37       5    9.54    0.00    1.39    0.00    0.00    0.20    0.00    0.00    0.00   88.87
21:59:37       6    4.24    0.00    1.01    0.00    0.00    0.00    0.00    0.00    0.00   94.75
21:59:37       7    5.44    0.00    1.21    0.00    0.00    0.20    0.00    0.00    0.00   93.15
21:59:37       8    3.23    0.00    0.81    0.00    0.00    0.40    0.00    0.00    0.00   95.56
21:59:37       9    2.02    0.00    0.61    0.00    0.00    0.20    0.00    0.00    0.00   97.17
21:59:37      10    1.64    0.00    0.61    0.00    0.00    0.20    0.00    0.00    0.00   97.54
21:59:37      11    3.42    0.00    1.21    0.00    0.00    0.20    0.00    0.00    0.00   95.17
21:59:37      12    2.02    0.00    0.61    0.00    0.00    0.20    0.00    0.00    0.00   97.17
21:59:37      13    3.43    0.00    0.81    0.00    0.00    0.20    0.00    0.00    0.00   95.56
21:59:37      14    1.62    0.00    0.61    0.00    0.00    0.00    0.00    0.00    0.00   97.77
21:59:37      15    2.62    0.00    0.60    0.00    0.00    0.20    0.00    0.00    0.00   96.57

21:59:37     CPU    %usr   %nice    %sys %iowait    %irq   %soft  %steal  %guest  %gnice   %idle
21:59:42     all    3.59    0.00    0.89    0.01    0.00    0.58    0.00    0.00    0.00   94.93
21:59:42       0    1.17    0.00    0.39    0.00    0.00    5.24    0.00    0.00    0.00   93.20
21:59:42       1    1.42    0.00    0.61    0.00    0.00    0.61    0.00    0.00    0.00   97.36
21:59:42       2    1.81    0.00    1.01    0.00    0.00    0.40    0.00    0.00    0.00   96.78
21:59:42       3   10.47    0.00    1.58    0.00    0.00    0.20    0.00    0.00    0.00   87.75
21:59:42       4    3.81    0.00    1.40    0.00    0.00    0.40    0.00    0.00    0.00   94.39
21:59:42       5   10.36    0.00    0.80    0.00    0.00    0.20    0.00    0.00    0.00   88.65
21:59:42       6    4.44    0.00    1.21    0.20    0.00    0.40    0.00    0.00    0.00   93.74
21:59:42       7    5.61    0.00    1.40    0.00    0.00    0.20    0.00    0.00    0.00   92.79
21:59:42       8    2.42    0.00    0.61    0.00    0.00    0.20    0.00    0.00    0.00   96.77
21:59:42       9    1.42    0.00    0.61    0.00    0.00    0.20    0.00    0.00    0.00   97.77
21:59:42      10    1.64    0.00    0.61    0.00    0.00    0.00    0.00    0.00    0.00   97.75
21:59:42      11    3.23    0.00    0.81    0.00    0.00    0.20    0.00    0.00    0.00   95.77
21:59:42      12    2.01    0.00    1.00    0.00    0.00    0.20    0.00    0.00    0.00   96.79
21:59:42      13    3.84    0.00    0.81    0.00    0.00    0.20    0.00    0.00    0.00   95.15
21:59:42      14    1.22    0.00    0.41    0.00    0.00    0.20    0.00    0.00    0.00   98.17
21:59:42      15    2.41    0.00    1.01    0.00    0.00    0.20    0.00    0.00    0.00   96.38

21:59:42     CPU    %usr   %nice    %sys %iowait    %irq   %soft  %steal  %guest  %gnice   %idle
21:59:47     all    3.60    0.00    0.87    0.03    0.00    0.59    0.00    0.00    0.00   94.91
21:59:47       0    1.35    0.00    0.58    0.00    0.00    5.39    0.00    0.00    0.00   92.68
21:59:47       1    1.22    0.00    0.61    0.00    0.00    1.01    0.00    0.00    0.00   97.16
21:59:47       2    2.21    0.00    1.01    0.00    0.00    0.20    0.00    0.00    0.00   96.58
21:59:47       3    8.95    0.00    1.19    0.00    0.00    0.20    0.00    0.00    0.00   89.66
21:59:47       4    3.82    0.00    1.61    0.00    0.00    0.20    0.00    0.00    0.00   94.37
21:59:47       5   10.36    0.00    1.20    0.00    0.00    0.20    0.00    0.00    0.00   88.25
21:59:47       6    5.24    0.00    1.21    0.40    0.00    0.40    0.00    0.00    0.00   92.74
21:59:47       7    6.43    0.00    1.00    0.00    0.00    0.40    0.00    0.00    0.00   92.17
21:59:47       8    2.22    0.00    0.60    0.00    0.00    0.00    0.00    0.00    0.00   97.18
21:59:47       9    1.61    0.00    0.40    0.00    0.00    0.20    0.00    0.00    0.00   97.79
21:59:47      10    1.63    0.00    0.82    0.00    0.00    0.00    0.00    0.00    0.00   97.55
21:59:47      11    3.03    0.00    0.81    0.00    0.00    0.20    0.00    0.00    0.00   95.96
21:59:47      12    1.82    0.00    0.61    0.00    0.00    0.20    0.00    0.00    0.00   97.37
21:59:47      13    3.82    0.00    0.80    0.00    0.00    0.20    0.00    0.00    0.00   95.17
21:59:47      14    1.62    0.00    0.61    0.00    0.00    0.20    0.00    0.00    0.00   97.57
21:59:47      15    2.22    0.00    0.81    0.00    0.00    0.20    0.00    0.00    0.00   96.77

21:59:47     CPU    %usr   %nice    %sys %iowait    %irq   %soft  %steal  %guest  %gnice   %idle
21:59:52     all    3.56    0.00    0.97    0.01    0.00    0.68    0.00    0.00    0.00   94.78
21:59:52       0    1.34    0.00    0.96    0.00    0.00    6.12    0.00    0.00    0.00   91.59
21:59:52       1    1.21    0.00    0.61    0.00    0.00    1.21    0.00    0.00    0.00   96.97
21:59:52       2    2.83    0.00    1.42    0.00    0.00    0.40    0.00    0.00    0.00   95.34
21:59:52       3    9.15    0.00    1.39    0.00    0.00    0.40    0.00    0.00    0.00   89.07
21:59:52       4    4.06    0.00    1.22    0.00    0.00    0.00    0.00    0.00    0.00   94.73
21:59:52       5    9.52    0.00    1.19    0.00    0.00    0.40    0.00    0.00    0.00   88.89
21:59:52       6    5.04    0.00    0.81    0.00    0.00    0.20    0.00    0.00    0.00   93.95
21:59:52       7    5.05    0.00    0.81    0.00    0.00    0.20    0.00    0.00    0.00   93.94
21:59:52       8    1.81    0.00    0.60    0.00    0.00    0.20    0.00    0.00    0.00   97.38
21:59:52       9    1.21    0.00    0.60    0.00    0.00    0.00    0.00    0.00    0.00   98.19
21:59:52      10    1.63    0.00    0.81    0.00    0.00    0.41    0.00    0.00    0.00   97.15
21:59:52      11    3.62    0.00    1.21    0.00    0.00    0.20    0.00    0.00    0.00   94.97
21:59:52      12    2.21    0.00    0.80    0.00    0.00    0.00    0.00    0.00    0.00   96.99
21:59:52      13    3.04    0.00    1.01    0.20    0.00    0.40    0.00    0.00    0.00   95.34
21:59:52      14    2.42    0.00    0.81    0.00    0.00    0.20    0.00    0.00    0.00   96.57
21:59:52      15    2.83    0.00    1.21    0.00    0.00    0.20    0.00    0.00    0.00   95.76

Average:     CPU    %usr   %nice    %sys %iowait    %irq   %soft  %steal  %guest  %gnice   %idle
Average:     all    3.76    0.00    0.96    0.03    0.00    0.62    0.00    0.00    0.00   94.63
Average:       0    1.80    0.00    0.65    0.03    0.00    5.47    0.00    0.00    0.00   92.06
Average:       1    1.97    0.00    0.81    0.04    0.00    1.14    0.00    0.00    0.00   96.03
Average:       2    2.53    0.00    0.91    0.02    0.00    0.31    0.00    0.00    0.00   96.23
Average:       3    8.84    0.00    1.50    0.02    0.00    0.31    0.00    0.00    0.00   89.33
Average:       4    4.80    0.00    1.20    0.13    0.00    0.27    0.00    0.00    0.00   93.59
Average:       5    9.13    0.00    1.43    0.06    0.00    0.30    0.00    0.00    0.00   89.08
Average:       6    4.12    0.00    1.10    0.04    0.00    0.25    0.00    0.00    0.00   94.49
Average:       7    5.67    0.00    1.30    0.03    0.00    0.27    0.00    0.00    0.00   92.73
Average:       8    1.93    0.00    0.66    0.04    0.00    0.14    0.00    0.00    0.00   97.23
Average:       9    1.67    0.00    0.64    0.02    0.00    0.14    0.00    0.00    0.00   97.53
Average:      10    1.89    0.00    0.76    0.02    0.00    0.15    0.00    0.00    0.00   97.18
Average:      11    4.01    0.00    1.01    0.04    0.00    0.20    0.00    0.00    0.00   94.75
Average:      12    2.51    0.00    0.79    0.01    0.00    0.17    0.00    0.00    0.00   96.52
Average:      13    4.16    0.00    0.97    0.03    0.00    0.19    0.00    0.00    0.00   94.64
Average:      14    2.07    0.00    0.74    0.01    0.00    0.18    0.00    0.00    0.00   96.99
Average:      15    2.91    0.00    0.83    0.03    0.00    0.21    0.00    0.00    0.00   96.02
