Linux 7.0.0-31-generic (ausitn-garcia-ROG-Zephyrus-G14-GA402XV-GA402XV) 	09/18/26 	_x86_64_	(16 CPU)

# Time        UID       PID    %usr %system  %guest   %wait    %CPU   CPU  Command
21:54:57     1000     19830    6.18    6.77    0.00    0.00   12.95    14  mediamtx
21:54:57     1000     19846    0.00    0.40    0.00    0.00    0.40     9  srcpub
21:54:57     1000     19847    0.20    0.20    0.00    0.00    0.40     2  srcpub
21:54:57     1000     19849    0.20    0.20    0.00    0.00    0.40     2  srcpub
21:54:57     1000     19850    0.00    0.20    0.00    0.00    0.20    10  srcpub
21:54:57     1000     19851    0.20    0.20    0.00    0.00    0.40    10  srcpub
21:54:57     1000     19853    0.20    0.20    0.00    0.00    0.40     7  srcpub
21:54:57     1000     19854    0.00    0.20    0.00    0.00    0.20     3  srcpub
21:54:57     1000     19855    0.20    0.20    0.00    0.00    0.40     9  srcpub
21:54:57     1000     19857    0.20    0.20    0.00    0.00    0.40    10  srcpub
21:54:57     1000     19858    0.20    0.20    0.00    0.00    0.40     4  srcpub
21:54:57     1000     19860    0.20    0.20    0.00    0.00    0.40     9  srcpub
21:54:57     1000     19862    0.00    0.20    0.00    0.00    0.20    14  srcpub
21:54:57     1000     19863    0.00    0.40    0.00    0.00    0.40    12  srcpub
21:54:57     1000     19864    0.20    0.00    0.00    0.00    0.20     0  srcpub
21:54:57     1000     19865    0.00    0.20    0.00    0.00    0.20    13  srcpub
21:54:57     1000     19868    0.20    0.20    0.00    0.00    0.40    11  srcpub
21:54:57     1000     19877    0.20    0.20    0.00    0.00    0.40    12  srcpub
21:54:57     1000     19878    0.20    0.20    0.00    0.00    0.40    13  srcpub
21:54:57     1000     19881    0.20    0.20    0.00    0.00    0.40     4  srcpub
21:54:57     1000     19885    0.20    0.20    0.00    0.00    0.40     7  srcpub
21:54:57     1000     19886    0.20    0.20    0.00    0.00    0.40     1  srcpub
21:54:57     1000     19887    0.00    0.20    0.00    0.00    0.20    12  srcpub
21:54:57     1000     19894    0.20    0.20    0.00    0.00    0.40     2  srcpub
21:54:57     1000     28824    0.20    0.00    0.00    0.00    0.20     3  chrome
21:54:57     1000     29045    5.38    1.00    0.00    0.00    6.37    15  chrome
21:54:57     1000     29047    0.00    0.20    0.00    0.00    0.20     7  chrome
21:54:57     1000     29091   11.16    0.80    0.00    0.00   11.95    10  chrome
21:54:57      997     30965    0.60    0.20    0.00    0.00    0.80     0  ffmpeg
21:54:57      997     30966    0.60    0.20    0.00    0.00    0.80     6  ffmpeg
21:54:57      997     30967    0.20    0.20    0.00    0.00    0.40    10  ffmpeg
21:54:57      997     30968    0.20    0.40    0.00    0.00    0.60     2  ffmpeg
21:54:57      997     30969    0.20    0.00    0.00    0.00    0.20     9  ffmpeg
21:54:57      997     30970    0.20    0.20    0.00    0.00    0.40     8  ffmpeg
21:54:57      997     30971    0.00    0.20    0.00    0.00    0.20     8  ffmpeg
21:54:57      997     30972    0.20    0.00    0.00    0.00    0.20     9  ffmpeg
21:54:57      997     30973    0.40    0.20    0.00    0.00    0.60     8  ffmpeg
21:54:57      997     30974    0.20    0.20    0.00    0.00    0.40     8  ffmpeg
21:54:57      997     30975    0.20    0.20    0.00    0.00    0.40     9  ffmpeg
21:54:57      997     30976    0.20    0.20    0.00    0.00    0.40    12  ffmpeg
21:54:57      997     30977    0.20    0.20    0.00    0.00    0.40     2  ffmpeg
21:54:57      997     30978    0.20    0.20    0.00    0.00    0.40    13  ffmpeg
21:54:57      997     30979    0.20    0.20    0.00    0.00    0.40     1  ffmpeg
21:54:57      997     30980    0.20    0.20    0.00    0.00    0.40     9  ffmpeg
21:54:57      997     35582    0.40    0.20    0.00    0.00    0.60    11  ffmpeg
21:54:57      997     35583    0.20    0.00    0.00    0.00    0.20    15  ffmpeg
21:54:57      997     35584    0.20    0.00    0.00    0.00    0.20     8  ffmpeg
21:54:57      997     35586    0.20    0.00    0.00    0.00    0.20     2  ffmpeg
21:54:57      997     35587    0.00    0.20    0.00    0.00    0.20    14  ffmpeg
21:54:57      997     35588    0.00    0.20    0.00    0.00    0.20     3  ffmpeg
21:54:57      997     35589    0.20    0.20    0.00    0.00    0.40    12  ffmpeg
21:54:57      997     35590    0.20    0.00    0.00    0.00    0.20    13  ffmpeg
21:54:57     1000     37551    1.39    0.00    0.00    0.00    1.39     1  detdec
21:54:57     1000     37552    1.20    0.00    0.00    0.00    1.20    10  detdec
21:54:57     1000     37553    1.39    0.00    0.00    0.00    1.39     0  detdec
21:54:57     1000     37554    1.39    0.00    0.00    0.00    1.39    10  detdec
21:54:57     1000     37555    1.00    0.40    0.00    0.00    1.39     2  detdec
21:54:57     1000     37556    1.00    0.40    0.00    0.00    1.39     0  detdec
21:54:57     1000     37557    1.00    0.20    0.00    0.00    1.20     3  detdec
21:54:57     1000     37558    1.39    0.00    0.00    0.00    1.39     2  detdec
21:54:57     1000     37559    1.39    0.00    0.00    0.00    1.39    15  detdec
21:54:57     1000     37560    1.39    0.00    0.00    0.00    1.39     7  detdec
21:54:57     1000     37561    0.60    0.60    0.00    0.00    1.20     6  detdec
21:54:57     1000     37562    1.20    0.00    0.00    0.00    1.20    11  detdec
21:54:57     1000     37563    1.39    0.00    0.00    0.00    1.39    10  detdec
21:54:57     1000     37564    1.20    0.00    0.00    0.00    1.20    14  detdec
21:54:57     1000     37565    1.39    0.00    0.00    0.00    1.39     7  detdec
21:54:57     1000     37566    1.39    0.00    0.00    0.00    1.39     1  detdec

# Time        UID       PID    %usr %system  %guest   %wait    %CPU   CPU  Command
21:55:02     1000     19830    7.60    6.20    0.00    0.00   13.80    14  mediamtx
21:55:02     1000     19846    0.20    0.00    0.00    0.00    0.20     0  srcpub
21:55:02     1000     19849    0.20    0.00    0.00    0.00    0.20    14  srcpub
21:55:02     1000     19850    0.20    0.00    0.00    0.00    0.20    12  srcpub
21:55:02     1000     19851    0.20    0.00    0.00    0.00    0.20    11  srcpub
21:55:02     1000     19853    0.20    0.20    0.00    0.00    0.40     1  srcpub
21:55:02     1000     19854    0.20    0.20    0.00    0.00    0.40    13  srcpub
21:55:02     1000     19855    0.00    0.20    0.00    0.00    0.20     8  srcpub
21:55:02     1000     19856    0.00    0.20    0.00    0.00    0.20     5  srcpub
21:55:02     1000     19857    0.20    0.20    0.00    0.00    0.40     3  srcpub
21:55:02     1000     19858    0.00    0.20    0.00    0.00    0.20    10  srcpub
21:55:02     1000     19860    0.00    0.20    0.00    0.00    0.20    14  srcpub
21:55:02     1000     19862    0.20    0.00    0.00    0.00    0.20    11  srcpub
21:55:02     1000     19863    0.20    0.20    0.00    0.00    0.40     7  srcpub
21:55:02     1000     19864    0.20    0.20    0.00    0.00    0.40    11  srcpub
21:55:02     1000     19865    0.20    0.20    0.00    0.00    0.40     9  srcpub
21:55:02     1000     19868    0.00    0.20    0.00    0.00    0.20    11  srcpub
21:55:02     1000     19874    0.20    0.20    0.00    0.00    0.40    11  srcpub
21:55:02     1000     19877    0.20    0.20    0.00    0.00    0.40     6  srcpub
21:55:02     1000     19878    0.00    0.20    0.00    0.00    0.20     0  srcpub
21:55:02     1000     19879    0.20    0.20    0.00    0.00    0.40    13  srcpub
21:55:02     1000     19881    0.00    0.20    0.00    0.00    0.20     8  srcpub
21:55:02     1000     19882    0.00    0.20    0.00    0.00    0.20    10  srcpub
21:55:02     1000     19884    0.20    0.20    0.00    0.00    0.40     1  srcpub
21:55:02     1000     19885    0.20    0.20    0.00    0.00    0.40     0  srcpub
21:55:02     1000     19886    0.00    0.20    0.00    0.00    0.20     2  srcpub
21:55:02     1000     19887    0.20    0.00    0.00    0.00    0.20    12  srcpub
21:55:02     1000     19894    0.20    0.00    0.00    0.00    0.20     2  srcpub
21:55:02     1000     26251    0.00    0.20    0.00    0.00    0.20     5  chrome
21:55:02     1000     29045    5.80    0.80    0.00    0.00    6.60     8  chrome
21:55:02     1000     29047    0.20    0.20    0.00    0.00    0.40     7  chrome
21:55:02     1000     29091   12.00    0.80    0.00    0.00   12.80    11  chrome
21:55:02      997     30965    0.40    0.40    0.00    0.00    0.80     7  ffmpeg
21:55:02      997     30966    0.40    0.20    0.00    0.00    0.60     2  ffmpeg
21:55:02      997     30967    0.20    0.00    0.00    0.00    0.20    12  ffmpeg
21:55:02      997     30968    0.20    0.20    0.00    0.00    0.40     2  ffmpeg
21:55:02      997     30969    0.40    0.20    0.00    0.00    0.60     0  ffmpeg
21:55:02      997     30970    0.20    0.00    0.00    0.00    0.20     2  ffmpeg
21:55:02      997     30971    0.20    0.20    0.00    0.00    0.40    11  ffmpeg
21:55:02      997     30972    0.20    0.20    0.00    0.00    0.40    10  ffmpeg
21:55:02      997     30973    0.00    0.20    0.00    0.00    0.20     8  ffmpeg
21:55:02      997     30974    0.40    0.20    0.00    0.00    0.60     9  ffmpeg
21:55:02      997     30975    0.20    0.00    0.00    0.00    0.20    13  ffmpeg
21:55:02      997     30976    0.20    0.20    0.00    0.00    0.40     4  ffmpeg
21:55:02      997     30977    0.20    0.20    0.00    0.00    0.40     6  ffmpeg
21:55:02      997     30978    0.20    0.20    0.00    0.00    0.40     8  ffmpeg
21:55:02      997     30979    0.20    0.00    0.00    0.00    0.20     0  ffmpeg
21:55:02      997     30980    0.00    0.20    0.00    0.00    0.20    11  ffmpeg
21:55:02      997     35582    0.60    0.20    0.00    0.00    0.80    12  ffmpeg
21:55:02      997     35583    0.20    0.00    0.00    0.00    0.20    11  ffmpeg
21:55:02      997     35584    0.20    0.00    0.00    0.00    0.20    10  ffmpeg
21:55:02      997     35585    0.20    0.00    0.00    0.00    0.20     1  ffmpeg
21:55:02      997     35586    0.20    0.20    0.00    0.00    0.40     7  ffmpeg
21:55:02      997     35587    0.20    0.00    0.00    0.00    0.20    14  ffmpeg
21:55:02      997     35588    0.20    0.00    0.00    0.20    0.20     0  ffmpeg
21:55:02      997     35590    0.20    0.20    0.00    0.00    0.40    15  ffmpeg
21:55:02     1000     37551    1.20    0.00    0.00    0.00    1.20     5  detdec
21:55:02     1000     37552    1.40    0.00    0.00    0.00    1.40    11  detdec
21:55:02     1000     37553    1.20    0.00    0.00    0.00    1.20    12  detdec
21:55:02     1000     37554    1.40    0.00    0.00    0.00    1.40    15  detdec
21:55:02     1000     37555    1.40    0.40    0.00    0.00    1.80    11  detdec
21:55:02     1000     37556    1.20    0.00    0.00    0.00    1.20     4  detdec
21:55:02     1000     37557    1.00    0.40    0.00    0.20    1.40     3  detdec
21:55:02     1000     37558    1.40    0.00    0.00    0.00    1.40     1  detdec
21:55:02     1000     37559    1.40    0.00    0.00    0.00    1.40     7  detdec
21:55:02     1000     37560    1.20    0.00    0.00    0.20    1.20     9  detdec
21:55:02     1000     37561    1.00    0.60    0.00    0.00    1.60     2  detdec
21:55:02     1000     37562    1.40    0.00    0.00    0.00    1.40     6  detdec
21:55:02     1000     37563    1.20    0.00    0.00    0.00    1.20    13  detdec
21:55:02     1000     37564    1.20    0.20    0.00    0.20    1.40    12  detdec
21:55:02     1000     37565    1.40    0.20    0.00    0.00    1.60     7  detdec
21:55:02     1000     37566    1.40    0.00    0.00    0.00    1.40     1  detdec

# Time        UID       PID    %usr %system  %guest   %wait    %CPU   CPU  Command
21:55:07     1000     19830    6.60    6.40    0.00    0.00   13.00    14  mediamtx
21:55:07     1000     19846    0.20    0.20    0.00    0.00    0.40    15  srcpub
21:55:07     1000     19847    0.20    0.20    0.00    0.00    0.40     0  srcpub
21:55:07     1000     19849    0.20    0.00    0.00    0.00    0.20    15  srcpub
21:55:07     1000     19850    0.20    0.20    0.00    0.00    0.40    14  srcpub
21:55:07     1000     19851    0.00    0.20    0.00    0.00    0.20    15  srcpub
21:55:07     1000     19853    0.00    0.20    0.00    0.00    0.20     7  srcpub
21:55:07     1000     19854    0.20    0.00    0.00    0.00    0.20     3  srcpub
21:55:07     1000     19855    0.20    0.20    0.00    0.00    0.40     8  srcpub
21:55:07     1000     19856    0.00    0.20    0.00    0.00    0.20     1  srcpub
21:55:07     1000     19857    0.20    0.00    0.00    0.00    0.20     4  srcpub
21:55:07     1000     19858    0.20    0.20    0.00    0.00    0.40     9  srcpub
21:55:07     1000     19860    0.00    0.40    0.00    0.00    0.40     2  srcpub
21:55:07     1000     19862    0.00    0.20    0.00    0.00    0.20     1  srcpub
21:55:07     1000     19863    0.20    0.20    0.00    0.00    0.40     6  srcpub
21:55:07     1000     19865    0.20    0.20    0.00    0.00    0.40    13  srcpub
21:55:07     1000     19868    0.20    0.00    0.00    0.00    0.20    11  srcpub
21:55:07     1000     19877    0.20    0.20    0.00    0.00    0.40     6  srcpub
21:55:07     1000     19878    0.40    0.00    0.00    0.00    0.40    15  srcpub
21:55:07     1000     19879    0.20    0.20    0.00    0.00    0.40    10  srcpub
21:55:07     1000     19881    0.20    0.20    0.00    0.00    0.40    15  srcpub
21:55:07     1000     19882    0.20    0.20    0.00    0.00    0.40     8  srcpub
21:55:07     1000     19884    0.20    0.20    0.00    0.00    0.40    13  srcpub
21:55:07     1000     19885    0.00    0.20    0.00    0.00    0.20     3  srcpub
21:55:07     1000     19886    0.40    0.00    0.00    0.00    0.40     4  srcpub
21:55:07     1000     19887    0.00    0.20    0.00    0.00    0.20    13  srcpub
21:55:07     1000     19894    0.20    0.20    0.00    0.00    0.40     2  srcpub
21:55:07     1000     29045    5.80    0.60    0.00    0.00    6.40     5  chrome
21:55:07     1000     29047    0.20    0.00    0.00    0.00    0.20     6  chrome
21:55:07     1000     29091   11.20    0.80    0.00    0.00   12.00    11  chrome
21:55:07      997     30965    0.60    0.20    0.00    0.00    0.80     6  ffmpeg
21:55:07      997     30966    0.60    0.20    0.00    0.00    0.80    11  ffmpeg
21:55:07      997     30967    0.20    0.20    0.00    0.00    0.40    12  ffmpeg
21:55:07      997     30968    0.20    0.00    0.00    0.00    0.20     2  ffmpeg
21:55:07      997     30970    0.20    0.20    0.00    0.00    0.40    14  ffmpeg
21:55:07      997     30971    0.20    0.20    0.00    0.00    0.40    11  ffmpeg
21:55:07      997     30972    0.20    0.00    0.00    0.00    0.20     1  ffmpeg
21:55:07      997     30973    0.40    0.00    0.00    0.00    0.40    13  ffmpeg
21:55:07      997     30974    0.20    0.00    0.00    0.00    0.20     5  ffmpeg
21:55:07      997     30975    0.20    0.20    0.00    0.00    0.40    15  ffmpeg
21:55:07      997     30976    0.20    0.20    0.00    0.00    0.40     8  ffmpeg
21:55:07      997     30977    0.20    0.20    0.00    0.00    0.40     8  ffmpeg
21:55:07      997     30978    0.20    0.20    0.00    0.00    0.40     8  ffmpeg
21:55:07      997     30979    0.20    0.20    0.00    0.00    0.40     9  ffmpeg
21:55:07      997     30980    0.40    0.20    0.00    0.00    0.60     3  ffmpeg
21:55:07      997     35582    0.40    0.20    0.00    0.00    0.60     7  ffmpeg
21:55:07      997     35583    0.00    0.20    0.00    0.00    0.20    14  ffmpeg
21:55:07      997     35584    0.00    0.20    0.00    0.00    0.20     1  ffmpeg
21:55:07      997     35585    0.20    0.20    0.00    0.00    0.40    14  ffmpeg
21:55:07      997     35587    0.20    0.00    0.00    0.00    0.20    11  ffmpeg
21:55:07      997     35588    0.00    0.20    0.00    0.00    0.20    11  ffmpeg
21:55:07      997     35589    0.20    0.00    0.00    0.00    0.20     9  ffmpeg
21:55:07     1000     37551    1.40    0.00    0.00    0.20    1.40     7  detdec
21:55:07     1000     37552    1.40    0.00    0.00    0.00    1.40     4  detdec
21:55:07     1000     37553    1.20    0.00    0.00    0.00    1.20     0  detdec
21:55:07     1000     37554    1.20    0.00    0.00    0.00    1.20     0  detdec
21:55:07     1000     37555    1.00    0.20    0.00    0.00    1.20    14  detdec
21:55:07     1000     37556    1.20    0.20    0.00    0.00    1.40     2  detdec
21:55:07     1000     37557    1.20    0.20    0.00    0.00    1.40     1  detdec
21:55:07     1000     37558    1.40    0.00    0.00    0.00    1.40    10  detdec
21:55:07     1000     37559    1.40    0.20    0.00    0.00    1.60     7  detdec
21:55:07     1000     37560    1.40    0.00    0.00    0.00    1.40     9  detdec
21:55:07     1000     37561    0.80    0.40    0.00    0.00    1.20     2  detdec
21:55:07     1000     37562    1.40    0.00    0.00    0.00    1.40    10  detdec
21:55:07     1000     37563    1.20    0.00    0.00    0.00    1.20     4  detdec
21:55:07     1000     37564    1.20    0.00    0.00    0.00    1.20     0  detdec
21:55:07     1000     37565    1.20    0.00    0.00    0.00    1.20     1  detdec
21:55:07     1000     37566    1.40    0.00    0.00    0.00    1.40     4  detdec

# Time        UID       PID    %usr %system  %guest   %wait    %CPU   CPU  Command
21:55:12     1000     19830    7.40    6.40    0.00    0.00   13.80    14  mediamtx
21:55:12     1000     19846    0.00    0.20    0.00    0.00    0.20    10  srcpub
21:55:12     1000     19847    0.20    0.20    0.00    0.00    0.40     3  srcpub
21:55:12     1000     19849    0.20    0.20    0.00    0.00    0.40    15  srcpub
21:55:12     1000     19850    0.20    0.00    0.00    0.00    0.20    14  srcpub
21:55:12     1000     19851    0.20    0.20    0.00    0.00    0.40    15  srcpub
21:55:12     1000     19853    0.20    0.20    0.00    0.00    0.40     3  srcpub
21:55:12     1000     19854    0.20    0.00    0.00    0.00    0.20     2  srcpub
21:55:12     1000     19856    0.20    0.20    0.00    0.00    0.40     3  srcpub
21:55:12     1000     19857    0.20    0.00    0.00    0.00    0.20     4  srcpub
21:55:12     1000     19860    0.20    0.00    0.00    0.00    0.20     2  srcpub
21:55:12     1000     19862    0.20    0.20    0.00    0.00    0.40     4  srcpub
21:55:12     1000     19863    0.20    0.00    0.00    0.00    0.20     1  srcpub
21:55:12     1000     19864    0.20    0.20    0.00    0.00    0.40     6  srcpub
21:55:12     1000     19865    0.20    0.00    0.00    0.00    0.20     4  srcpub
21:55:12     1000     19868    0.20    0.20    0.00    0.00    0.40    12  srcpub
21:55:12     1000     19874    0.20    0.20    0.00    0.00    0.40    12  srcpub
21:55:12     1000     19877    0.00    0.20    0.00    0.00    0.20    13  srcpub
21:55:12     1000     19878    0.00    0.20    0.00    0.00    0.20    15  srcpub
21:55:12     1000     19881    0.00    0.20    0.00    0.00    0.20     2  srcpub
21:55:12     1000     19882    0.00    0.20    0.00    0.00    0.20    11  srcpub
21:55:12     1000     19884    0.20    0.00    0.00    0.00    0.20     1  srcpub
21:55:12     1000     19885    0.20    0.20    0.00    0.00    0.40     3  srcpub
21:55:12     1000     19886    0.20    0.00    0.00    0.00    0.20     7  srcpub
21:55:12     1000     19887    0.40    0.00    0.00    0.00    0.40    12  srcpub
21:55:12     1000     19894    0.00    0.20    0.00    0.00    0.20     8  srcpub
21:55:12     1000     26207    0.00    0.20    0.00    0.00    0.20    14  chrome
21:55:12     1000     28824    0.20    0.00    0.00    0.00    0.20     3  chrome
21:55:12     1000     29045    5.80    0.80    0.00    0.00    6.60     7  chrome
21:55:12     1000     29047    0.40    0.00    0.00    0.00    0.40     6  chrome
21:55:12     1000     29091   11.40    0.80    0.00    0.00   12.20     8  chrome
21:55:12      997     30965    0.60    0.40    0.00    0.00    1.00     2  ffmpeg
21:55:12      997     30966    0.60    0.20    0.00    0.00    0.80    10  ffmpeg
21:55:12      997     30967    0.20    0.20    0.00    0.00    0.40    12  ffmpeg
21:55:12      997     30968    0.20    0.20    0.00    0.00    0.40     3  ffmpeg
21:55:12      997     30969    0.40    0.20    0.00    0.00    0.60    15  ffmpeg
21:55:12      997     30970    0.20    0.00    0.00    0.00    0.20     1  ffmpeg
21:55:12      997     30971    0.00    0.40    0.00    0.00    0.40    14  ffmpeg
21:55:12      997     30972    0.20    0.20    0.00    0.00    0.40     3  ffmpeg
21:55:12      997     30973    0.00    0.20    0.00    0.00    0.20    11  ffmpeg
21:55:12      997     30974    0.20    0.20    0.00    0.00    0.40     5  ffmpeg
21:55:12      997     30975    0.20    0.20    0.00    0.00    0.40    13  ffmpeg
21:55:12      997     30976    0.20    0.20    0.00    0.00    0.40    10  ffmpeg
21:55:12      997     30977    0.20    0.20    0.00    0.00    0.40     9  ffmpeg
21:55:12      997     30978    0.20    0.20    0.00    0.00    0.40     9  ffmpeg
21:55:12      997     30979    0.20    0.00    0.00    0.00    0.20     9  ffmpeg
21:55:12      997     30980    0.00    0.20    0.00    0.00    0.20     9  ffmpeg
21:55:12      997     35582    0.60    0.20    0.00    0.00    0.80     4  ffmpeg
21:55:12      997     35583    0.20    0.00    0.00    0.00    0.20     0  ffmpeg
21:55:12      997     35584    0.20    0.00    0.00    0.00    0.20    10  ffmpeg
21:55:12      997     35585    0.20    0.00    0.00    0.00    0.20    14  ffmpeg
21:55:12      997     35586    0.20    0.00    0.00    0.00    0.20    12  ffmpeg
21:55:12      997     35587    0.20    0.20    0.00    0.00    0.40     1  ffmpeg
21:55:12      997     35588    0.20    0.00    0.00    0.00    0.20     9  ffmpeg
21:55:12      997     35589    0.20    0.20    0.00    0.00    0.40    13  ffmpeg
21:55:12      997     35590    0.20    0.00    0.00    0.00    0.20    11  ffmpeg
21:55:12     1000     37551    1.40    0.20    0.00    0.00    1.60    15  detdec
21:55:12     1000     37552    1.40    0.00    0.00    0.00    1.40     1  detdec
21:55:12     1000     37553    1.40    0.00    0.00    0.00    1.40     1  detdec
21:55:12     1000     37554    1.40    0.20    0.00    0.00    1.60     7  detdec
21:55:12     1000     37555    1.00    0.40    0.00    0.00    1.40     1  detdec
21:55:12     1000     37556    1.00    0.40    0.00    0.20    1.40    15  detdec
21:55:12     1000     37557    1.00    0.40    0.00    0.00    1.40     4  detdec
21:55:12     1000     37558    1.40    0.00    0.00    0.00    1.40    14  detdec
21:55:12     1000     37559    1.40    0.00    0.00    0.00    1.40     7  detdec
21:55:12     1000     37560    1.40    0.00    0.00    0.00    1.40    10  detdec
21:55:12     1000     37561    1.00    0.20    0.00    0.00    1.20     0  detdec
21:55:12     1000     37562    1.40    0.00    0.00    0.20    1.40    12  detdec
21:55:12     1000     37563    1.40    0.00    0.00    0.00    1.40     1  detdec
21:55:12     1000     37564    1.20    0.20    0.00    0.00    1.40     6  detdec
21:55:12     1000     37565    1.40    0.00    0.00    0.00    1.40    12  detdec
21:55:12     1000     37566    1.40    0.00    0.00    0.00    1.40    15  detdec

# Time        UID       PID    %usr %system  %guest   %wait    %CPU   CPU  Command
21:55:17     1000     19830    7.20    6.20    0.00    0.00   13.40    14  mediamtx
21:55:17     1000     19846    0.20    0.20    0.00    0.00    0.40     1  srcpub
21:55:17     1000     19847    0.00    0.20    0.00    0.00    0.20     0  srcpub
21:55:17     1000     19849    0.20    0.00    0.00    0.00    0.20     6  srcpub
21:55:17     1000     19850    0.00    0.20    0.00    0.00    0.20    14  srcpub
21:55:17     1000     19851    0.20    0.00    0.00    0.00    0.20    11  srcpub
21:55:17     1000     19853    0.20    0.00    0.00    0.00    0.20     7  srcpub
21:55:17     1000     19854    0.20    0.00    0.00    0.00    0.20     4  srcpub
21:55:17     1000     19855    0.20    0.20    0.00    0.00    0.40     0  srcpub
21:55:17     1000     19856    0.20    0.00    0.00    0.00    0.20     3  srcpub
21:55:17     1000     19857    0.20    0.20    0.00    0.00    0.40     6  srcpub
21:55:17     1000     19858    0.20    0.20    0.00    0.00    0.40    12  srcpub
21:55:17     1000     19860    0.00    0.20    0.00    0.00    0.20     5  srcpub
21:55:17     1000     19862    0.00    0.20    0.00    0.00    0.20     1  srcpub
21:55:17     1000     19863    0.00    0.20    0.00    0.00    0.20     1  srcpub
21:55:17     1000     19864    0.20    0.00    0.00    0.00    0.20     9  srcpub
21:55:17     1000     19865    0.00    0.20    0.00    0.00    0.20    10  srcpub
21:55:17     1000     19868    0.00    0.20    0.00    0.00    0.20    12  srcpub
21:55:17     1000     19874    0.20    0.00    0.00    0.00    0.20    12  srcpub
21:55:17     1000     19877    0.20    0.00    0.00    0.00    0.20     8  srcpub
21:55:17     1000     19878    0.20    0.20    0.00    0.00    0.40    15  srcpub
21:55:17     1000     19879    0.20    0.20    0.00    0.00    0.40     9  srcpub
21:55:17     1000     19881    0.20    0.20    0.00    0.00    0.40    13  srcpub
21:55:17     1000     19882    0.20    0.00    0.00    0.00    0.20     7  srcpub
21:55:17     1000     19884    0.20    0.00    0.00    0.00    0.20    13  srcpub
21:55:17     1000     19885    0.20    0.20    0.00    0.00    0.40     7  srcpub
21:55:17     1000     19886    0.20    0.20    0.00    0.00    0.40     3  srcpub
21:55:17     1000     19887    0.00    0.20    0.00    0.00    0.20     2  srcpub
21:55:17     1000     19894    0.40    0.00    0.00    0.00    0.40     1  srcpub
21:55:17     1000     29045    5.60    1.00    0.00    0.00    6.60     4  chrome
21:55:17     1000     29047    0.00    0.20    0.00    0.00    0.20     6  chrome
21:55:17     1000     29091   11.40    0.60    0.00    0.00   12.00     7  chrome
21:55:17      997     30965    0.40    0.20    0.00    0.00    0.60    14  ffmpeg
21:55:17      997     30966    0.60    0.20    0.00    0.00    0.80    14  ffmpeg
21:55:17      997     30967    0.20    0.20    0.00    0.00    0.40    12  ffmpeg
21:55:17      997     30968    0.20    0.00    0.00    0.00    0.20     1  ffmpeg
21:55:17      997     30969    0.20    0.20    0.00    0.00    0.40     9  ffmpeg
21:55:17      997     30970    0.20    0.20    0.00    0.00    0.40     0  ffmpeg
21:55:17      997     30971    0.00    0.20    0.00    0.00    0.20    15  ffmpeg
21:55:17      997     30972    0.20    0.20    0.00    0.00    0.40    14  ffmpeg
21:55:17      997     30973    0.40    0.20    0.00    0.00    0.60    13  ffmpeg
21:55:17      997     30974    0.20    0.20    0.00    0.00    0.40    12  ffmpeg
21:55:17      997     30975    0.20    0.20    0.00    0.00    0.40    10  ffmpeg
21:55:17      997     30976    0.00    0.20    0.00    0.00    0.20    11  ffmpeg
21:55:17      997     30977    0.20    0.20    0.00    0.00    0.40     3  ffmpeg
21:55:17      997     30978    0.20    0.00    0.00    0.00    0.20     2  ffmpeg
21:55:17      997     30979    0.20    0.20    0.00    0.00    0.40    10  ffmpeg
21:55:17      997     30980    0.20    0.20    0.00    0.00    0.40     3  ffmpeg
21:55:17      997     35582    0.40    0.20    0.00    0.00    0.60     3  ffmpeg
21:55:17      997     35583    0.20    0.20    0.00    0.00    0.40    14  ffmpeg
21:55:17      997     35584    0.20    0.00    0.00    0.00    0.20     0  ffmpeg
21:55:17      997     35585    0.00    0.20    0.00    0.00    0.20    13  ffmpeg
21:55:17      997     35586    0.20    0.00    0.00    0.00    0.20    15  ffmpeg
21:55:17      997     35588    0.20    0.20    0.00    0.00    0.40     0  ffmpeg
21:55:17      997     35589    0.20    0.00    0.00    0.00    0.20    13  ffmpeg
21:55:17      997     35590    0.20    0.20    0.00    0.00    0.40     1  ffmpeg
21:55:17     1000     37551    1.20    0.00    0.00    0.00    1.20     8  detdec
21:55:17     1000     37552    1.40    0.00    0.00    0.00    1.40     1  detdec
21:55:17     1000     37553    1.20    0.00    0.00    0.00    1.20    14  detdec
21:55:17     1000     37554    1.20    0.00    0.00    0.00    1.20     0  detdec
21:55:17     1000     37555    1.20    0.20    0.00    0.00    1.40     4  detdec
21:55:17     1000     37556    1.40    0.00    0.00    0.00    1.40     2  detdec
21:55:17     1000     37557    1.00    0.40    0.00    0.00    1.40     6  detdec
21:55:17     1000     37558    1.20    0.20    0.00    0.00    1.40    10  detdec
21:55:17     1000     37559    1.40    0.00    0.00    0.00    1.40    14  detdec
21:55:17     1000     37560    1.40    0.00    0.00    0.00    1.40    11  detdec
21:55:17     1000     37561    0.80    0.40    0.00    0.00    1.20    12  detdec
21:55:17     1000     37562    1.20    0.20    0.00    0.00    1.40    11  detdec
21:55:17     1000     37563    1.20    0.00    0.00    0.00    1.20     2  detdec
21:55:17     1000     37564    1.20    0.20    0.00    0.00    1.40     6  detdec
21:55:17     1000     37565    1.20    0.20    0.00    0.00    1.40     3  detdec
21:55:17     1000     37566    1.40    0.00    0.00    0.00    1.40    15  detdec

# Time        UID       PID    %usr %system  %guest   %wait    %CPU   CPU  Command
21:55:22     1000     19830    7.00    6.00    0.00    0.00   13.00    14  mediamtx
21:55:22     1000     19846    0.20    0.20    0.00    0.00    0.40     2  srcpub
21:55:22     1000     19847    0.20    0.00    0.00    0.00    0.20     0  srcpub
21:55:22     1000     19849    0.00    0.40    0.00    0.00    0.40     5  srcpub
21:55:22     1000     19850    0.20    0.00    0.00    0.00    0.20    13  srcpub
21:55:22     1000     19851    0.20    0.20    0.00    0.00    0.40    11  srcpub
21:55:22     1000     19853    0.20    0.20    0.00    0.00    0.40     7  srcpub
21:55:22     1000     19854    0.00    0.20    0.00    0.00    0.20     6  srcpub
21:55:22     1000     19855    0.00    0.20    0.00    0.00    0.20     0  srcpub
21:55:22     1000     19856    0.00    0.20    0.00    0.00    0.20     2  srcpub
21:55:22     1000     19857    0.20    0.20    0.00    0.00    0.40     7  srcpub
21:55:22     1000     19858    0.00    0.20    0.00    0.00    0.20    11  srcpub
21:55:22     1000     19860    0.20    0.20    0.00    0.00    0.40    13  srcpub
21:55:22     1000     19862    0.20    0.20    0.00    0.00    0.40     7  srcpub
21:55:22     1000     19863    0.20    0.20    0.00    0.00    0.40     1  srcpub
21:55:22     1000     19865    0.20    0.20    0.00    0.00    0.40     7  srcpub
21:55:22     1000     19868    0.20    0.00    0.00    0.00    0.20    12  srcpub
21:55:22     1000     19874    0.00    0.20    0.00    0.00    0.20     0  srcpub
21:55:22     1000     19877    0.20    0.20    0.00    0.00    0.40    13  srcpub
21:55:22     1000     19878    0.00    0.20    0.00    0.00    0.20     0  srcpub
21:55:22     1000     19879    0.20    0.20    0.00    0.00    0.40     8  srcpub
21:55:22     1000     19881    0.00    0.20    0.00    0.00    0.20    15  srcpub
21:55:22     1000     19882    0.00    0.20    0.00    0.00    0.20     1  srcpub
21:55:22     1000     19884    0.20    0.20    0.00    0.00    0.40    13  srcpub
21:55:22     1000     19885    0.00    0.20    0.00    0.00    0.20     7  srcpub
21:55:22     1000     19886    0.20    0.20    0.00    0.00    0.40     3  srcpub
21:55:22     1000     19887    0.20    0.20    0.00    0.00    0.40    13  srcpub
21:55:22     1000     19894    0.00    0.20    0.00    0.00    0.20    10  srcpub
21:55:22     1000     28824    0.20    0.00    0.00    0.00    0.20     7  chrome
21:55:22     1000     29045    5.60    1.00    0.00    0.00    6.60     6  chrome
21:55:22     1000     29047    0.20    0.20    0.00    0.00    0.40     6  chrome
21:55:22     1000     29091   11.60    1.00    0.00    0.00   12.60    15  chrome
21:55:22      997     30965    0.80    0.40    0.00    0.00    1.20    12  ffmpeg
21:55:22      997     30966    0.40    0.40    0.00    0.00    0.80     9  ffmpeg
21:55:22      997     30967    0.20    0.20    0.00    0.00    0.40     0  ffmpeg
21:55:22      997     30968    0.20    0.20    0.00    0.00    0.40     3  ffmpeg
21:55:22      997     30969    0.20    0.00    0.00    0.00    0.20    15  ffmpeg
21:55:22      997     30970    0.40    0.00    0.00    0.00    0.40    13  ffmpeg
21:55:22      997     30971    0.20    0.20    0.00    0.00    0.40    10  ffmpeg
21:55:22      997     30972    0.20    0.20    0.00    0.00    0.40     0  ffmpeg
21:55:22      997     30973    0.20    0.00    0.00    0.00    0.20     7  ffmpeg
21:55:22      997     30974    0.20    0.20    0.00    0.00    0.40    12  ffmpeg
21:55:22      997     30975    0.00    0.20    0.00    0.00    0.20    10  ffmpeg
21:55:22      997     30976    0.20    0.20    0.00    0.00    0.40     8  ffmpeg
21:55:22      997     30977    0.20    0.00    0.00    0.00    0.20     3  ffmpeg
21:55:22      997     30978    0.20    0.20    0.00    0.00    0.40    12  ffmpeg
21:55:22      997     30979    0.20    0.00    0.00    0.00    0.20    11  ffmpeg
21:55:22      997     30980    0.20    0.20    0.00    0.00    0.40    14  ffmpeg
21:55:22      997     35582    0.40    0.20    0.00    0.00    0.60    10  ffmpeg
21:55:22      997     35583    0.20    0.00    0.00    0.00    0.20     0  ffmpeg
21:55:22      997     35584    0.20    0.20    0.00    0.00    0.40    12  ffmpeg
21:55:22      997     35585    0.20    0.00    0.00    0.00    0.20    10  ffmpeg
21:55:22      997     35586    0.20    0.20    0.00    0.00    0.40     6  ffmpeg
21:55:22      997     35587    0.20    0.20    0.00    0.00    0.40     8  ffmpeg
21:55:22      997     35590    0.20    0.00    0.00    0.00    0.20     3  ffmpeg
21:55:22     1000     37551    1.40    0.20    0.00    0.00    1.60    11  detdec
21:55:22     1000     37552    1.40    0.00    0.00    0.00    1.40     2  detdec
21:55:22     1000     37553    1.20    0.20    0.00    0.00    1.40     0  detdec
21:55:22     1000     37554    1.40    0.00    0.00    0.00    1.40     0  detdec
21:55:22     1000     37555    1.20    0.20    0.00    0.00    1.40    13  detdec
21:55:22     1000     37556    1.20    0.20    0.00    0.00    1.40    12  detdec
21:55:22     1000     37557    1.20    0.20    0.00    0.00    1.40     6  detdec
21:55:22     1000     37558    1.40    0.00    0.00    0.00    1.40     1  detdec
21:55:22     1000     37559    1.40    0.00    0.00    0.00    1.40     8  detdec
21:55:22     1000     37560    1.40    0.00    0.00    0.00    1.40     9  detdec
21:55:22     1000     37561    1.00    0.40    0.00    0.00    1.40     1  detdec
21:55:22     1000     37562    1.40    0.00    0.00    0.00    1.40     0  detdec
21:55:22     1000     37563    1.40    0.00    0.00    0.00    1.40    13  detdec
21:55:22     1000     37564    1.20    0.20    0.00    0.00    1.40    15  detdec
21:55:22     1000     37565    1.20    0.00    0.00    0.00    1.20     1  detdec
21:55:22     1000     37566    1.20    0.00    0.00    0.00    1.20    10  detdec

# Time        UID       PID    %usr %system  %guest   %wait    %CPU   CPU  Command
21:55:27     1000     19830    8.00    5.60    0.00    0.00   13.60    14  mediamtx
21:55:27     1000     19846    0.20    0.00    0.00    0.00    0.20     2  srcpub
21:55:27     1000     19847    0.20    0.20    0.00    0.00    0.40     0  srcpub
21:55:27     1000     19849    0.00    0.20    0.00    0.00    0.20     9  srcpub
21:55:27     1000     19850    0.20    0.20    0.00    0.00    0.40    15  srcpub
21:55:27     1000     19853    0.20    0.20    0.00    0.00    0.40     5  srcpub
21:55:27     1000     19854    0.20    0.20    0.00    0.00    0.40     9  srcpub
21:55:27     1000     19855    0.20    0.20    0.00    0.00    0.40     0  srcpub
21:55:27     1000     19856    0.00    0.20    0.00    0.00    0.20     7  srcpub
21:55:27     1000     19857    0.20    0.00    0.00    0.00    0.20     5  srcpub
21:55:27     1000     19858    0.20    0.00    0.00    0.00    0.20    12  srcpub
21:55:27     1000     19860    0.00    0.20    0.00    0.00    0.20    13  srcpub
21:55:27     1000     19863    0.20    0.20    0.00    0.00    0.40     2  srcpub
21:55:27     1000     19864    0.20    0.20    0.00    0.00    0.40    14  srcpub
21:55:27     1000     19865    0.00    0.20    0.00    0.00    0.20     4  srcpub
21:55:27     1000     19868    0.00    0.20    0.00    0.00    0.20    12  srcpub
21:55:27     1000     19874    0.20    0.00    0.00    0.00    0.20     0  srcpub
21:55:27     1000     19877    0.00    0.20    0.00    0.00    0.20    13  srcpub
21:55:27     1000     19878    0.20    0.00    0.00    0.00    0.20     0  srcpub
21:55:27     1000     19881    0.20    0.20    0.00    0.00    0.40     6  srcpub
21:55:27     1000     19882    0.00    0.20    0.00    0.00    0.20    10  srcpub
21:55:27     1000     19884    0.00    0.20    0.00    0.00    0.20    14  srcpub
21:55:27     1000     19885    0.20    0.00    0.00    0.00    0.20     7  srcpub
21:55:27     1000     19886    0.00    0.20    0.00    0.00    0.20     7  srcpub
21:55:27     1000     19887    0.00    0.20    0.00    0.00    0.20    13  srcpub
21:55:27     1000     19894    0.20    0.20    0.00    0.00    0.40     6  srcpub
21:55:27     1000     26207    0.20    0.00    0.00    0.00    0.20    14  chrome
21:55:27     1000     26251    0.20    0.00    0.00    0.00    0.20    15  chrome
21:55:27     1000     27805    0.20    0.00    0.00    0.00    0.20     2  chrome
21:55:27     1000     29045    5.60    0.80    0.00    0.00    6.40     3  chrome
21:55:27     1000     29047    0.20    0.20    0.00    0.00    0.40     6  chrome
21:55:27     1000     29091   11.40    0.80    0.00    0.00   12.20     3  chrome
21:55:27      997     30965    0.40    0.20    0.00    0.00    0.60    15  ffmpeg
21:55:27      997     30966    0.40    0.20    0.00    0.00    0.60     6  ffmpeg
21:55:27      997     30967    0.20    0.00    0.00    0.00    0.20     0  ffmpeg
21:55:27      997     30968    0.20    0.00    0.00    0.00    0.20     5  ffmpeg
21:55:27      997     30969    0.20    0.20    0.00    0.00    0.40     0  ffmpeg
21:55:27      997     30970    0.20    0.20    0.00    0.00    0.40     2  ffmpeg
21:55:27      997     30971    0.00    0.40    0.00    0.00    0.40     4  ffmpeg
21:55:27      997     30972    0.20    0.00    0.00    0.00    0.20    13  ffmpeg
21:55:27      997     30973    0.20    0.20    0.00    0.00    0.40     9  ffmpeg
21:55:27      997     30974    0.20    0.20    0.00    0.00    0.40    12  ffmpeg
21:55:27      997     30975    0.00    0.40    0.00    0.00    0.40     9  ffmpeg
21:55:27      997     30976    0.20    0.20    0.00    0.00    0.40     8  ffmpeg
21:55:27      997     30977    0.20    0.40    0.00    0.00    0.60     4  ffmpeg
21:55:27      997     30978    0.20    0.20    0.00    0.00    0.40     8  ffmpeg
21:55:27      997     30979    0.40    0.20    0.00    0.00    0.60    15  ffmpeg
21:55:27      997     30980    0.40    0.00    0.00    0.00    0.40     4  ffmpeg
21:55:27      997     35582    0.60    0.20    0.00    0.00    0.80    14  ffmpeg
21:55:27      997     35583    0.00    0.20    0.00    0.00    0.20    13  ffmpeg
21:55:27      997     35585    0.20    0.00    0.00    0.00    0.20     0  ffmpeg
21:55:27      997     35586    0.20    0.00    0.00    0.00    0.20     7  ffmpeg
21:55:27      997     35587    0.20    0.00    0.00    0.00    0.20     3  ffmpeg
21:55:27      997     35588    0.20    0.20    0.00    0.00    0.40     0  ffmpeg
21:55:27      997     35589    0.20    0.20    0.00    0.00    0.40     0  ffmpeg
21:55:27      997     35590    0.00    0.20    0.00    0.00    0.20    14  ffmpeg
21:55:27     1000     37551    1.20    0.00    0.00    0.00    1.20    13  detdec
21:55:27     1000     37552    1.20    0.00    0.00    0.00    1.20     1  detdec
21:55:27     1000     37553    1.40    0.00    0.00    0.00    1.40     0  detdec
21:55:27     1000     37554    1.40    0.00    0.00    0.00    1.40    13  detdec
21:55:27     1000     37555    1.20    0.20    0.00    0.00    1.40    13  detdec
21:55:27     1000     37556    1.20    0.20    0.00    0.00    1.40    12  detdec
21:55:27     1000     37557    1.00    0.20    0.00    0.00    1.20    11  detdec
21:55:27     1000     37558    1.20    0.20    0.00    0.00    1.40     2  detdec
21:55:27     1000     37559    1.40    0.00    0.00    0.00    1.40     2  detdec
21:55:27     1000     37560    1.40    0.00    0.00    0.00    1.40     9  detdec
21:55:27     1000     37561    1.00    0.40    0.00    0.00    1.40     9  detdec
21:55:27     1000     37562    1.40    0.00    0.00    0.00    1.40    15  detdec
21:55:27     1000     37563    1.20    0.00    0.00    0.00    1.20    10  detdec
21:55:27     1000     37564    1.20    0.20    0.00    0.00    1.40    15  detdec
21:55:27     1000     37565    1.40    0.20    0.00    0.00    1.60     1  detdec
21:55:27     1000     37566    1.40    0.00    0.00    0.00    1.40     6  detdec

# Time        UID       PID    %usr %system  %guest   %wait    %CPU   CPU  Command
21:55:32     1000     19830    7.40    5.80    0.00    0.00   13.20    14  mediamtx
21:55:32     1000     19846    0.20    0.20    0.00    0.00    0.40     0  srcpub
21:55:32     1000     19847    0.20    0.00    0.00    0.00    0.20     1  srcpub
21:55:32     1000     19849    0.20    0.20    0.00    0.00    0.40     9  srcpub
21:55:32     1000     19850    0.20    0.00    0.00    0.00    0.20     8  srcpub
21:55:32     1000     19851    0.20    0.20    0.00    0.00    0.40    15  srcpub
21:55:32     1000     19853    0.00    0.20    0.00    0.00    0.20     5  srcpub
21:55:32     1000     19855    0.00    0.20    0.00    0.00    0.20     9  srcpub
21:55:32     1000     19856    0.20    0.20    0.00    0.00    0.40     7  srcpub
21:55:32     1000     19857    0.20    0.00    0.00    0.00    0.20    12  srcpub
21:55:32     1000     19858    0.20    0.20    0.00    0.00    0.40    11  srcpub
21:55:32     1000     19860    0.20    0.20    0.00    0.00    0.40     1  srcpub
21:55:32     1000     19862    0.20    0.20    0.00    0.00    0.40    14  srcpub
21:55:32     1000     19863    0.20    0.20    0.00    0.00    0.40     2  srcpub
21:55:32     1000     19864    0.20    0.00    0.00    0.00    0.20     9  srcpub
21:55:32     1000     19865    0.20    0.20    0.00    0.00    0.40     5  srcpub
21:55:32     1000     19868    0.20    0.20    0.00    0.00    0.40    11  srcpub
21:55:32     1000     19874    0.20    0.20    0.00    0.00    0.40     0  srcpub
21:55:32     1000     19877    0.20    0.00    0.00    0.00    0.20     9  srcpub
21:55:32     1000     19878    0.20    0.20    0.00    0.00    0.40    15  srcpub
21:55:32     1000     19879    0.20    0.20    0.00    0.00    0.40     3  srcpub
21:55:32     1000     19881    0.20    0.20    0.00    0.00    0.40    15  srcpub
21:55:32     1000     19882    0.20    0.00    0.00    0.00    0.20    11  srcpub
21:55:32     1000     19884    0.20    0.00    0.00    0.00    0.20    14  srcpub
21:55:32     1000     19885    0.20    0.20    0.00    0.00    0.40     8  srcpub
21:55:32     1000     19886    0.20    0.20    0.00    0.00    0.40     7  srcpub
21:55:32     1000     19887    0.20    0.00    0.00    0.00    0.20    14  srcpub
21:55:32     1000     19894    0.00    0.40    0.00    0.00    0.40     4  srcpub
21:55:32     1000     29045    5.60    0.80    0.00    0.20    6.40    12  chrome
21:55:32     1000     29047    0.20    0.20    0.00    0.00    0.40     6  chrome
21:55:32     1000     29091   11.20    1.00    0.00    0.00   12.20     4  chrome
21:55:32      997     30965    0.80    0.20    0.00    0.00    1.00     3  ffmpeg
21:55:32      997     30966    0.60    0.20    0.00    0.00    0.80    15  ffmpeg
21:55:32      997     30967    0.40    0.20    0.00    0.00    0.60     0  ffmpeg
21:55:32      997     30968    0.20    0.20    0.00    0.00    0.40    14  ffmpeg
21:55:32      997     30969    0.20    0.20    0.00    0.00    0.40     0  ffmpeg
21:55:32      997     30970    0.20    0.20    0.00    0.00    0.40     0  ffmpeg
21:55:32      997     30971    0.00    0.40    0.00    0.00    0.40     2  ffmpeg
21:55:32      997     30972    0.20    0.20    0.00    0.00    0.40    15  ffmpeg
21:55:32      997     30973    0.20    0.20    0.00    0.00    0.40     4  ffmpeg
21:55:32      997     30974    0.20    0.00    0.00    0.00    0.20    15  ffmpeg
21:55:32      997     30975    0.00    0.40    0.00    0.00    0.40     9  ffmpeg
21:55:32      997     30976    0.20    0.20    0.00    0.00    0.40     8  ffmpeg
21:55:32      997     30977    0.20    0.00    0.00    0.00    0.20     7  ffmpeg
21:55:32      997     30978    0.20    0.20    0.00    0.00    0.40    14  ffmpeg
21:55:32      997     30979    0.00    0.20    0.00    0.00    0.20     9  ffmpeg
21:55:32      997     30980    0.20    0.20    0.00    0.00    0.40     6  ffmpeg
21:55:32      997     35582    0.60    0.20    0.00    0.00    0.80     9  ffmpeg
21:55:32      997     35583    0.20    0.00    0.00    0.00    0.20     8  ffmpeg
21:55:32      997     35584    0.20    0.20    0.00    0.00    0.40     4  ffmpeg
21:55:32      997     35585    0.20    0.20    0.00    0.00    0.40    11  ffmpeg
21:55:32      997     35587    0.20    0.00    0.00    0.00    0.20     3  ffmpeg
21:55:32      997     35588    0.00    0.20    0.00    0.00    0.20     3  ffmpeg
21:55:32      997     35589    0.20    0.00    0.00    0.00    0.20    14  ffmpeg
21:55:32      997     35590    0.20    0.00    0.00    0.00    0.20     3  ffmpeg
21:55:32     1000     37551    1.40    0.00    0.00    0.00    1.40    11  detdec
21:55:32     1000     37552    1.40    0.00    0.00    0.00    1.40     0  detdec
21:55:32     1000     37553    1.20    0.00    0.00    0.00    1.20    12  detdec
21:55:32     1000     37554    1.20    0.00    0.00    0.00    1.20     0  detdec
21:55:32     1000     37555    1.00    0.20    0.00    0.00    1.20     9  detdec
21:55:32     1000     37556    1.20    0.00    0.00    0.00    1.20     2  detdec
21:55:32     1000     37557    1.20    0.20    0.00    0.00    1.40     8  detdec
21:55:32     1000     37558    1.20    0.00    0.00    0.00    1.20     6  detdec
21:55:32     1000     37559    1.40    0.00    0.00    0.00    1.40    10  detdec
21:55:32     1000     37560    1.40    0.00    0.00    0.00    1.40     1  detdec
21:55:32     1000     37561    0.80    0.40    0.00    0.00    1.20     5  detdec
21:55:32     1000     37562    1.20    0.00    0.00    0.00    1.20     2  detdec
21:55:32     1000     37563    1.40    0.00    0.00    0.00    1.40    11  detdec
21:55:32     1000     37564    1.00    0.20    0.00    0.00    1.20    15  detdec
21:55:32     1000     37565    1.20    0.00    0.00    0.00    1.20     2  detdec
21:55:32     1000     37566    1.20    0.00    0.00    0.00    1.20     8  detdec

# Time        UID       PID    %usr %system  %guest   %wait    %CPU   CPU  Command
21:55:37     1000     19830    7.80    6.00    0.00    0.00   13.80    14  mediamtx
21:55:37     1000     19846    0.00    0.20    0.00    0.00    0.20     0  srcpub
21:55:37     1000     19847    0.00    0.20    0.00    0.00    0.20    10  srcpub
21:55:37     1000     19849    0.00    0.20    0.00    0.00    0.20    12  srcpub
21:55:37     1000     19850    0.00    0.20    0.00    0.00    0.20    10  srcpub
21:55:37     1000     19851    0.20    0.20    0.00    0.00    0.40    15  srcpub
21:55:37     1000     19853    0.20    0.20    0.00    0.00    0.40     5  srcpub
21:55:37     1000     19854    0.20    0.00    0.00    0.00    0.20    10  srcpub
21:55:37     1000     19855    0.20    0.20    0.00    0.00    0.40    11  srcpub
21:55:37     1000     19857    0.20    0.20    0.00    0.00    0.40    12  srcpub
21:55:37     1000     19858    0.00    0.20    0.00    0.00    0.20    12  srcpub
21:55:37     1000     19860    0.00    0.20    0.00    0.00    0.20     1  srcpub
21:55:37     1000     19862    0.00    0.20    0.00    0.00    0.20     4  srcpub
21:55:37     1000     19863    0.00    0.20    0.00    0.00    0.20     2  srcpub
21:55:37     1000     19864    0.20    0.20    0.00    0.00    0.40     0  srcpub
21:55:37     1000     19865    0.00    0.20    0.00    0.00    0.20     7  srcpub
21:55:37     1000     19868    0.00    0.20    0.00    0.00    0.20    13  srcpub
21:55:37     1000     19874    0.00    0.20    0.00    0.00    0.20    11  srcpub
21:55:37     1000     19877    0.20    0.20    0.00    0.00    0.40     6  srcpub
21:55:37     1000     19878    0.20    0.00    0.00    0.00    0.20     1  srcpub
21:55:37     1000     19879    0.20    0.20    0.00    0.00    0.40     7  srcpub
21:55:37     1000     19881    0.00    0.20    0.00    0.00    0.20    11  srcpub
21:55:37     1000     19882    0.00    0.20    0.00    0.00    0.20     8  srcpub
21:55:37     1000     19884    0.20    0.20    0.00    0.00    0.40    13  srcpub
21:55:37     1000     19885    0.20    0.00    0.00    0.00    0.20     7  srcpub
21:55:37     1000     19886    0.20    0.20    0.00    0.00    0.40     7  srcpub
21:55:37     1000     19887    0.20    0.20    0.00    0.00    0.40     6  srcpub
21:55:37     1000     19894    0.20    0.20    0.00    0.00    0.40     9  srcpub
21:55:37     1000     28824    0.20    0.20    0.00    0.00    0.40    11  chrome
21:55:37     1000     29045    5.40    1.20    0.00    0.00    6.60     3  chrome
21:55:37     1000     29047    0.00    0.20    0.00    0.00    0.20     6  chrome
21:55:37     1000     29091   11.60    0.60    0.00    0.00   12.20     5  chrome
21:55:37      997     30965    0.60    0.20    0.00    0.20    0.80     7  ffmpeg
21:55:37      997     30966    0.40    0.20    0.00    0.00    0.60     7  ffmpeg
21:55:37      997     30967    0.20    0.20    0.00    0.00    0.40     1  ffmpeg
21:55:37      997     30968    0.40    0.20    0.00    0.00    0.60    10  ffmpeg
21:55:37      997     30969    0.20    0.20    0.00    0.00    0.40     0  ffmpeg
21:55:37      997     30970    0.20    0.20    0.00    0.00    0.40     1  ffmpeg
21:55:37      997     30971    0.00    0.20    0.00    0.00    0.20     8  ffmpeg
21:55:37      997     30972    0.20    0.20    0.00    0.00    0.40    14  ffmpeg
21:55:37      997     30973    0.20    0.20    0.00    0.00    0.40     0  ffmpeg
21:55:37      997     30974    0.20    0.20    0.00    0.00    0.40     0  ffmpeg
21:55:37      997     30975    0.00    0.20    0.00    0.00    0.20    10  ffmpeg
21:55:37      997     30976    0.00    0.20    0.00    0.00    0.20     8  ffmpeg
21:55:37      997     30977    0.20    0.00    0.00    0.00    0.20     3  ffmpeg
21:55:37      997     30978    0.20    0.00    0.00    0.00    0.20    14  ffmpeg
21:55:37      997     30979    0.40    0.00    0.00    0.00    0.40    12  ffmpeg
21:55:37      997     30980    0.20    0.20    0.00    0.00    0.40     0  ffmpeg
21:55:37      997     35582    0.40    0.20    0.00    0.00    0.60    10  ffmpeg
21:55:37      997     35583    0.20    0.00    0.00    0.00    0.20     4  ffmpeg
21:55:37      997     35584    0.00    0.20    0.00    0.00    0.20    10  ffmpeg
21:55:37      997     35585    0.20    0.00    0.00    0.00    0.20     0  ffmpeg
21:55:37      997     35586    0.20    0.20    0.00    0.00    0.40     6  ffmpeg
21:55:37      997     35587    0.20    0.20    0.00    0.00    0.40     3  ffmpeg
21:55:37      997     35588    0.20    0.00    0.00    0.00    0.20     7  ffmpeg
21:55:37      997     35589    0.20    0.20    0.00    0.00    0.40     7  ffmpeg
21:55:37      997     35590    0.20    0.20    0.00    0.00    0.40     9  ffmpeg
21:55:37     1000     37551    1.40    0.00    0.00    0.00    1.40    14  detdec
21:55:37     1000     37552    1.20    0.00    0.00    0.00    1.20     9  detdec
21:55:37     1000     37553    1.40    0.00    0.00    0.00    1.40     2  detdec
21:55:37     1000     37554    1.40    0.00    0.00    0.00    1.40     0  detdec
21:55:37     1000     37555    1.20    0.20    0.00    0.00    1.40    15  detdec
21:55:37     1000     37556    1.20    0.20    0.00    0.00    1.40    12  detdec
21:55:37     1000     37557    1.00    0.20    0.00    0.00    1.20    10  detdec
21:55:37     1000     37558    1.40    0.00    0.00    0.00    1.40    15  detdec
21:55:37     1000     37559    1.40    0.00    0.00    0.00    1.40     2  detdec
21:55:37     1000     37560    1.40    0.00    0.00    0.00    1.40     4  detdec
21:55:37     1000     37561    1.20    0.20    0.00    0.00    1.40     0  detdec
21:55:37     1000     37562    1.40    0.00    0.00    0.00    1.40    10  detdec
21:55:37     1000     37563    1.20    0.00    0.00    0.00    1.20     2  detdec
21:55:37     1000     37564    1.20    0.20    0.00    0.00    1.40    12  detdec
21:55:37     1000     37565    1.40    0.20    0.00    0.00    1.60     4  detdec
21:55:37     1000     37566    1.40    0.00    0.00    0.00    1.40     2  detdec

# Time        UID       PID    %usr %system  %guest   %wait    %CPU   CPU  Command
21:55:42     1000     19830    7.00    6.60    0.00    0.00   13.60    14  mediamtx
21:55:42     1000     19846    0.20    0.20    0.00    0.00    0.40     8  srcpub
21:55:42     1000     19847    0.20    0.20    0.00    0.00    0.40     9  srcpub
21:55:42     1000     19849    0.20    0.00    0.00    0.00    0.20     9  srcpub
21:55:42     1000     19850    0.20    0.00    0.00    0.00    0.20    10  srcpub
21:55:42     1000     19851    0.20    0.00    0.00    0.00    0.20    15  srcpub
21:55:42     1000     19853    0.00    0.20    0.00    0.00    0.20     9  srcpub
21:55:42     1000     19854    0.20    0.00    0.00    0.00    0.20    13  srcpub
21:55:42     1000     19855    0.00    0.20    0.00    0.00    0.20    13  srcpub
21:55:42     1000     19856    0.00    0.20    0.00    0.00    0.20     8  srcpub
21:55:42     1000     19857    0.20    0.00    0.00    0.00    0.20     8  srcpub
21:55:42     1000     19858    0.20    0.20    0.00    0.00    0.40    11  srcpub
21:55:42     1000     19860    0.20    0.00    0.00    0.00    0.20    13  srcpub
21:55:42     1000     19862    0.20    0.20    0.00    0.00    0.40     6  srcpub
21:55:42     1000     19863    0.20    0.20    0.00    0.00    0.40     4  srcpub
21:55:42     1000     19864    0.00    0.20    0.00    0.00    0.20     5  srcpub
21:55:42     1000     19865    0.00    0.20    0.00    0.00    0.20    12  srcpub
21:55:42     1000     19868    0.20    0.20    0.00    0.00    0.40    13  srcpub
21:55:42     1000     19874    0.20    0.00    0.00    0.00    0.20    11  srcpub
21:55:42     1000     19877    0.20    0.20    0.00    0.00    0.40     7  srcpub
21:55:42     1000     19878    0.20    0.20    0.00    0.00    0.40     2  srcpub
21:55:42     1000     19879    0.00    0.20    0.00    0.00    0.20     8  srcpub
21:55:42     1000     19881    0.20    0.20    0.00    0.00    0.40    11  srcpub
21:55:42     1000     19882    0.20    0.20    0.00    0.00    0.40    11  srcpub
21:55:42     1000     19884    0.20    0.20    0.00    0.00    0.40    13  srcpub
21:55:42     1000     19885    0.20    0.20    0.00    0.00    0.40     8  srcpub
21:55:42     1000     19887    0.20    0.00    0.00    0.00    0.20    14  srcpub
21:55:42     1000     19894    0.20    0.20    0.00    0.00    0.40    10  srcpub
21:55:42     1000     29045    5.60    0.80    0.00    0.00    6.40     6  chrome
21:55:42     1000     29047    0.20    0.20    0.00    0.00    0.40     6  chrome
21:55:42     1000     29091   11.60    1.00    0.00    0.00   12.60     4  chrome
21:55:42      997     30965    0.60    0.20    0.00    0.00    0.80    14  ffmpeg
21:55:42      997     30966    0.60    0.40    0.00    0.00    1.00     8  ffmpeg
21:55:42      997     30967    0.20    0.00    0.00    0.00    0.20    13  ffmpeg
21:55:42      997     30968    0.20    0.20    0.00    0.00    0.40     4  ffmpeg
21:55:42      997     30969    0.20    0.00    0.00    0.00    0.20     0  ffmpeg
21:55:42      997     30970    0.20    0.20    0.00    0.00    0.40     1  ffmpeg
21:55:42      997     30971    0.20    0.40    0.00    0.00    0.60     8  ffmpeg
21:55:42      997     30972    0.20    0.20    0.00    0.00    0.40    14  ffmpeg
21:55:42      997     30973    0.40    0.00    0.00    0.00    0.40     5  ffmpeg
21:55:42      997     30974    0.20    0.20    0.00    0.00    0.40     1  ffmpeg
21:55:42      997     30975    0.00    0.20    0.00    0.00    0.20    10  ffmpeg
21:55:42      997     30976    0.20    0.20    0.00    0.00    0.40     5  ffmpeg
21:55:42      997     30977    0.20    0.20    0.00    0.00    0.40     4  ffmpeg
21:55:42      997     30978    0.20    0.20    0.00    0.00    0.40    15  ffmpeg
21:55:42      997     30979    0.20    0.20    0.00    0.00    0.40    12  ffmpeg
21:55:42      997     30980    0.00    0.20    0.00    0.00    0.20    15  ffmpeg
21:55:42      997     35582    0.60    0.20    0.00    0.00    0.80    11  ffmpeg
21:55:42      997     35583    0.20    0.00    0.00    0.00    0.20    14  ffmpeg
21:55:42      997     35584    0.20    0.00    0.00    0.00    0.20    14  ffmpeg
21:55:42      997     35585    0.20    0.00    0.00    0.00    0.20     3  ffmpeg
21:55:42      997     35586    0.20    0.00    0.00    0.00    0.20    12  ffmpeg
21:55:42     1000     37551    1.20    0.20    0.00    0.00    1.40     1  detdec
21:55:42     1000     37552    1.40    0.00    0.00    0.00    1.40     9  detdec
21:55:42     1000     37553    1.20    0.00    0.00    0.00    1.20     7  detdec
21:55:42     1000     37554    1.40    0.00    0.00    0.00    1.40     2  detdec
21:55:42     1000     37555    1.20    0.20    0.00    0.00    1.40    14  detdec
21:55:42     1000     37556    1.40    0.00    0.00    0.00    1.40     7  detdec
21:55:42     1000     37557    1.20    0.20    0.00    0.00    1.40    10  detdec
21:55:42     1000     37558    1.20    0.20    0.00    0.00    1.40    15  detdec
21:55:42     1000     37559    1.40    0.00    0.00    0.00    1.40    10  detdec
21:55:42     1000     37560    1.40    0.00    0.00    0.00    1.40    12  detdec
21:55:42     1000     37561    0.80    0.20    0.00    0.00    1.00    11  detdec
21:55:42     1000     37562    1.40    0.00    0.00    0.00    1.40     0  detdec
21:55:42     1000     37563    1.20    0.00    0.00    0.00    1.20     0  detdec
21:55:42     1000     37564    1.00    0.20    0.00    0.00    1.20     9  detdec
21:55:42     1000     37565    1.20    0.00    0.00    0.00    1.20    11  detdec
21:55:42     1000     37566    1.20    0.00    0.00    0.00    1.20    11  detdec

# Time        UID       PID    %usr %system  %guest   %wait    %CPU   CPU  Command
21:55:47     1000     19830    6.80    6.60    0.00    0.00   13.40    14  mediamtx
21:55:47     1000     19846    0.00    0.20    0.00    0.00    0.20    10  srcpub
21:55:47     1000     19847    0.00    0.20    0.00    0.00    0.20     9  srcpub
21:55:47     1000     19849    0.20    0.20    0.00    0.00    0.40     9  srcpub
21:55:47     1000     19850    0.20    0.20    0.00    0.00    0.40    10  srcpub
21:55:47     1000     19851    0.00    0.20    0.00    0.00    0.20    15  srcpub
21:55:47     1000     19853    0.20    0.20    0.00    0.00    0.40     9  srcpub
21:55:47     1000     19854    0.20    0.20    0.00    0.00    0.40    14  srcpub
21:55:47     1000     19855    0.20    0.20    0.00    0.00    0.40     1  srcpub
21:55:47     1000     19856    0.20    0.20    0.00    0.00    0.40     8  srcpub
21:55:47     1000     19857    0.20    0.00    0.00    0.00    0.20     0  srcpub
21:55:47     1000     19858    0.20    0.20    0.00    0.00    0.40    12  srcpub
21:55:47     1000     19860    0.00    0.20    0.00    0.00    0.20    10  srcpub
21:55:47     1000     19862    0.00    0.20    0.00    0.00    0.20    13  srcpub
21:55:47     1000     19863    0.00    0.20    0.00    0.00    0.20     2  srcpub
21:55:47     1000     19864    0.20    0.00    0.00    0.00    0.20    11  srcpub
21:55:47     1000     19865    0.20    0.20    0.00    0.00    0.40     6  srcpub
21:55:47     1000     19868    0.20    0.20    0.00    0.00    0.40    13  srcpub
21:55:47     1000     19874    0.20    0.20    0.00    0.00    0.40    15  srcpub
21:55:47     1000     19878    0.20    0.20    0.00    0.00    0.40     1  srcpub
21:55:47     1000     19879    0.20    0.00    0.00    0.00    0.20     4  srcpub
21:55:47     1000     19881    0.00    0.20    0.00    0.00    0.20    11  srcpub
21:55:47     1000     19885    0.40    0.00    0.00    0.00    0.40     8  srcpub
21:55:47     1000     19886    0.40    0.20    0.00    0.00    0.60     7  srcpub
21:55:47     1000     19887    0.00    0.20    0.00    0.00    0.20    14  srcpub
21:55:47     1000     19894    0.20    0.00    0.00    0.00    0.20     9  srcpub
21:55:47     1000     26251    0.20    0.00    0.00    0.00    0.20    15  chrome
21:55:47     1000     29045    5.20    1.20    0.00    0.00    6.40     2  chrome
21:55:47     1000     29047    0.20    0.20    0.00    0.00    0.40     6  chrome
21:55:47     1000     29091   11.60    0.80    0.00    0.00   12.40     3  chrome
21:55:47      997     30965    0.60    0.40    0.00    0.00    1.00    13  ffmpeg
21:55:47      997     30966    0.60    0.00    0.00    0.00    0.60     7  ffmpeg
21:55:47      997     30967    0.20    0.20    0.00    0.00    0.40    14  ffmpeg
21:55:47      997     30968    0.20    0.20    0.00    0.00    0.40    15  ffmpeg
21:55:47      997     30969    0.20    0.20    0.00    0.00    0.40     7  ffmpeg
21:55:47      997     30970    0.20    0.00    0.00    0.00    0.20     1  ffmpeg
21:55:47      997     30971    0.20    0.00    0.00    0.00    0.20     4  ffmpeg
21:55:47      997     30972    0.20    0.20    0.00    0.00    0.40    14  ffmpeg
21:55:47      997     30973    0.20    0.20    0.00    0.00    0.40    15  ffmpeg
21:55:47      997     30974    0.20    0.00    0.00    0.00    0.20     5  ffmpeg
21:55:47      997     30975    0.40    0.20    0.00    0.00    0.60    14  ffmpeg
21:55:47      997     30976    0.20    0.20    0.00    0.00    0.40     2  ffmpeg
21:55:47      997     30977    0.20    0.20    0.00    0.00    0.40     9  ffmpeg
21:55:47      997     30978    0.20    0.20    0.00    0.00    0.40    14  ffmpeg
21:55:47      997     30979    0.20    0.20    0.00    0.00    0.40    13  ffmpeg
21:55:47      997     30980    0.00    0.40    0.00    0.00    0.40     0  ffmpeg
21:55:47      997     35582    0.40    0.20    0.00    0.00    0.60     8  ffmpeg
21:55:47      997     35583    0.20    0.20    0.00    0.00    0.40    15  ffmpeg
21:55:47      997     35584    0.20    0.20    0.00    0.00    0.40     1  ffmpeg
21:55:47      997     35585    0.00    0.20    0.00    0.00    0.20    12  ffmpeg
21:55:47      997     35586    0.20    0.20    0.00    0.00    0.40    15  ffmpeg
21:55:47      997     35587    0.20    0.00    0.00    0.00    0.20     0  ffmpeg
21:55:47      997     35588    0.20    0.20    0.00    0.00    0.40    11  ffmpeg
21:55:47      997     35589    0.20    0.20    0.00    0.00    0.40    13  ffmpeg
21:55:47      997     35590    0.20    0.00    0.00    0.00    0.20    12  ffmpeg
21:55:47     1000     37551    1.40    0.00    0.00    0.00    1.40     9  detdec
21:55:47     1000     37552    1.20    0.00    0.00    0.00    1.20     1  detdec
21:55:47     1000     37553    1.40    0.00    0.00    0.00    1.40    13  detdec
21:55:47     1000     37554    1.40    0.00    0.00    0.00    1.40     5  detdec
21:55:47     1000     37555    1.00    0.20    0.00    0.00    1.20    14  detdec
21:55:47     1000     37556    1.40    0.00    0.00    0.00    1.40    11  detdec
21:55:47     1000     37557    1.20    0.40    0.00    0.00    1.60    12  detdec
21:55:47     1000     37558    1.40    0.00    0.00    0.00    1.40     2  detdec
21:55:47     1000     37559    1.40    0.20    0.00    0.00    1.60    13  detdec
21:55:47     1000     37560    1.40    0.00    0.00    0.00    1.40     8  detdec
21:55:47     1000     37561    1.00    0.40    0.00    0.00    1.40    13  detdec
21:55:47     1000     37562    1.40    0.00    0.00    0.00    1.40    13  detdec
21:55:47     1000     37563    1.40    0.00    0.00    0.00    1.40     0  detdec
21:55:47     1000     37564    1.20    0.00    0.00    0.00    1.20     4  detdec
21:55:47     1000     37565    1.20    0.20    0.00    0.00    1.40    10  detdec
21:55:47     1000     37566    1.40    0.00    0.00    0.00    1.40    12  detdec

# Time        UID       PID    %usr %system  %guest   %wait    %CPU   CPU  Command
21:55:52     1000     19830    7.20    6.00    0.00    0.00   13.20    14  mediamtx
21:55:52     1000     19846    0.20    0.00    0.00    0.00    0.20    12  srcpub
21:55:52     1000     19847    0.40    0.00    0.00    0.00    0.40     9  srcpub
21:55:52     1000     19849    0.00    0.20    0.00    0.00    0.20    10  srcpub
21:55:52     1000     19851    0.20    0.00    0.00    0.00    0.20     0  srcpub
21:55:52     1000     19853    0.00    0.40    0.00    0.00    0.40     0  srcpub
21:55:52     1000     19855    0.00    0.20    0.00    0.00    0.20     1  srcpub
21:55:52     1000     19856    0.00    0.20    0.00    0.00    0.20     9  srcpub
21:55:52     1000     19857    0.20    0.20    0.00    0.00    0.40     0  srcpub
21:55:52     1000     19858    0.00    0.20    0.00    0.00    0.20    12  srcpub
21:55:52     1000     19860    0.20    0.20    0.00    0.00    0.40    15  srcpub
21:55:52     1000     19862    0.20    0.00    0.00    0.00    0.20    15  srcpub
21:55:52     1000     19863    0.20    0.20    0.00    0.00    0.40     4  srcpub
21:55:52     1000     19864    0.20    0.20    0.00    0.00    0.40    13  srcpub
21:55:52     1000     19865    0.00    0.20    0.00    0.00    0.20     6  srcpub
21:55:52     1000     19868    0.00    0.20    0.00    0.00    0.20    13  srcpub
21:55:52     1000     19874    0.20    0.00    0.00    0.00    0.20    15  srcpub
21:55:52     1000     19877    0.20    0.20    0.00    0.00    0.40     2  srcpub
21:55:52     1000     19878    0.00    0.20    0.00    0.00    0.20     2  srcpub
21:55:52     1000     19879    0.00    0.20    0.00    0.00    0.20     9  srcpub
21:55:52     1000     19881    0.20    0.20    0.00    0.00    0.40    12  srcpub
21:55:52     1000     19882    0.00    0.20    0.00    0.00    0.20     1  srcpub
21:55:52     1000     19884    0.20    0.20    0.00    0.00    0.40    13  srcpub
21:55:52     1000     19885    0.00    0.40    0.00    0.00    0.40     2  srcpub
21:55:52     1000     19886    0.20    0.00    0.00    0.00    0.20     3  srcpub
21:55:52     1000     19887    0.20    0.00    0.00    0.00    0.20     7  srcpub
21:55:52     1000     19894    0.20    0.20    0.00    0.00    0.40    10  srcpub
21:55:52     1000     26207    0.00    0.20    0.00    0.00    0.20     4  chrome
21:55:52     1000     29045    5.40    1.00    0.00    0.00    6.40     5  chrome
21:55:52     1000     29047    0.20    0.00    0.00    0.00    0.20     6  chrome
21:55:52     1000     29091   11.00    1.00    0.00    0.00   12.00     1  chrome
21:55:52      997     30965    0.60    0.20    0.00    0.00    0.80    13  ffmpeg
21:55:52      997     30966    0.40    0.40    0.00    0.00    0.80     6  ffmpeg
21:55:52      997     30967    0.20    0.20    0.00    0.00    0.40    15  ffmpeg
21:55:52      997     30968    0.00    0.20    0.00    0.00    0.20    15  ffmpeg
21:55:52      997     30969    0.20    0.20    0.00    0.00    0.40     6  ffmpeg
21:55:52      997     30970    0.00    0.40    0.00    0.00    0.40    14  ffmpeg
21:55:52      997     30971    0.20    0.20    0.00    0.00    0.40     4  ffmpeg
21:55:52      997     30972    0.00    0.20    0.00    0.00    0.20     4  ffmpeg
21:55:52      997     30973    0.20    0.20    0.00    0.00    0.40     3  ffmpeg
21:55:52      997     30974    0.40    0.20    0.00    0.00    0.60     2  ffmpeg
21:55:52      997     30975    0.00    0.20    0.00    0.00    0.20    10  ffmpeg
21:55:52      997     30976    0.20    0.20    0.00    0.00    0.40     5  ffmpeg
21:55:52      997     30977    0.20    0.40    0.00    0.00    0.60     4  ffmpeg
21:55:52      997     30978    0.20    0.00    0.00    0.00    0.20    15  ffmpeg
21:55:52      997     30979    0.20    0.00    0.00    0.00    0.20     7  ffmpeg
21:55:52      997     30980    0.20    0.20    0.00    0.00    0.40    11  ffmpeg
21:55:52      997     35582    0.60    0.20    0.00    0.00    0.80    10  ffmpeg
21:55:52      997     35583    0.20    0.00    0.00    0.00    0.20     0  ffmpeg
21:55:52      997     35584    0.20    0.00    0.00    0.00    0.20    10  ffmpeg
21:55:52      997     35585    0.20    0.00    0.00    0.00    0.20    10  ffmpeg
21:55:52      997     35587    0.20    0.20    0.00    0.00    0.40     4  ffmpeg
21:55:52      997     35588    0.00    0.20    0.00    0.00    0.20     9  ffmpeg
21:55:52      997     35589    0.20    0.00    0.00    0.00    0.20     0  ffmpeg
21:55:52      997     35590    0.20    0.20    0.00    0.00    0.40    13  ffmpeg
21:55:52     1000     37551    1.40    0.00    0.00    0.00    1.40     4  detdec
21:55:52     1000     37552    1.20    0.00    0.00    0.00    1.20    13  detdec
21:55:52     1000     37553    1.20    0.00    0.00    0.00    1.20    12  detdec
21:55:52     1000     37554    1.40    0.00    0.00    0.00    1.40     7  detdec
21:55:52     1000     37555    1.20    0.20    0.00    0.00    1.40    14  detdec
21:55:52     1000     37556    1.20    0.20    0.00    0.00    1.40    11  detdec
21:55:52     1000     37557    1.00    0.20    0.00    0.00    1.20    14  detdec
21:55:52     1000     37558    1.40    0.00    0.00    0.00    1.40     2  detdec
21:55:52     1000     37559    1.40    0.00    0.00    0.00    1.40    14  detdec
21:55:52     1000     37560    1.40    0.00    0.00    0.00    1.40    10  detdec
21:55:52     1000     37561    1.20    0.20    0.00    0.00    1.40     3  detdec
21:55:52     1000     37562    1.20    0.20    0.00    0.00    1.40    10  detdec
21:55:52     1000     37563    1.20    0.00    0.00    0.00    1.20     4  detdec
21:55:52     1000     37564    1.20    0.20    0.00    0.00    1.40    11  detdec
21:55:52     1000     37565    1.40    0.00    0.00    0.00    1.40     5  detdec
21:55:52     1000     37566    1.20    0.00    0.00    0.00    1.20     3  detdec

# Time        UID       PID    %usr %system  %guest   %wait    %CPU   CPU  Command
21:55:57     1000     19830    7.00    6.00    0.00    0.00   13.00    14  mediamtx
21:55:57     1000     19846    0.20    0.20    0.00    0.00    0.40     8  srcpub
21:55:57     1000     19849    0.20    0.00    0.00    0.00    0.20    10  srcpub
21:55:57     1000     19850    0.20    0.20    0.00    0.00    0.40    10  srcpub
21:55:57     1000     19851    0.20    0.20    0.00    0.00    0.40     0  srcpub
21:55:57     1000     19853    0.20    0.00    0.00    0.00    0.20     2  srcpub
21:55:57     1000     19854    0.20    0.00    0.00    0.00    0.20    13  srcpub
21:55:57     1000     19855    0.20    0.20    0.00    0.00    0.40     1  srcpub
21:55:57     1000     19856    0.20    0.00    0.00    0.00    0.20     9  srcpub
21:55:57     1000     19857    0.20    0.20    0.00    0.00    0.40     7  srcpub
21:55:57     1000     19858    0.20    0.00    0.00    0.00    0.20    12  srcpub
21:55:57     1000     19860    0.00    0.20    0.00    0.00    0.20    15  srcpub
21:55:57     1000     19862    0.00    0.20    0.00    0.00    0.20     2  srcpub
21:55:57     1000     19863    0.20    0.20    0.00    0.00    0.40     6  srcpub
21:55:57     1000     19865    0.20    0.20    0.00    0.00    0.40    11  srcpub
21:55:57     1000     19868    0.20    0.00    0.00    0.00    0.20    13  srcpub
21:55:57     1000     19874    0.00    0.20    0.00    0.00    0.20     0  srcpub
21:55:57     1000     19877    0.00    0.20    0.00    0.00    0.20     4  srcpub
21:55:57     1000     19878    0.00    0.20    0.00    0.00    0.20     2  srcpub
21:55:57     1000     19879    0.20    0.20    0.00    0.00    0.40     9  srcpub
21:55:57     1000     19881    0.00    0.20    0.00    0.00    0.20    11  srcpub
21:55:57     1000     19882    0.20    0.20    0.00    0.00    0.40    15  srcpub
21:55:57     1000     19884    0.00    0.20    0.00    0.00    0.20    14  srcpub
21:55:57     1000     19885    0.20    0.00    0.00    0.00    0.20     8  srcpub
21:55:57     1000     19886    0.20    0.20    0.00    0.00    0.40     3  srcpub
21:55:57     1000     19887    0.20    0.20    0.00    0.00    0.40     9  srcpub
21:55:57     1000     19894    0.20    0.20    0.00    0.00    0.40     9  srcpub
21:55:57     1000     28824    0.20    0.00    0.00    0.00    0.20     5  chrome
21:55:57     1000     29045    5.60    0.80    0.00    0.00    6.40     7  chrome
21:55:57     1000     29047    0.20    0.20    0.00    0.00    0.40     6  chrome
21:55:57     1000     29091   11.20    0.60    0.00    0.00   11.80     5  chrome
21:55:57      997     30965    0.60    0.40    0.00    0.00    1.00    14  ffmpeg
21:55:57      997     30966    0.40    0.20    0.00    0.00    0.60    12  ffmpeg
21:55:57      997     30967    0.40    0.00    0.00    0.00    0.40    14  ffmpeg
21:55:57      997     30968    0.20    0.00    0.00    0.00    0.20    15  ffmpeg
21:55:57      997     30969    0.20    0.20    0.00    0.00    0.40     8  ffmpeg
21:55:57      997     30970    0.40    0.00    0.00    0.00    0.40    15  ffmpeg
21:55:57      997     30971    0.20    0.20    0.00    0.00    0.40     4  ffmpeg
21:55:57      997     30972    0.20    0.00    0.00    0.00    0.20     4  ffmpeg
21:55:57      997     30973    0.20    0.00    0.00    0.00    0.20    10  ffmpeg
21:55:57      997     30974    0.20    0.00    0.00    0.00    0.20     5  ffmpeg
21:55:57      997     30975    0.20    0.20    0.00    0.00    0.40    11  ffmpeg
21:55:57      997     30976    0.20    0.00    0.00    0.00    0.20     3  ffmpeg
21:55:57      997     30977    0.20    0.00    0.00    0.00    0.20    10  ffmpeg
21:55:57      997     30978    0.20    0.20    0.00    0.00    0.40    15  ffmpeg
21:55:57      997     30979    0.20    0.20    0.00    0.00    0.40     0  ffmpeg
21:55:57      997     30980    0.00    0.40    0.00    0.00    0.40    13  ffmpeg
21:55:57      997     35582    0.60    0.20    0.00    0.00    0.80     5  ffmpeg
21:55:57      997     35583    0.00    0.20    0.00    0.00    0.20    13  ffmpeg
21:55:57      997     35584    0.20    0.20    0.00    0.00    0.40     5  ffmpeg
21:55:57      997     35585    0.20    0.20    0.00    0.00    0.40    12  ffmpeg
21:55:57      997     35586    0.20    0.00    0.00    0.00    0.20    13  ffmpeg
21:55:57      997     35587    0.00    0.20    0.00    0.00    0.20    12  ffmpeg
21:55:57      997     35588    0.20    0.00    0.00    0.00    0.20    14  ffmpeg
21:55:57      997     35589    0.20    0.00    0.00    0.00    0.20     6  ffmpeg
21:55:57      997     35590    0.20    0.00    0.00    0.00    0.20    12  ffmpeg
21:55:57     1000     37551    1.20    0.20    0.00    0.00    1.40    13  detdec
21:55:57     1000     37552    1.20    0.00    0.00    0.00    1.20     3  detdec
21:55:57     1000     37553    1.40    0.00    0.00    0.00    1.40     7  detdec
21:55:57     1000     37554    1.40    0.00    0.00    0.00    1.40    10  detdec
21:55:57     1000     37555    1.20    0.20    0.00    0.00    1.40     0  detdec
21:55:57     1000     37556    1.20    0.00    0.00    0.00    1.20    15  detdec
21:55:57     1000     37557    1.20    0.20    0.00    0.00    1.40    14  detdec
21:55:57     1000     37558    1.20    0.20    0.00    0.00    1.40    15  detdec
21:55:57     1000     37559    1.20    0.20    0.00    0.00    1.40     6  detdec
21:55:57     1000     37560    1.20    0.00    0.00    0.00    1.20    15  detdec
21:55:57     1000     37561    1.00    0.20    0.00    0.00    1.20    10  detdec
21:55:57     1000     37562    1.40    0.00    0.00    0.00    1.40     9  detdec
21:55:57     1000     37563    1.20    0.00    0.00    0.00    1.20    10  detdec
21:55:57     1000     37564    1.20    0.20    0.00    0.00    1.40    11  detdec
21:55:57     1000     37565    1.20    0.20    0.00    0.00    1.40    10  detdec
21:55:57     1000     37566    1.20    0.00    0.00    0.00    1.20    14  detdec

# Time        UID       PID    %usr %system  %guest   %wait    %CPU   CPU  Command
21:56:02     1000     19830    7.20    6.40    0.00    0.00   13.60    14  mediamtx
21:56:02     1000     19846    0.20    0.20    0.00    0.00    0.40    11  srcpub
21:56:02     1000     19847    0.20    0.20    0.00    0.00    0.40     5  srcpub
21:56:02     1000     19849    0.20    0.20    0.00    0.00    0.40    13  srcpub
21:56:02     1000     19850    0.20    0.00    0.00    0.00    0.20     2  srcpub
21:56:02     1000     19853    0.20    0.20    0.00    0.00    0.40     1  srcpub
21:56:02     1000     19854    0.20    0.00    0.00    0.00    0.20    10  srcpub
21:56:02     1000     19855    0.00    0.20    0.00    0.00    0.20     0  srcpub
21:56:02     1000     19856    0.00    0.20    0.00    0.00    0.20     5  srcpub
21:56:02     1000     19857    0.20    0.00    0.00    0.00    0.20     6  srcpub
21:56:02     1000     19858    0.00    0.20    0.00    0.00    0.20    14  srcpub
21:56:02     1000     19860    0.00    0.20    0.00    0.00    0.20     6  srcpub
21:56:02     1000     19862    0.20    0.20    0.00    0.00    0.40     0  srcpub
21:56:02     1000     19863    0.00    0.20    0.00    0.00    0.20     4  srcpub
21:56:02     1000     19864    0.20    0.00    0.00    0.00    0.20     9  srcpub
21:56:02     1000     19865    0.20    0.00    0.00    0.00    0.20     7  srcpub
21:56:02     1000     19868    0.00    0.20    0.00    0.00    0.20    13  srcpub
21:56:02     1000     19874    0.20    0.00    0.00    0.00    0.20     0  srcpub
21:56:02     1000     19877    0.00    0.20    0.00    0.00    0.20    13  srcpub
21:56:02     1000     19878    0.20    0.00    0.00    0.00    0.20    14  srcpub
21:56:02     1000     19879    0.20    0.20    0.00    0.00    0.40    13  srcpub
21:56:02     1000     19881    0.00    0.20    0.00    0.00    0.20     9  srcpub
21:56:02     1000     19884    0.20    0.20    0.00    0.00    0.40     5  srcpub
21:56:02     1000     19885    0.20    0.20    0.00    0.00    0.40     6  srcpub
21:56:02     1000     19894    0.20    0.20    0.00    0.00    0.40    10  srcpub
21:56:02     1000     29045    5.60    0.80    0.00    0.00    6.40    13  chrome
21:56:02     1000     29047    0.00    0.20    0.00    0.00    0.20     6  chrome
21:56:02     1000     29091   11.80    0.80    0.00    0.00   12.60     7  chrome
21:56:02      997     30965    0.40    0.40    0.00    0.00    0.80     3  ffmpeg
21:56:02      997     30966    0.60    0.00    0.00    0.00    0.60    10  ffmpeg
21:56:02      997     30967    0.20    0.20    0.00    0.00    0.40     1  ffmpeg
21:56:02      997     30968    0.20    0.40    0.00    0.00    0.60     1  ffmpeg
21:56:02      997     30969    0.20    0.20    0.00    0.00    0.40     2  ffmpeg
21:56:02      997     30970    0.20    0.20    0.00    0.20    0.40     7  ffmpeg
21:56:02      997     30971    0.20    0.00    0.00    0.00    0.20     8  ffmpeg
21:56:02      997     30972    0.20    0.20    0.00    0.00    0.40     1  ffmpeg
21:56:02      997     30973    0.20    0.20    0.00    0.00    0.40     9  ffmpeg
21:56:02      997     30974    0.20    0.20    0.00    0.00    0.40    10  ffmpeg
21:56:02      997     30975    0.00    0.20    0.00    0.00    0.20     5  ffmpeg
21:56:02      997     30976    0.40    0.20    0.00    0.00    0.60     8  ffmpeg
21:56:02      997     30977    0.00    0.20    0.00    0.20    0.20     6  ffmpeg
21:56:02      997     30978    0.00    0.20    0.00    0.00    0.20    15  ffmpeg
21:56:02      997     30979    0.20    0.00    0.00    0.00    0.20    10  ffmpeg
21:56:02      997     30980    0.00    0.40    0.00    0.00    0.40     5  ffmpeg
21:56:02      997     35582    0.40    0.20    0.00    0.00    0.60    14  ffmpeg
21:56:02      997     35583    0.20    0.00    0.00    0.00    0.20     1  ffmpeg
21:56:02      997     35585    0.20    0.00    0.00    0.00    0.20     3  ffmpeg
21:56:02      997     35586    0.20    0.00    0.00    0.00    0.20     5  ffmpeg
21:56:02      997     35587    0.20    0.20    0.00    0.00    0.40    15  ffmpeg
21:56:02      997     35588    0.20    0.00    0.00    0.00    0.20    12  ffmpeg
21:56:02      997     35589    0.00    0.20    0.00    0.00    0.20     4  ffmpeg
21:56:02      997     35590    0.20    0.00    0.00    0.00    0.20    12  ffmpeg
21:56:02     1000     37551    1.20    0.00    0.00    0.00    1.20     6  detdec
21:56:02     1000     37552    1.40    0.00    0.00    0.00    1.40     2  detdec
21:56:02     1000     37553    1.20    0.00    0.00    0.00    1.20     1  detdec
21:56:02     1000     37554    1.40    0.20    0.00    0.00    1.60     7  detdec
21:56:02     1000     37555    1.20    0.20    0.00    0.00    1.40     4  detdec
21:56:02     1000     37556    1.40    0.20    0.00    0.00    1.60    15  detdec
21:56:02     1000     37557    1.00    0.20    0.00    0.00    1.20     3  detdec
21:56:02     1000     37558    1.20    0.00    0.00    0.00    1.20    10  detdec
21:56:02     1000     37559    1.60    0.00    0.00    0.00    1.60     7  detdec
21:56:02     1000     37560    1.40    0.00    0.00    0.00    1.40     8  detdec
21:56:02     1000     37561    1.00    0.20    0.00    0.00    1.20    10  detdec
21:56:02     1000     37562    1.40    0.00    0.00    0.00    1.40     4  detdec
21:56:02     1000     37563    1.40    0.00    0.00    0.00    1.40     2  detdec
21:56:02     1000     37564    1.20    0.20    0.00    0.00    1.40     6  detdec
21:56:02     1000     37565    1.20    0.00    0.00    0.00    1.20    10  detdec
21:56:02     1000     37566    1.40    0.00    0.00    0.00    1.40     8  detdec

# Time        UID       PID    %usr %system  %guest   %wait    %CPU   CPU  Command
21:56:07     1000     19830    6.60    6.00    0.00    0.00   12.60    14  mediamtx
21:56:07     1000     19846    0.00    0.20    0.00    0.00    0.20    11  srcpub
21:56:07     1000     19847    0.00    0.20    0.00    0.00    0.20     6  srcpub
21:56:07     1000     19849    0.20    0.20    0.00    0.00    0.40     3  srcpub
21:56:07     1000     19850    0.00    0.20    0.00    0.00    0.20     7  srcpub
21:56:07     1000     19851    0.20    0.20    0.00    0.00    0.40    15  srcpub
21:56:07     1000     19853    0.20    0.20    0.00    0.00    0.40     2  srcpub
21:56:07     1000     19854    0.20    0.20    0.00    0.00    0.40    13  srcpub
21:56:07     1000     19855    0.00    0.20    0.00    0.00    0.20    10  srcpub
21:56:07     1000     19856    0.20    0.00    0.00    0.00    0.20    13  srcpub
21:56:07     1000     19857    0.20    0.20    0.00    0.00    0.40     4  srcpub
21:56:07     1000     19858    0.20    0.20    0.00    0.00    0.40    14  srcpub
21:56:07     1000     19860    0.20    0.20    0.00    0.00    0.40     7  srcpub
21:56:07     1000     19862    0.00    0.20    0.00    0.00    0.20     1  srcpub
21:56:07     1000     19863    0.20    0.20    0.00    0.00    0.40     6  srcpub
21:56:07     1000     19864    0.20    0.20    0.00    0.00    0.40     8  srcpub
21:56:07     1000     19865    0.00    0.20    0.00    0.00    0.20     5  srcpub
21:56:07     1000     19868    0.20    0.20    0.00    0.00    0.40    13  srcpub
21:56:07     1000     19874    0.20    0.20    0.00    0.00    0.40     4  srcpub
21:56:07     1000     19877    0.20    0.00    0.00    0.00    0.20     0  srcpub
21:56:07     1000     19878    0.20    0.20    0.00    0.00    0.40    14  srcpub
21:56:07     1000     19881    0.20    0.00    0.00    0.00    0.20     9  srcpub
21:56:07     1000     19882    0.20    0.20    0.00    0.00    0.40     9  srcpub
21:56:07     1000     19884    0.20    0.20    0.00    0.00    0.40     5  srcpub
21:56:07     1000     19885    0.00    0.20    0.00    0.00    0.20     9  srcpub
21:56:07     1000     19886    0.20    0.20    0.00    0.00    0.40     7  srcpub
21:56:07     1000     19887    0.20    0.20    0.00    0.00    0.40    12  srcpub
21:56:07     1000     19894    0.00    0.20    0.00    0.00    0.20     1  srcpub
21:56:07     1000     26251    0.00    0.20    0.00    0.00    0.20     0  chrome
21:56:07     1000     28824    0.20    0.20    0.00    0.00    0.40     5  chrome
21:56:07     1000     29045    5.60    1.00    0.00    0.00    6.60    13  chrome
21:56:07     1000     29047    0.20    0.20    0.00    0.00    0.40     6  chrome
21:56:07     1000     29091   11.80    0.60    0.00    0.00   12.40     5  chrome
21:56:07      997     30965    0.60    0.20    0.00    0.00    0.80     2  ffmpeg
21:56:07      997     30966    0.40    0.20    0.00    0.00    0.60     9  ffmpeg
21:56:07      997     30967    0.20    0.00    0.00    0.00    0.20    14  ffmpeg
21:56:07      997     30968    0.20    0.00    0.00    0.00    0.20     3  ffmpeg
21:56:07      997     30969    0.20    0.00    0.00    0.00    0.20     2  ffmpeg
21:56:07      997     30970    0.20    0.00    0.00    0.00    0.20     8  ffmpeg
21:56:07      997     30971    0.00    0.40    0.00    0.00    0.40     6  ffmpeg
21:56:07      997     30972    0.20    0.20    0.00    0.00    0.40     9  ffmpeg
21:56:07      997     30973    0.20    0.20    0.00    0.00    0.40    10  ffmpeg
21:56:07      997     30974    0.20    0.00    0.00    0.00    0.20     6  ffmpeg
21:56:07      997     30975    0.20    0.20    0.00    0.00    0.40     3  ffmpeg
21:56:07      997     30976    0.00    0.20    0.00    0.00    0.20    14  ffmpeg
21:56:07      997     30977    0.20    0.40    0.00    0.00    0.60     7  ffmpeg
21:56:07      997     30978    0.20    0.20    0.00    0.00    0.40    14  ffmpeg
21:56:07      997     30979    0.20    0.20    0.00    0.00    0.40    10  ffmpeg
21:56:07      997     30980    0.00    0.40    0.00    0.00    0.40     6  ffmpeg
21:56:07      997     35582    0.60    0.20    0.00    0.00    0.80     0  ffmpeg
21:56:07      997     35583    0.20    0.00    0.00    0.00    0.20     1  ffmpeg
21:56:07      997     35584    0.20    0.20    0.00    0.00    0.40     2  ffmpeg
21:56:07      997     35585    0.00    0.20    0.00    0.00    0.20    10  ffmpeg
21:56:07      997     35586    0.20    0.00    0.00    0.00    0.20    14  ffmpeg
21:56:07      997     35588    0.00    0.20    0.00    0.00    0.20    13  ffmpeg
21:56:07      997     35589    0.20    0.00    0.00    0.00    0.20     3  ffmpeg
21:56:07      997     35590    0.00    0.20    0.00    0.00    0.20    14  ffmpeg
21:56:07     1000     37551    1.40    0.20    0.00    0.00    1.60     6  detdec
21:56:07     1000     37552    1.20    0.00    0.00    0.00    1.20    12  detdec
21:56:07     1000     37553    1.40    0.00    0.00    0.00    1.40     4  detdec
21:56:07     1000     37554    1.40    0.00    0.00    0.00    1.40     5  detdec
21:56:07     1000     37555    1.20    0.20    0.00    0.00    1.40     5  detdec
21:56:07     1000     37556    1.20    0.00    0.00    0.00    1.20     3  detdec
21:56:07     1000     37557    1.20    0.40    0.00    0.00    1.60    12  detdec
21:56:07     1000     37558    1.40    0.20    0.00    0.00    1.60    14  detdec
21:56:07     1000     37559    1.40    0.00    0.00    0.00    1.40     1  detdec
21:56:07     1000     37560    1.20    0.00    0.00    0.00    1.20    14  detdec
21:56:07     1000     37561    1.00    0.40    0.00    0.00    1.40     2  detdec
21:56:07     1000     37562    1.20    0.00    0.00    0.00    1.20    10  detdec
21:56:07     1000     37563    1.20    0.00    0.00    0.00    1.20     1  detdec
21:56:07     1000     37564    1.20    0.00    0.00    0.00    1.20     2  detdec
21:56:07     1000     37565    1.20    0.20    0.00    0.00    1.40     1  detdec
21:56:07     1000     37566    1.20    0.00    0.00    0.00    1.20    10  detdec

# Time        UID       PID    %usr %system  %guest   %wait    %CPU   CPU  Command
21:56:12     1000     19830    7.00    6.60    0.00    0.00   13.60    14  mediamtx
21:56:12     1000     19846    0.20    0.20    0.00    0.00    0.40    12  srcpub
21:56:12     1000     19847    0.20    0.20    0.00    0.00    0.40    10  srcpub
21:56:12     1000     19849    0.20    0.00    0.00    0.00    0.20     3  srcpub
21:56:12     1000     19850    0.20    0.00    0.00    0.00    0.20     2  srcpub
21:56:12     1000     19851    0.20    0.20    0.00    0.00    0.40     1  srcpub
21:56:12     1000     19853    0.00    0.20    0.00    0.00    0.20     4  srcpub
21:56:12     1000     19855    0.20    0.20    0.00    0.00    0.40     0  srcpub
21:56:12     1000     19856    0.00    0.20    0.00    0.00    0.20     6  srcpub
21:56:12     1000     19857    0.20    0.20    0.00    0.20    0.40     7  srcpub
21:56:12     1000     19858    0.00    0.20    0.00    0.00    0.20    14  srcpub
21:56:12     1000     19860    0.00    0.20    0.00    0.00    0.20     8  srcpub
21:56:12     1000     19862    0.20    0.00    0.00    0.00    0.20     2  srcpub
21:56:12     1000     19863    0.20    0.00    0.00    0.00    0.20     4  srcpub
21:56:12     1000     19865    0.20    0.20    0.00    0.00    0.40     6  srcpub
21:56:12     1000     19868    0.00    0.20    0.00    0.00    0.20    14  srcpub
21:56:12     1000     19877    0.20    0.20    0.00    0.00    0.40     0  srcpub
21:56:12     1000     19878    0.20    0.00    0.00    0.00    0.20     0  srcpub
21:56:12     1000     19879    0.20    0.20    0.00    0.00    0.40    14  srcpub
21:56:12     1000     19881    0.20    0.20    0.00    0.00    0.40     6  srcpub
21:56:12     1000     19882    0.00    0.20    0.00    0.00    0.20    10  srcpub
21:56:12     1000     19885    0.20    0.00    0.00    0.00    0.20     6  srcpub
21:56:12     1000     19886    0.20    0.20    0.00    0.00    0.40     9  srcpub
21:56:12     1000     19887    0.00    0.20    0.00    0.00    0.20    12  srcpub
21:56:12     1000     19894    0.20    0.20    0.00    0.00    0.40     1  srcpub
21:56:12     1000     29045    5.60    0.80    0.00    0.00    6.40     5  chrome
21:56:12     1000     29047    0.20    0.20    0.00    0.00    0.40     3  chrome
21:56:12     1000     29091   11.20    1.00    0.00    0.20   12.20     7  chrome
21:56:12      997     30965    0.60    0.40    0.00    0.00    1.00     8  ffmpeg
21:56:12      997     30966    0.60    0.20    0.00    0.00    0.80    15  ffmpeg
21:56:12      997     30967    0.20    0.20    0.00    0.00    0.40    15  ffmpeg
21:56:12      997     30968    0.20    0.20    0.00    0.00    0.40    13  ffmpeg
21:56:12      997     30969    0.20    0.20    0.00    0.00    0.40     2  ffmpeg
21:56:12      997     30970    0.20    0.20    0.00    0.00    0.40    12  ffmpeg
21:56:12      997     30971    0.00    0.40    0.00    0.00    0.40     0  ffmpeg
21:56:12      997     30972    0.20    0.20    0.00    0.00    0.40     3  ffmpeg
21:56:12      997     30973    0.40    0.00    0.00    0.00    0.40     4  ffmpeg
21:56:12      997     30974    0.20    0.20    0.00    0.00    0.40     6  ffmpeg
21:56:12      997     30975    0.20    0.00    0.00    0.00    0.20     4  ffmpeg
21:56:12      997     30976    0.20    0.00    0.00    0.00    0.20    15  ffmpeg
21:56:12      997     30977    0.20    0.20    0.00    0.00    0.40     6  ffmpeg
21:56:12      997     30978    0.20    0.20    0.00    0.00    0.40    15  ffmpeg
21:56:12      997     30979    0.40    0.00    0.00    0.00    0.40    14  ffmpeg
21:56:12      997     30980    0.00    0.20    0.00    0.00    0.20     3  ffmpeg
21:56:12      997     35582    0.60    0.20    0.00    0.00    0.80     8  ffmpeg
21:56:12      997     35583    0.20    0.20    0.00    0.00    0.40    10  ffmpeg
21:56:12      997     35584    0.20    0.00    0.00    0.00    0.20     7  ffmpeg
21:56:12      997     35585    0.20    0.00    0.00    0.00    0.20     2  ffmpeg
21:56:12      997     35586    0.20    0.20    0.00    0.00    0.40     5  ffmpeg
21:56:12      997     35587    0.20    0.20    0.00    0.00    0.40     1  ffmpeg
21:56:12      997     35588    0.20    0.00    0.00    0.00    0.20     0  ffmpeg
21:56:12      997     35589    0.20    0.00    0.00    0.00    0.20    11  ffmpeg
21:56:12      997     35590    0.20    0.00    0.00    0.00    0.20     4  ffmpeg
21:56:12     1000     37551    1.20    0.00    0.00    0.00    1.20    10  detdec
21:56:12     1000     37552    1.20    0.00    0.00    0.00    1.20     9  detdec
21:56:12     1000     37553    1.20    0.00    0.00    0.00    1.20     6  detdec
21:56:12     1000     37554    1.40    0.00    0.00    0.00    1.40     5  detdec
21:56:12     1000     37555    1.20    0.20    0.00    0.00    1.40     0  detdec
21:56:12     1000     37556    1.40    0.00    0.00    0.00    1.40    15  detdec
21:56:12     1000     37557    1.20    0.20    0.00    0.00    1.40    10  detdec
21:56:12     1000     37558    1.20    0.00    0.00    0.00    1.20     2  detdec
21:56:12     1000     37559    1.40    0.00    0.00    0.00    1.40    12  detdec
21:56:12     1000     37560    1.40    0.00    0.00    0.00    1.40     0  detdec
21:56:12     1000     37561    1.20    0.20    0.00    0.00    1.40     3  detdec
21:56:12     1000     37562    1.40    0.00    0.00    0.00    1.40    14  detdec
21:56:12     1000     37563    1.20    0.00    0.00    0.00    1.20     6  detdec
21:56:12     1000     37564    1.20    0.20    0.00    0.00    1.40     0  detdec
21:56:12     1000     37565    1.40    0.20    0.00    0.00    1.60    14  detdec
21:56:12     1000     37566    1.20    0.00    0.00    0.00    1.20    10  detdec

# Time        UID       PID    %usr %system  %guest   %wait    %CPU   CPU  Command
21:56:17     1000     19830    6.60    6.40    0.00    0.00   13.00    14  mediamtx
21:56:17     1000     19846    0.20    0.00    0.00    0.00    0.20    13  srcpub
21:56:17     1000     19847    0.20    0.00    0.00    0.00    0.20    14  srcpub
21:56:17     1000     19849    0.00    0.20    0.00    0.00    0.20     6  srcpub
21:56:17     1000     19850    0.20    0.00    0.00    0.00    0.20     2  srcpub
21:56:17     1000     19851    0.20    0.00    0.00    0.00    0.20     1  srcpub
21:56:17     1000     19853    0.20    0.20    0.00    0.00    0.40     2  srcpub
21:56:17     1000     19854    0.20    0.20    0.00    0.00    0.40     8  srcpub
21:56:17     1000     19855    0.00    0.20    0.00    0.00    0.20    10  srcpub
21:56:17     1000     19856    0.00    0.20    0.00    0.00    0.20     6  srcpub
21:56:17     1000     19858    0.20    0.20    0.00    0.00    0.40     0  srcpub
21:56:17     1000     19860    0.20    0.00    0.00    0.00    0.20    11  srcpub
21:56:17     1000     19862    0.00    0.20    0.00    0.00    0.20    10  srcpub
21:56:17     1000     19863    0.20    0.20    0.00    0.00    0.40     4  srcpub
21:56:17     1000     19864    0.20    0.20    0.00    0.00    0.40     4  srcpub
21:56:17     1000     19865    0.00    0.20    0.00    0.00    0.20     7  srcpub
21:56:17     1000     19868    0.20    0.20    0.00    0.00    0.40    13  srcpub
21:56:17     1000     19874    0.20    0.20    0.00    0.00    0.40     1  srcpub
21:56:17     1000     19877    0.20    0.20    0.00    0.00    0.40     0  srcpub
21:56:17     1000     19878    0.20    0.20    0.00    0.00    0.40     0  srcpub
21:56:17     1000     19879    0.00    0.20    0.00    0.00    0.20    14  srcpub
21:56:17     1000     19881    0.20    0.20    0.00    0.00    0.40     8  srcpub
21:56:17     1000     19882    0.20    0.00    0.00    0.00    0.20    12  srcpub
21:56:17     1000     19884    0.20    0.20    0.00    0.00    0.40    13  srcpub
21:56:17     1000     19885    0.20    0.20    0.00    0.00    0.40     7  srcpub
21:56:17     1000     19886    0.20    0.20    0.00    0.00    0.40     8  srcpub
21:56:17     1000     19894    0.20    0.20    0.00    0.00    0.40     1  srcpub
21:56:17     1000     29045    5.20    1.00    0.00    0.00    6.20     5  chrome
21:56:17     1000     29047    0.00    0.20    0.00    0.00    0.20     3  chrome
21:56:17     1000     29091   11.00    0.80    0.00    0.00   11.80     6  chrome
21:56:17      997     30965    0.40    0.20    0.00    0.00    0.60     3  ffmpeg
21:56:17      997     30966    0.40    0.20    0.00    0.00    0.60     7  ffmpeg
21:56:17      997     30967    0.20    0.20    0.00    0.00    0.40    14  ffmpeg
21:56:17      997     30968    0.20    0.20    0.00    0.00    0.40    13  ffmpeg
21:56:17      997     30969    0.20    0.00    0.00    0.00    0.20     2  ffmpeg
21:56:17      997     30970    0.20    0.20    0.00    0.00    0.40     0  ffmpeg
21:56:17      997     30971    0.20    0.00    0.00    0.00    0.20     8  ffmpeg
21:56:17      997     30972    0.20    0.00    0.00    0.00    0.20     0  ffmpeg
21:56:17      997     30973    0.20    0.20    0.00    0.00    0.40     1  ffmpeg
21:56:17      997     30974    0.20    0.20    0.00    0.00    0.40     6  ffmpeg
21:56:17      997     30975    0.20    0.20    0.00    0.00    0.40    12  ffmpeg
21:56:17      997     30976    0.20    0.40    0.00    0.00    0.60     7  ffmpeg
21:56:17      997     30977    0.20    0.00    0.00    0.00    0.20     6  ffmpeg
21:56:17      997     30978    0.20    0.00    0.00    0.00    0.20    15  ffmpeg
21:56:17      997     30979    0.20    0.20    0.00    0.00    0.40     0  ffmpeg
21:56:17      997     30980    0.00    0.40    0.00    0.00    0.40     1  ffmpeg
21:56:17      997     35582    0.40    0.20    0.00    0.00    0.60    10  ffmpeg
21:56:17      997     35583    0.20    0.00    0.00    0.00    0.20    14  ffmpeg
21:56:17      997     35584    0.20    0.20    0.00    0.00    0.40    12  ffmpeg
21:56:17      997     35585    0.20    0.00    0.00    0.00    0.20     4  ffmpeg
21:56:17      997     35586    0.20    0.00    0.00    0.00    0.20    15  ffmpeg
21:56:17      997     35588    0.20    0.20    0.00    0.00    0.40    14  ffmpeg
21:56:17      997     35589    0.20    0.20    0.00    0.00    0.40    11  ffmpeg
21:56:17      997     35590    0.20    0.20    0.00    0.00    0.40    15  ffmpeg
21:56:17     1000     37551    1.40    0.00    0.00    0.00    1.40     4  detdec
21:56:17     1000     37552    1.20    0.00    0.00    0.00    1.20    12  detdec
21:56:17     1000     37553    1.40    0.00    0.00    0.00    1.40    11  detdec
21:56:17     1000     37554    1.40    0.00    0.00    0.00    1.40    14  detdec
21:56:17     1000     37555    1.00    0.40    0.00    0.00    1.40     6  detdec
21:56:17     1000     37556    1.40    0.00    0.00    0.00    1.40    14  detdec
21:56:17     1000     37557    1.20    0.20    0.00    0.00    1.40    14  detdec
21:56:17     1000     37558    1.20    0.20    0.00    0.00    1.40    15  detdec
21:56:17     1000     37559    1.60    0.00    0.00    0.00    1.60     2  detdec
21:56:17     1000     37560    1.20    0.00    0.00    0.00    1.20     3  detdec
21:56:17     1000     37561    0.80    0.40    0.00    0.00    1.20    14  detdec
21:56:17     1000     37562    1.40    0.00    0.00    0.00    1.40    12  detdec
21:56:17     1000     37563    1.40    0.00    0.00    0.20    1.40     6  detdec
21:56:17     1000     37564    1.20    0.00    0.00    0.00    1.20     2  detdec
21:56:17     1000     37565    1.40    0.00    0.00    0.00    1.40    13  detdec
21:56:17     1000     37566    1.20    0.00    0.00    0.00    1.20    11  detdec

# Time        UID       PID    %usr %system  %guest   %wait    %CPU   CPU  Command
21:56:22     1000     19830    6.60    6.20    0.00    0.00   12.80    14  mediamtx
21:56:22     1000     19846    0.20    0.20    0.00    0.00    0.40    13  srcpub
21:56:22     1000     19847    0.20    0.20    0.00    0.00    0.40    14  srcpub
21:56:22     1000     19849    0.20    0.00    0.00    0.00    0.20     1  srcpub
21:56:22     1000     19850    0.00    0.20    0.00    0.00    0.20     2  srcpub
21:56:22     1000     19851    0.00    0.20    0.00    0.00    0.20     2  srcpub
21:56:22     1000     19853    0.20    0.20    0.00    0.00    0.40     6  srcpub
21:56:22     1000     19855    0.20    0.00    0.00    0.00    0.20    10  srcpub
21:56:22     1000     19856    0.20    0.20    0.00    0.00    0.40     9  srcpub
21:56:22     1000     19857    0.20    0.00    0.00    0.00    0.20     5  srcpub
21:56:22     1000     19858    0.00    0.20    0.00    0.00    0.20     0  srcpub
21:56:22     1000     19860    0.00    0.20    0.00    0.00    0.20     7  srcpub
21:56:22     1000     19862    0.20    0.20    0.00    0.00    0.40    10  srcpub
21:56:22     1000     19863    0.20    0.20    0.00    0.00    0.40     5  srcpub
21:56:22     1000     19864    0.20    0.00    0.00    0.00    0.20     5  srcpub
21:56:22     1000     19865    0.20    0.00    0.00    0.00    0.20     6  srcpub
21:56:22     1000     19874    0.20    0.00    0.00    0.00    0.20     1  srcpub
21:56:22     1000     19877    0.20    0.00    0.00    0.00    0.20     0  srcpub
21:56:22     1000     19878    0.00    0.20    0.00    0.00    0.20     0  srcpub
21:56:22     1000     19879    0.20    0.00    0.00    0.00    0.20     0  srcpub
21:56:22     1000     19881    0.20    0.00    0.00    0.00    0.20     5  srcpub
21:56:22     1000     19882    0.00    0.20    0.00    0.00    0.20    13  srcpub
21:56:22     1000     19884    0.20    0.00    0.00    0.00    0.20    13  srcpub
21:56:22     1000     19885    0.00    0.20    0.00    0.00    0.20     8  srcpub
21:56:22     1000     19886    0.00    0.20    0.00    0.00    0.20     9  srcpub
21:56:22     1000     19887    0.20    0.20    0.00    0.00    0.40     1  srcpub
21:56:22     1000     19894    0.20    0.20    0.00    0.00    0.40     1  srcpub
21:56:22     1000     26207    0.20    0.00    0.00    0.00    0.20     0  chrome
21:56:22     1000     28824    0.20    0.00    0.00    0.00    0.20    14  chrome
21:56:22     1000     29045    5.40    0.80    0.00    0.00    6.20     9  chrome
21:56:22     1000     29047    0.40    0.20    0.00    0.00    0.60     3  chrome
21:56:22     1000     29091   11.40    0.80    0.00    0.00   12.20     6  chrome
21:56:22      997     30965    0.60    0.40    0.00    0.00    1.00     7  ffmpeg
21:56:22      997     30966    0.60    0.20    0.00    0.00    0.80    13  ffmpeg
21:56:22      997     30967    0.20    0.00    0.00    0.00    0.20    15  ffmpeg
21:56:22      997     30968    0.20    0.20    0.00    0.00    0.40    14  ffmpeg
21:56:22      997     30969    0.40    0.20    0.00    0.00    0.60     8  ffmpeg
21:56:22      997     30970    0.20    0.20    0.00    0.00    0.40     2  ffmpeg
21:56:22      997     30971    0.00    0.40    0.00    0.00    0.40    12  ffmpeg
21:56:22      997     30972    0.40    0.20    0.00    0.00    0.60     3  ffmpeg
21:56:22      997     30973    0.20    0.20    0.00    0.00    0.40     8  ffmpeg
21:56:22      997     30974    0.20    0.00    0.00    0.00    0.20     6  ffmpeg
21:56:22      997     30975    0.00    0.20    0.00    0.00    0.20    14  ffmpeg
21:56:22      997     30976    0.20    0.20    0.00    0.00    0.40     9  ffmpeg
21:56:22      997     30977    0.20    0.20    0.00    0.00    0.40     4  ffmpeg
21:56:22      997     30978    0.20    0.20    0.00    0.00    0.40    15  ffmpeg
21:56:22      997     30979    0.20    0.00    0.00    0.00    0.20     6  ffmpeg
21:56:22      997     30980    0.00    0.40    0.00    0.00    0.40     2  ffmpeg
21:56:22      997     35582    0.60    0.20    0.00    0.00    0.80     7  ffmpeg
21:56:22      997     35585    0.20    0.20    0.00    0.00    0.40    14  ffmpeg
21:56:22      997     35586    0.20    0.00    0.00    0.00    0.20     0  ffmpeg
21:56:22      997     35587    0.20    0.20    0.00    0.00    0.40     7  ffmpeg
21:56:22      997     35589    0.20    0.00    0.00    0.00    0.20     4  ffmpeg
21:56:22      997     35590    0.20    0.00    0.00    0.00    0.20     0  ffmpeg
21:56:22     1000     37551    1.20    0.20    0.00    0.00    1.40     8  detdec
21:56:22     1000     37552    1.20    0.00    0.00    0.00    1.20     0  detdec
21:56:22     1000     37553    1.20    0.00    0.00    0.00    1.20     1  detdec
21:56:22     1000     37554    1.20    0.00    0.00    0.00    1.20    15  detdec
21:56:22     1000     37555    0.80    0.40    0.00    0.00    1.20     6  detdec
21:56:22     1000     37556    1.00    0.20    0.00    0.00    1.20    14  detdec
21:56:22     1000     37557    1.00    0.20    0.00    0.00    1.20    14  detdec
21:56:22     1000     37558    1.40    0.00    0.00    0.00    1.40     1  detdec
21:56:22     1000     37559    1.40    0.00    0.00    0.00    1.40     9  detdec
21:56:22     1000     37560    1.20    0.00    0.00    0.00    1.20    10  detdec
21:56:22     1000     37561    1.00    0.20    0.00    0.00    1.20     4  detdec
21:56:22     1000     37562    1.20    0.20    0.00    0.00    1.40    14  detdec
21:56:22     1000     37563    1.20    0.00    0.00    0.00    1.20    13  detdec
21:56:22     1000     37564    1.20    0.20    0.00    0.00    1.40    15  detdec
21:56:22     1000     37565    1.20    0.00    0.00    0.00    1.20    14  detdec
21:56:22     1000     37566    1.20    0.00    0.00    0.00    1.20    14  detdec

# Time        UID       PID    %usr %system  %guest   %wait    %CPU   CPU  Command
21:56:27     1000     19830    7.60    5.80    0.00    0.00   13.40    14  mediamtx
21:56:27     1000     19846    0.20    0.20    0.00    0.00    0.40     3  srcpub
21:56:27     1000     19847    0.00    0.20    0.00    0.00    0.20     0  srcpub
21:56:27     1000     19849    0.00    0.20    0.00    0.00    0.20     5  srcpub
21:56:27     1000     19850    0.20    0.00    0.00    0.00    0.20    15  srcpub
21:56:27     1000     19851    0.20    0.00    0.00    0.00    0.20    12  srcpub
21:56:27     1000     19854    0.20    0.20    0.00    0.00    0.40    10  srcpub
21:56:27     1000     19855    0.00    0.20    0.00    0.00    0.20    10  srcpub
21:56:27     1000     19857    0.20    0.20    0.00    0.00    0.40     5  srcpub
21:56:27     1000     19858    0.20    0.00    0.00    0.00    0.20     1  srcpub
21:56:27     1000     19860    0.20    0.20    0.00    0.00    0.40     5  srcpub
21:56:27     1000     19862    0.00    0.20    0.00    0.00    0.20     6  srcpub
21:56:27     1000     19863    0.00    0.20    0.00    0.00    0.20     5  srcpub
21:56:27     1000     19864    0.00    0.20    0.00    0.00    0.20     8  srcpub
21:56:27     1000     19865    0.00    0.20    0.00    0.00    0.20     6  srcpub
21:56:27     1000     19868    0.20    0.20    0.00    0.00    0.40    14  srcpub
21:56:27     1000     19874    0.00    0.20    0.00    0.00    0.20     1  srcpub
21:56:27     1000     19877    0.00    0.20    0.00    0.00    0.20     0  srcpub
21:56:27     1000     19878    0.00    0.20    0.00    0.00    0.20     7  srcpub
21:56:27     1000     19879    0.20    0.20    0.00    0.00    0.40     0  srcpub
21:56:27     1000     19881    0.00    0.20    0.00    0.00    0.20     5  srcpub
21:56:27     1000     19882    0.00    0.20    0.00    0.00    0.20     1  srcpub
21:56:27     1000     19884    0.20    0.20    0.00    0.00    0.40    13  srcpub
21:56:27     1000     19885    0.20    0.20    0.00    0.00    0.40     8  srcpub
21:56:27     1000     19886    0.20    0.20    0.00    0.00    0.40     9  srcpub
21:56:27     1000     19887    0.00    0.20    0.00    0.00    0.20     1  srcpub
21:56:27     1000     19894    0.20    0.20    0.00    0.00    0.40     1  srcpub
21:56:27     1000     26251    0.20    0.00    0.00    0.00    0.20     4  chrome
21:56:27     1000     27919    0.20    0.00    0.00    0.00    0.20     8  chrome
21:56:27     1000     29045    5.60    0.80    0.00    0.00    6.40     0  chrome
21:56:27     1000     29091   11.20    0.80    0.00    0.00   12.00     6  chrome
21:56:27      997     30965    0.60    0.20    0.00    0.00    0.80    13  ffmpeg
21:56:27      997     30966    0.60    0.20    0.00    0.00    0.80    15  ffmpeg
21:56:27      997     30967    0.40    0.20    0.00    0.00    0.60    15  ffmpeg
21:56:27      997     30968    0.20    0.20    0.00    0.00    0.40    15  ffmpeg
21:56:27      997     30969    0.20    0.00    0.00    0.00    0.20     2  ffmpeg
21:56:27      997     30970    0.20    0.00    0.00    0.00    0.20     2  ffmpeg
21:56:27      997     30971    0.00    0.20    0.00    0.00    0.20    12  ffmpeg
21:56:27      997     30972    0.00    0.20    0.00    0.00    0.20     2  ffmpeg
21:56:27      997     30973    0.20    0.20    0.00    0.00    0.40     9  ffmpeg
21:56:27      997     30974    0.20    0.20    0.00    0.00    0.40    15  ffmpeg
21:56:27      997     30975    0.20    0.20    0.00    0.00    0.40     1  ffmpeg
21:56:27      997     30976    0.00    0.20    0.00    0.00    0.20     4  ffmpeg
21:56:27      997     30977    0.00    0.20    0.00    0.00    0.20     3  ffmpeg
21:56:27      997     30978    0.20    0.20    0.00    0.00    0.40    15  ffmpeg
21:56:27      997     30979    0.20    0.20    0.00    0.00    0.40     7  ffmpeg
21:56:27      997     30980    0.00    0.40    0.00    0.00    0.40     2  ffmpeg
21:56:27      997     35582    0.40    0.20    0.00    0.00    0.60     5  ffmpeg
21:56:27      997     35583    0.20    0.20    0.00    0.00    0.40     8  ffmpeg
21:56:27      997     35584    0.20    0.00    0.00    0.00    0.20     4  ffmpeg
21:56:27      997     35586    0.00    0.20    0.00    0.00    0.20    12  ffmpeg
21:56:27      997     35587    0.20    0.00    0.00    0.00    0.20     9  ffmpeg
21:56:27      997     35588    0.20    0.20    0.00    0.00    0.40     8  ffmpeg
21:56:27      997     35589    0.20    0.00    0.00    0.00    0.20     7  ffmpeg
21:56:27     1000     37551    1.40    0.00    0.00    0.00    1.40    11  detdec
21:56:27     1000     37552    1.40    0.00    0.00    0.00    1.40     0  detdec
21:56:27     1000     37553    1.40    0.00    0.00    0.00    1.40     2  detdec
21:56:27     1000     37554    1.40    0.00    0.00    0.00    1.40    15  detdec
21:56:27     1000     37555    1.20    0.20    0.00    0.00    1.40     2  detdec
21:56:27     1000     37556    1.20    0.20    0.00    0.00    1.40    14  detdec
21:56:27     1000     37557    1.20    0.20    0.00    0.00    1.40    12  detdec
21:56:27     1000     37558    1.20    0.20    0.00    0.00    1.40     2  detdec
21:56:27     1000     37559    1.40    0.00    0.00    0.00    1.40     5  detdec
21:56:27     1000     37560    1.40    0.00    0.00    0.00    1.40     6  detdec
21:56:27     1000     37561    1.00    0.40    0.00    0.00    1.40     4  detdec
21:56:27     1000     37562    1.40    0.00    0.00    0.00    1.40    14  detdec
21:56:27     1000     37563    1.40    0.00    0.00    0.00    1.40     1  detdec
21:56:27     1000     37564    1.20    0.00    0.00    0.00    1.20    14  detdec
21:56:27     1000     37565    1.40    0.20    0.00    0.00    1.60    15  detdec
21:56:27     1000     37566    1.40    0.00    0.00    0.00    1.40    14  detdec

# Time        UID       PID    %usr %system  %guest   %wait    %CPU   CPU  Command
21:56:32     1000     19830    6.60    5.80    0.00    0.00   12.40    14  mediamtx
21:56:32     1000     19846    0.20    0.00    0.00    0.00    0.20     1  srcpub
21:56:32     1000     19847    0.20    0.00    0.00    0.00    0.20     0  srcpub
21:56:32     1000     19849    0.20    0.20    0.00    0.00    0.40     5  srcpub
21:56:32     1000     19850    0.20    0.20    0.00    0.00    0.40     2  srcpub
21:56:32     1000     19851    0.20    0.20    0.00    0.00    0.40    12  srcpub
21:56:32     1000     19853    0.20    0.20    0.00    0.00    0.40     7  srcpub
21:56:32     1000     19854    0.20    0.00    0.00    0.00    0.20    10  srcpub
21:56:32     1000     19855    0.00    0.20    0.00    0.00    0.20    10  srcpub
21:56:32     1000     19856    0.20    0.20    0.00    0.00    0.40     6  srcpub
21:56:32     1000     19857    0.20    0.00    0.00    0.00    0.20     7  srcpub
21:56:32     1000     19858    0.00    0.20    0.00    0.00    0.20     2  srcpub
21:56:32     1000     19860    0.20    0.00    0.00    0.00    0.20     3  srcpub
21:56:32     1000     19862    0.20    0.20    0.00    0.00    0.40    11  srcpub
21:56:32     1000     19863    0.20    0.20    0.00    0.00    0.40     4  srcpub
21:56:32     1000     19864    0.20    0.00    0.00    0.00    0.20     3  srcpub
21:56:32     1000     19865    0.20    0.00    0.00    0.00    0.20     6  srcpub
21:56:32     1000     19868    0.00    0.20    0.00    0.00    0.20    15  srcpub
21:56:32     1000     19874    0.20    0.00    0.00    0.00    0.20     7  srcpub
21:56:32     1000     19877    0.00    0.20    0.00    0.00    0.20     5  srcpub
21:56:32     1000     19878    0.20    0.20    0.00    0.00    0.40     7  srcpub
21:56:32     1000     19879    0.00    0.20    0.00    0.00    0.20     1  srcpub
21:56:32     1000     19881    0.20    0.20    0.00    0.00    0.40    10  srcpub
21:56:32     1000     19882    0.20    0.20    0.00    0.00    0.40     2  srcpub
21:56:32     1000     19885    0.00    0.20    0.00    0.00    0.20     2  srcpub
21:56:32     1000     19886    0.00    0.20    0.00    0.00    0.20     7  srcpub
21:56:32     1000     19887    0.20    0.20    0.00    0.00    0.40    12  srcpub
21:56:32     1000     28824    0.20    0.00    0.00    0.00    0.20    11  chrome
21:56:32     1000     29045    5.20    1.00    0.00    0.00    6.20     6  chrome
21:56:32     1000     29047    0.20    0.20    0.00    0.00    0.40     3  chrome
21:56:32     1000     29091   11.00    0.80    0.00    0.00   11.80    14  chrome
21:56:32      997     30965    0.80    0.20    0.00    0.00    1.00     3  ffmpeg
21:56:32      997     30966    0.40    0.20    0.00    0.00    0.60     5  ffmpeg
21:56:32      997     30967    0.20    0.20    0.00    0.00    0.40    11  ffmpeg
21:56:32      997     30968    0.20    0.20    0.00    0.00    0.40     1  ffmpeg
21:56:32      997     30969    0.20    0.20    0.00    0.00    0.40     2  ffmpeg
21:56:32      997     30970    0.20    0.20    0.00    0.00    0.40    14  ffmpeg
21:56:32      997     30971    0.20    0.20    0.00    0.00    0.40     4  ffmpeg
21:56:32      997     30972    0.20    0.20    0.00    0.00    0.40    10  ffmpeg
21:56:32      997     30973    0.20    0.00    0.00    0.00    0.20    13  ffmpeg
21:56:32      997     30974    0.40    0.20    0.00    0.00    0.60     2  ffmpeg
21:56:32      997     30975    0.20    0.20    0.00    0.00    0.40     1  ffmpeg
21:56:32      997     30976    0.20    0.20    0.00    0.00    0.40     0  ffmpeg
21:56:32      997     30977    0.20    0.20    0.00    0.00    0.40    15  ffmpeg
21:56:32      997     30978    0.20    0.20    0.00    0.00    0.40    10  ffmpeg
21:56:32      997     30979    0.20    0.20    0.00    0.00    0.40     8  ffmpeg
21:56:32      997     30980    0.00    0.20    0.00    0.00    0.20    12  ffmpeg
21:56:32      997     35582    0.40    0.40    0.00    0.00    0.80     7  ffmpeg
21:56:32      997     35583    0.20    0.00    0.00    0.00    0.20     1  ffmpeg
21:56:32      997     35584    0.20    0.20    0.00    0.00    0.40     1  ffmpeg
21:56:32      997     35585    0.20    0.20    0.00    0.00    0.40    12  ffmpeg
21:56:32      997     35586    0.20    0.00    0.00    0.00    0.20     2  ffmpeg
21:56:32      997     35587    0.00    0.20    0.00    0.00    0.20     7  ffmpeg
21:56:32      997     35588    0.20    0.00    0.00    0.00    0.20     1  ffmpeg
21:56:32      997     35589    0.00    0.20    0.00    0.00    0.20     7  ffmpeg
21:56:32      997     35590    0.20    0.20    0.00    0.00    0.40     7  ffmpeg
21:56:32     1000     37551    1.20    0.00    0.00    0.00    1.20     1  detdec
21:56:32     1000     37552    1.20    0.00    0.00    0.00    1.20     1  detdec
21:56:32     1000     37553    1.20    0.00    0.00    0.00    1.20     3  detdec
21:56:32     1000     37554    1.40    0.00    0.00    0.00    1.40    15  detdec
21:56:32     1000     37555    1.00    0.40    0.00    0.00    1.40     9  detdec
21:56:32     1000     37556    1.20    0.00    0.00    0.00    1.20    14  detdec
21:56:32     1000     37557    1.00    0.20    0.00    0.00    1.20     5  detdec
21:56:32     1000     37558    1.40    0.00    0.00    0.00    1.40     4  detdec
21:56:32     1000     37559    1.40    0.00    0.00    0.00    1.40    14  detdec
21:56:32     1000     37560    1.20    0.00    0.00    0.00    1.20     6  detdec
21:56:32     1000     37561    1.20    0.20    0.00    0.00    1.40     9  detdec
21:56:32     1000     37562    1.40    0.00    0.00    0.00    1.40     3  detdec
21:56:32     1000     37563    1.20    0.00    0.00    0.00    1.20     0  detdec
21:56:32     1000     37564    1.00    0.20    0.00    0.00    1.20     4  detdec
21:56:32     1000     37565    1.20    0.00    0.00    0.00    1.20     2  detdec
21:56:32     1000     37566    1.20    0.00    0.00    0.00    1.20    10  detdec

# Time        UID       PID    %usr %system  %guest   %wait    %CPU   CPU  Command
21:56:37     1000     19830    7.60    6.00    0.00    0.00   13.60    14  mediamtx
21:56:37     1000     19846    0.00    0.20    0.00    0.00    0.20     1  srcpub
21:56:37     1000     19847    0.00    0.20    0.00    0.00    0.20    10  srcpub
21:56:37     1000     19853    0.20    0.20    0.00    0.00    0.40     7  srcpub
21:56:37     1000     19855    0.20    0.20    0.00    0.00    0.40     2  srcpub
21:56:37     1000     19856    0.00    0.20    0.00    0.00    0.20    12  srcpub
21:56:37     1000     19857    0.20    0.00    0.00    0.00    0.20     4  srcpub
21:56:37     1000     19858    0.20    0.20    0.00    0.00    0.40    13  srcpub
21:56:37     1000     19860    0.20    0.20    0.00    0.00    0.40     3  srcpub
21:56:37     1000     19862    0.00    0.20    0.00    0.00    0.20     2  srcpub
21:56:37     1000     19863    0.00    0.20    0.00    0.00    0.20     4  srcpub
21:56:37     1000     19864    0.20    0.20    0.00    0.00    0.40     9  srcpub
21:56:37     1000     19865    0.20    0.20    0.00    0.00    0.40     4  srcpub
21:56:37     1000     19868    0.20    0.20    0.00    0.00    0.40    14  srcpub
21:56:37     1000     19874    0.20    0.20    0.00    0.00    0.40     4  srcpub
21:56:37     1000     19877    0.20    0.20    0.00    0.00    0.40     1  srcpub
21:56:37     1000     19878    0.20    0.00    0.00    0.00    0.20     7  srcpub
21:56:37     1000     19879    0.20    0.00    0.00    0.00    0.20     2  srcpub
21:56:37     1000     19881    0.00    0.20    0.00    0.00    0.20    11  srcpub
21:56:37     1000     19884    0.20    0.20    0.00    0.00    0.40    13  srcpub
21:56:37     1000     19885    0.20    0.00    0.00    0.00    0.20     2  srcpub
21:56:37     1000     19886    0.20    0.20    0.00    0.00    0.40     7  srcpub
21:56:37     1000     19894    0.20    0.40    0.00    0.00    0.60     8  srcpub
21:56:37     1000     29045    5.20    1.00    0.00    0.00    6.20     5  chrome
21:56:37     1000     29047    0.20    0.20    0.00    0.00    0.40     3  chrome
21:56:37     1000     29091   11.20    0.80    0.00    0.00   12.00    15  chrome
21:56:37      997     30965    0.60    0.40    0.00    0.00    1.00    12  ffmpeg
21:56:37      997     30966    0.40    0.20    0.00    0.00    0.60     6  ffmpeg
21:56:37      997     30967    0.20    0.00    0.00    0.00    0.20    11  ffmpeg
21:56:37      997     30968    0.20    0.20    0.00    0.00    0.40    14  ffmpeg
21:56:37      997     30969    0.20    0.00    0.00    0.00    0.20     3  ffmpeg
21:56:37      997     30970    0.40    0.00    0.00    0.00    0.40    11  ffmpeg
21:56:37      997     30971    0.20    0.20    0.00    0.00    0.40     7  ffmpeg
21:56:37      997     30972    0.20    0.00    0.00    0.00    0.20    10  ffmpeg
21:56:37      997     30973    0.20    0.20    0.00    0.00    0.40     6  ffmpeg
21:56:37      997     30974    0.20    0.00    0.00    0.00    0.20     4  ffmpeg
21:56:37      997     30975    0.20    0.20    0.00    0.00    0.40     1  ffmpeg
21:56:37      997     30976    0.20    0.20    0.00    0.00    0.40     1  ffmpeg
21:56:37      997     30977    0.20    0.20    0.00    0.00    0.40     4  ffmpeg
21:56:37      997     30978    0.20    0.00    0.00    0.00    0.20    10  ffmpeg
21:56:37      997     30979    0.20    0.00    0.00    0.00    0.20    10  ffmpeg
21:56:37      997     30980    0.00    0.40    0.00    0.00    0.40    15  ffmpeg
21:56:37      997     35582    0.40    0.20    0.00    0.00    0.60     3  ffmpeg
21:56:37      997     35583    0.20    0.00    0.00    0.00    0.20     1  ffmpeg
21:56:37      997     35584    0.20    0.00    0.00    0.00    0.20     0  ffmpeg
21:56:37      997     35585    0.20    0.00    0.00    0.00    0.20    12  ffmpeg
21:56:37      997     35586    0.20    0.20    0.00    0.00    0.40     8  ffmpeg
21:56:37      997     35587    0.20    0.00    0.00    0.00    0.20     8  ffmpeg
21:56:37      997     35588    0.00    0.20    0.00    0.00    0.20    10  ffmpeg
21:56:37      997     35589    0.20    0.00    0.00    0.00    0.20    15  ffmpeg
21:56:37      997     35590    0.20    0.00    0.00    0.00    0.20     0  ffmpeg
21:56:37     1000     37551    1.40    0.20    0.00    0.00    1.60    11  detdec
21:56:37     1000     37552    1.20    0.00    0.00    0.00    1.20     4  detdec
21:56:37     1000     37553    1.40    0.00    0.00    0.00    1.40     6  detdec
21:56:37     1000     37554    1.40    0.00    0.00    0.00    1.40    15  detdec
21:56:37     1000     37555    1.00    0.40    0.00    0.00    1.40    10  detdec
21:56:37     1000     37556    1.20    0.20    0.00    0.00    1.40    14  detdec
21:56:37     1000     37557    1.20    0.20    0.00    0.00    1.40    15  detdec
21:56:37     1000     37558    1.20    0.00    0.00    0.00    1.20    14  detdec
21:56:37     1000     37559    1.40    0.00    0.00    0.00    1.40    14  detdec
21:56:37     1000     37560    1.20    0.00    0.00    0.00    1.20     6  detdec
21:56:37     1000     37561    1.00    0.20    0.00    0.00    1.20    10  detdec
21:56:37     1000     37562    1.40    0.00    0.00    0.00    1.40    14  detdec
21:56:37     1000     37563    1.40    0.00    0.00    0.00    1.40     8  detdec
21:56:37     1000     37564    1.20    0.20    0.00    0.00    1.40     0  detdec
21:56:37     1000     37565    1.40    0.20    0.00    0.00    1.60     2  detdec
21:56:37     1000     37566    1.20    0.00    0.00    0.00    1.20    10  detdec

# Time        UID       PID    %usr %system  %guest   %wait    %CPU   CPU  Command
21:56:42     1000     19830    7.00    5.80    0.00    0.00   12.80    14  mediamtx
21:56:42     1000     19846    0.20    0.20    0.00    0.00    0.40     0  srcpub
21:56:42     1000     19847    0.20    0.20    0.00    0.00    0.40    12  srcpub
21:56:42     1000     19849    0.20    0.20    0.00    0.00    0.40     4  srcpub
21:56:42     1000     19850    0.20    0.00    0.00    0.00    0.20    15  srcpub
21:56:42     1000     19851    0.20    0.20    0.00    0.00    0.40    12  srcpub
21:56:42     1000     19853    0.00    0.20    0.00    0.00    0.20     8  srcpub
21:56:42     1000     19854    0.20    0.20    0.00    0.00    0.40    13  srcpub
21:56:42     1000     19855    0.00    0.20    0.00    0.00    0.20     6  srcpub
21:56:42     1000     19856    0.00    0.20    0.00    0.00    0.20    13  srcpub
21:56:42     1000     19857    0.20    0.20    0.00    0.00    0.40    13  srcpub
21:56:42     1000     19858    0.00    0.20    0.00    0.00    0.20     1  srcpub
21:56:42     1000     19860    0.00    0.20    0.00    0.00    0.20     2  srcpub
21:56:42     1000     19862    0.20    0.00    0.00    0.00    0.20    13  srcpub
21:56:42     1000     19863    0.20    0.20    0.00    0.00    0.40     4  srcpub
21:56:42     1000     19868    0.00    0.20    0.00    0.00    0.20    15  srcpub
21:56:42     1000     19877    0.00    0.20    0.00    0.00    0.20     1  srcpub
21:56:42     1000     19878    0.00    0.20    0.00    0.00    0.20    10  srcpub
21:56:42     1000     19879    0.00    0.20    0.00    0.00    0.20     1  srcpub
21:56:42     1000     19881    0.20    0.20    0.00    0.00    0.40    11  srcpub
21:56:42     1000     19882    0.20    0.20    0.00    0.00    0.40     8  srcpub
21:56:42     1000     19884    0.00    0.20    0.00    0.00    0.20    13  srcpub
21:56:42     1000     19885    0.00    0.20    0.00    0.00    0.20     3  srcpub
21:56:42     1000     19887    0.00    0.20    0.00    0.00    0.20     8  srcpub
21:56:42     1000     19894    0.20    0.00    0.00    0.00    0.20     6  srcpub
21:56:42     1000     28824    0.20    0.00    0.00    0.00    0.20    11  chrome
21:56:42     1000     29045    5.60    0.80    0.00    0.00    6.40     8  chrome
21:56:42     1000     29047    0.40    0.00    0.00    0.00    0.40     3  chrome
21:56:42     1000     29091   11.20    1.00    0.00    0.00   12.20     7  chrome
21:56:42      997     30965    0.40    0.20    0.00    0.00    0.60    14  ffmpeg
21:56:42      997     30966    0.60    0.20    0.00    0.00    0.80     7  ffmpeg
21:56:42      997     30967    0.20    0.20    0.00    0.00    0.40    11  ffmpeg
21:56:42      997     30968    0.20    0.00    0.00    0.00    0.20    14  ffmpeg
21:56:42      997     30969    0.40    0.20    0.00    0.00    0.60     2  ffmpeg
21:56:42      997     30970    0.20    0.20    0.00    0.00    0.40    15  ffmpeg
21:56:42      997     30971    0.20    0.20    0.00    0.00    0.40     7  ffmpeg
21:56:42      997     30972    0.20    0.20    0.00    0.00    0.40     6  ffmpeg
21:56:42      997     30973    0.20    0.20    0.00    0.00    0.40    11  ffmpeg
21:56:42      997     30974    0.20    0.20    0.00    0.00    0.40     6  ffmpeg
21:56:42      997     30975    0.00    0.20    0.00    0.00    0.20     5  ffmpeg
21:56:42      997     30976    0.20    0.20    0.00    0.00    0.40    14  ffmpeg
21:56:42      997     30977    0.20    0.20    0.00    0.00    0.40     7  ffmpeg
21:56:42      997     30978    0.20    0.20    0.00    0.00    0.40    15  ffmpeg
21:56:42      997     30979    0.20    0.20    0.00    0.00    0.40     0  ffmpeg
21:56:42      997     30980    0.00    0.20    0.00    0.00    0.20     0  ffmpeg
21:56:42      997     35582    0.60    0.20    0.00    0.00    0.80     5  ffmpeg
21:56:42      997     35583    0.00    0.20    0.00    0.00    0.20     2  ffmpeg
21:56:42      997     35584    0.20    0.20    0.00    0.00    0.40     5  ffmpeg
21:56:42      997     35586    0.20    0.00    0.00    0.00    0.20    15  ffmpeg
21:56:42      997     35587    0.20    0.00    0.00    0.00    0.20    11  ffmpeg
21:56:42      997     35588    0.20    0.00    0.00    0.00    0.20     4  ffmpeg
21:56:42      997     35589    0.20    0.00    0.00    0.00    0.20    15  ffmpeg
21:56:42      997     35590    0.20    0.20    0.00    0.00    0.40    11  ffmpeg
21:56:42     1000     37551    1.40    0.00    0.00    0.00    1.40     2  detdec
21:56:42     1000     37552    1.20    0.00    0.00    0.00    1.20     3  detdec
21:56:42     1000     37553    1.20    0.00    0.00    0.00    1.20     4  detdec
21:56:42     1000     37554    1.20    0.00    0.00    0.00    1.20    15  detdec
21:56:42     1000     37555    0.80    0.40    0.00    0.00    1.20    14  detdec
21:56:42     1000     37556    1.20    0.00    0.00    0.00    1.20    14  detdec
21:56:42     1000     37557    1.20    0.40    0.00    0.00    1.60     7  detdec
21:56:42     1000     37558    1.20    0.20    0.00    0.00    1.40     7  detdec
21:56:42     1000     37559    1.20    0.00    0.00    0.00    1.20     1  detdec
21:56:42     1000     37560    1.20    0.00    0.00    0.00    1.20     8  detdec
21:56:42     1000     37561    1.00    0.40    0.00    0.00    1.40    10  detdec
21:56:42     1000     37562    1.20    0.00    0.00    0.00    1.20     6  detdec
21:56:42     1000     37563    1.40    0.00    0.00    0.00    1.40    12  detdec
21:56:42     1000     37564    1.20    0.20    0.00    0.00    1.40     2  detdec
21:56:42     1000     37565    1.20    0.00    0.00    0.00    1.20    14  detdec
21:56:42     1000     37566    1.20    0.00    0.00    0.00    1.20    10  detdec

# Time        UID       PID    %usr %system  %guest   %wait    %CPU   CPU  Command
21:56:47     1000     19830    6.80    6.40    0.00    0.00   13.20    14  mediamtx
21:56:47     1000     19846    0.20    0.20    0.00    0.00    0.40     0  srcpub
21:56:47     1000     19847    0.20    0.00    0.00    0.00    0.20     3  srcpub
21:56:47     1000     19849    0.20    0.00    0.00    0.00    0.20     5  srcpub
21:56:47     1000     19850    0.00    0.20    0.00    0.00    0.20     2  srcpub
21:56:47     1000     19851    0.20    0.00    0.00    0.00    0.20    14  srcpub
21:56:47     1000     19853    0.20    0.20    0.00    0.00    0.40     8  srcpub
21:56:47     1000     19854    0.00    0.20    0.00    0.00    0.20    12  srcpub
21:56:47     1000     19855    0.20    0.20    0.00    0.00    0.40     6  srcpub
21:56:47     1000     19856    0.20    0.00    0.00    0.00    0.20    12  srcpub
21:56:47     1000     19857    0.20    0.00    0.00    0.00    0.20    13  srcpub
21:56:47     1000     19858    0.20    0.20    0.00    0.00    0.40    10  srcpub
21:56:47     1000     19862    0.00    0.20    0.00    0.00    0.20     3  srcpub
21:56:47     1000     19863    0.00    0.20    0.00    0.00    0.20     6  srcpub
21:56:47     1000     19864    0.20    0.20    0.00    0.00    0.40     9  srcpub
21:56:47     1000     19865    0.20    0.20    0.00    0.00    0.40     6  srcpub
21:56:47     1000     19868    0.00    0.20    0.00    0.00    0.20    15  srcpub
21:56:47     1000     19874    0.20    0.20    0.00    0.00    0.40     7  srcpub
21:56:47     1000     19877    0.20    0.20    0.00    0.00    0.40    15  srcpub
21:56:47     1000     19878    0.20    0.20    0.00    0.00    0.40     7  srcpub
21:56:47     1000     19879    0.20    0.00    0.00    0.00    0.20     1  srcpub
21:56:47     1000     19881    0.00    0.20    0.00    0.00    0.20     8  srcpub
21:56:47     1000     19882    0.00    0.20    0.00    0.00    0.20    12  srcpub
21:56:47     1000     19884    0.20    0.00    0.00    0.00    0.20     4  srcpub
21:56:47     1000     19885    0.20    0.20    0.00    0.00    0.40     5  srcpub
21:56:47     1000     19886    0.40    0.20    0.00    0.00    0.60     6  srcpub
21:56:47     1000     19887    0.20    0.20    0.00    0.00    0.40     3  srcpub
21:56:47     1000     19894    0.00    0.20    0.00    0.00    0.20     8  srcpub
21:56:47     1000     28824    0.00    0.20    0.00    0.00    0.20     0  chrome
21:56:47     1000     29045    5.60    0.80    0.00    0.00    6.40    15  chrome
21:56:47     1000     29047    0.20    0.20    0.00    0.00    0.40     3  chrome
21:56:47     1000     29091   11.40    1.00    0.00    0.00   12.40    11  chrome
21:56:47      997     30965    0.60    0.40    0.00    0.00    1.00     4  ffmpeg
21:56:47      997     30966    0.40    0.20    0.00    0.00    0.60    13  ffmpeg
21:56:47      997     30967    0.20    0.20    0.00    0.00    0.40    11  ffmpeg
21:56:47      997     30968    0.20    0.20    0.00    0.00    0.40     0  ffmpeg
21:56:47      997     30969    0.20    0.00    0.00    0.00    0.20    10  ffmpeg
21:56:47      997     30970    0.20    0.20    0.00    0.00    0.40     1  ffmpeg
21:56:47      997     30971    0.20    0.00    0.00    0.00    0.20     8  ffmpeg
21:56:47      997     30972    0.20    0.20    0.00    0.00    0.40    14  ffmpeg
21:56:47      997     30973    0.20    0.20    0.00    0.00    0.40    14  ffmpeg
21:56:47      997     30974    0.20    0.20    0.00    0.00    0.40     4  ffmpeg
21:56:47      997     30975    0.20    0.20    0.00    0.00    0.40     3  ffmpeg
21:56:47      997     30976    0.00    0.20    0.00    0.20    0.20     9  ffmpeg
21:56:47      997     30977    0.20    0.20    0.00    0.00    0.40     5  ffmpeg
21:56:47      997     30978    0.20    0.20    0.00    0.00    0.40    10  ffmpeg
21:56:47      997     30979    0.40    0.00    0.00    0.00    0.40     7  ffmpeg
21:56:47      997     30980    0.20    0.40    0.00    0.00    0.60    12  ffmpeg
21:56:47      997     35582    0.60    0.20    0.00    0.20    0.80     3  ffmpeg
21:56:47      997     35583    0.20    0.00    0.00    0.00    0.20     2  ffmpeg
21:56:47      997     35585    0.20    0.20    0.00    0.00    0.40     0  ffmpeg
21:56:47      997     35587    0.20    0.00    0.00    0.00    0.20    15  ffmpeg
21:56:47      997     35588    0.20    0.00    0.00    0.00    0.20     0  ffmpeg
21:56:47      997     35589    0.20    0.20    0.00    0.00    0.40     3  ffmpeg
21:56:47     1000     37551    1.20    0.20    0.00    0.00    1.40     8  detdec
21:56:47     1000     37552    1.40    0.00    0.00    0.00    1.40     4  detdec
21:56:47     1000     37553    1.40    0.00    0.00    0.00    1.40     4  detdec
21:56:47     1000     37554    1.40    0.20    0.00    0.00    1.60     5  detdec
21:56:47     1000     37555    1.00    0.40    0.00    0.00    1.40    10  detdec
21:56:47     1000     37556    1.40    0.00    0.00    0.00    1.40    15  detdec
21:56:47     1000     37557    1.20    0.20    0.00    0.00    1.40     0  detdec
21:56:47     1000     37558    1.40    0.00    0.00    0.00    1.40     1  detdec
21:56:47     1000     37559    1.40    0.00    0.00    0.00    1.40     6  detdec
21:56:47     1000     37560    1.20    0.00    0.00    0.00    1.20     8  detdec
21:56:47     1000     37561    1.00    0.20    0.00    0.00    1.20    15  detdec
21:56:47     1000     37562    1.40    0.00    0.00    0.00    1.40     9  detdec
21:56:47     1000     37563    1.40    0.00    0.00    0.00    1.40     1  detdec
21:56:47     1000     37564    1.00    0.20    0.00    0.00    1.20     8  detdec
21:56:47     1000     37565    1.40    0.20    0.00    0.00    1.60     7  detdec
21:56:47     1000     37566    1.20    0.00    0.00    0.00    1.20     8  detdec

# Time        UID       PID    %usr %system  %guest   %wait    %CPU   CPU  Command
21:56:52     1000     19830    6.80    6.20    0.00    0.00   13.00    14  mediamtx
21:56:52     1000     19846    0.20    0.00    0.00    0.00    0.20     1  srcpub
21:56:52     1000     19847    0.20    0.20    0.00    0.00    0.40    13  srcpub
21:56:52     1000     19849    0.00    0.20    0.00    0.00    0.20     4  srcpub
21:56:52     1000     19850    0.20    0.00    0.00    0.00    0.20    15  srcpub
21:56:52     1000     19851    0.00    0.20    0.00    0.00    0.20    14  srcpub
21:56:52     1000     19853    0.00    0.20    0.00    0.00    0.20     3  srcpub
21:56:52     1000     19854    0.20    0.00    0.00    0.00    0.20    13  srcpub
21:56:52     1000     19855    0.00    0.20    0.00    0.00    0.20     7  srcpub
21:56:52     1000     19856    0.00    0.20    0.00    0.00    0.20    13  srcpub
21:56:52     1000     19857    0.20    0.20    0.00    0.00    0.40    13  srcpub
21:56:52     1000     19858    0.00    0.20    0.00    0.00    0.20    11  srcpub
21:56:52     1000     19860    0.20    0.20    0.00    0.00    0.40     7  srcpub
21:56:52     1000     19862    0.20    0.20    0.00    0.00    0.40     2  srcpub
21:56:52     1000     19863    0.20    0.20    0.00    0.00    0.40     6  srcpub
21:56:52     1000     19864    0.20    0.00    0.00    0.00    0.20    14  srcpub
21:56:52     1000     19865    0.00    0.20    0.00    0.00    0.20     4  srcpub
21:56:52     1000     19868    0.20    0.00    0.00    0.00    0.20    15  srcpub
21:56:52     1000     19877    0.00    0.20    0.00    0.00    0.20     8  srcpub
21:56:52     1000     19878    0.00    0.20    0.00    0.00    0.20    10  srcpub
21:56:52     1000     19879    0.20    0.20    0.00    0.00    0.40     7  srcpub
21:56:52     1000     19881    0.00    0.20    0.00    0.00    0.20    11  srcpub
21:56:52     1000     19884    0.20    0.20    0.00    0.00    0.40     6  srcpub
21:56:52     1000     19885    0.00    0.20    0.00    0.00    0.20     6  srcpub
21:56:52     1000     19886    0.00    0.20    0.00    0.00    0.20     4  srcpub
21:56:52     1000     19894    0.20    0.20    0.00    0.00    0.40     2  srcpub
21:56:52     1000     29045    5.40    0.80    0.00    0.00    6.20    14  chrome
21:56:52     1000     29047    0.20    0.20    0.00    0.00    0.40     3  chrome
21:56:52     1000     29091   11.00    1.00    0.00    0.00   12.00     0  chrome
21:56:52      997     30965    0.60    0.20    0.00    0.00    0.80     8  ffmpeg
21:56:52      997     30966    0.60    0.20    0.00    0.00    0.80    15  ffmpeg
21:56:52      997     30967    0.20    0.00    0.00    0.00    0.20     7  ffmpeg
21:56:52      997     30968    0.20    0.20    0.00    0.00    0.40     5  ffmpeg
21:56:52      997     30969    0.20    0.20    0.00    0.00    0.40     2  ffmpeg
21:56:52      997     30970    0.20    0.20    0.00    0.00    0.40    13  ffmpeg
21:56:52      997     30971    0.20    0.20    0.00    0.00    0.40    10  ffmpeg
21:56:52      997     30972    0.20    0.20    0.00    0.00    0.40     6  ffmpeg
21:56:52      997     30973    0.20    0.00    0.00    0.00    0.20     0  ffmpeg
21:56:52      997     30974    0.20    0.20    0.00    0.00    0.40     4  ffmpeg
21:56:52      997     30975    0.20    0.20    0.00    0.00    0.40    11  ffmpeg
21:56:52      997     30976    0.20    0.20    0.00    0.00    0.40     6  ffmpeg
21:56:52      997     30977    0.20    0.20    0.00    0.00    0.40     4  ffmpeg
21:56:52      997     30978    0.20    0.00    0.00    0.00    0.20     0  ffmpeg
21:56:52      997     30979    0.20    0.20    0.00    0.00    0.40    11  ffmpeg
21:56:52      997     30980    0.20    0.20    0.00    0.00    0.40     3  ffmpeg
21:56:52      997     35582    0.60    0.20    0.00    0.00    0.80     7  ffmpeg
21:56:52      997     35583    0.20    0.20    0.00    0.00    0.40     9  ffmpeg
21:56:52      997     35584    0.20    0.00    0.00    0.00    0.20    15  ffmpeg
21:56:52      997     35585    0.20    0.00    0.00    0.00    0.20     0  ffmpeg
21:56:52      997     35586    0.40    0.00    0.00    0.00    0.40     6  ffmpeg
21:56:52      997     35587    0.00    0.20    0.00    0.00    0.20     9  ffmpeg
21:56:52      997     35588    0.00    0.20    0.00    0.00    0.20     7  ffmpeg
21:56:52      997     35589    0.20    0.00    0.00    0.00    0.20     3  ffmpeg
21:56:52      997     35590    0.20    0.00    0.00    0.00    0.20     0  ffmpeg
21:56:52     1000     37551    1.40    0.00    0.00    0.00    1.40     3  detdec
21:56:52     1000     37552    1.20    0.00    0.00    0.00    1.20     1  detdec
21:56:52     1000     37553    1.20    0.00    0.00    0.00    1.20     2  detdec
21:56:52     1000     37554    1.40    0.00    0.00    0.00    1.40     5  detdec
21:56:52     1000     37555    1.20    0.20    0.00    0.00    1.40     5  detdec
21:56:52     1000     37556    1.20    0.20    0.00    0.00    1.40    15  detdec
21:56:52     1000     37557    1.20    0.00    0.00    0.00    1.20     0  detdec
21:56:52     1000     37558    1.20    0.20    0.00    0.00    1.40     2  detdec
21:56:52     1000     37559    1.40    0.20    0.00    0.00    1.60    12  detdec
21:56:52     1000     37560    1.40    0.00    0.00    0.00    1.40    10  detdec
21:56:52     1000     37561    1.20    0.20    0.00    0.00    1.40     0  detdec
21:56:52     1000     37562    1.40    0.00    0.00    0.00    1.40     9  detdec
21:56:52     1000     37563    1.20    0.00    0.00    0.00    1.20     7  detdec
21:56:52     1000     37564    1.20    0.20    0.00    0.00    1.40     8  detdec
21:56:52     1000     37565    1.40    0.00    0.00    0.00    1.40    10  detdec
21:56:52     1000     37566    1.20    0.00    0.00    0.00    1.20     8  detdec

# Time        UID       PID    %usr %system  %guest   %wait    %CPU   CPU  Command
21:56:57     1000     19830    6.40    6.00    0.00    0.00   12.40    14  mediamtx
21:56:57     1000     19846    0.20    0.20    0.00    0.00    0.40     0  srcpub
21:56:57     1000     19849    0.20    0.20    0.00    0.00    0.40     4  srcpub
21:56:57     1000     19850    0.00    0.20    0.00    0.00    0.20    15  srcpub
21:56:57     1000     19851    0.20    0.20    0.00    0.00    0.40    12  srcpub
21:56:57     1000     19853    0.20    0.20    0.00    0.00    0.40     6  srcpub
21:56:57     1000     19854    0.20    0.00    0.00    0.00    0.20    11  srcpub
21:56:57     1000     19855    0.00    0.20    0.00    0.00    0.20     7  srcpub
21:56:57     1000     19856    0.00    0.20    0.00    0.00    0.20    12  srcpub
21:56:57     1000     19857    0.20    0.00    0.00    0.00    0.20    13  srcpub
21:56:57     1000     19858    0.20    0.20    0.00    0.00    0.40    12  srcpub
21:56:57     1000     19860    0.00    0.20    0.00    0.00    0.20     7  srcpub
21:56:57     1000     19862    0.00    0.20    0.00    0.00    0.20     2  srcpub
21:56:57     1000     19863    0.20    0.20    0.00    0.00    0.40     7  srcpub
21:56:57     1000     19864    0.00    0.20    0.00    0.00    0.20    10  srcpub
21:56:57     1000     19865    0.20    0.00    0.00    0.00    0.20     4  srcpub
21:56:57     1000     19868    0.00    0.20    0.00    0.00    0.20    14  srcpub
21:56:57     1000     19874    0.20    0.20    0.00    0.00    0.40     6  srcpub
21:56:57     1000     19877    0.00    0.20    0.00    0.00    0.20     5  srcpub
21:56:57     1000     19878    0.20    0.00    0.00    0.00    0.20    11  srcpub
21:56:57     1000     19879    0.00    0.20    0.00    0.00    0.20    10  srcpub
21:56:57     1000     19881    0.20    0.20    0.00    0.00    0.40    12  srcpub
21:56:57     1000     19882    0.20    0.20    0.00    0.00    0.40     8  srcpub
21:56:57     1000     19885    0.20    0.20    0.00    0.00    0.40     8  srcpub
21:56:57     1000     19886    0.00    0.20    0.00    0.00    0.20     6  srcpub
21:56:57     1000     19887    0.20    0.20    0.00    0.00    0.40     1  srcpub
21:56:57     1000     19894    0.00    0.20    0.00    0.00    0.20     6  srcpub
21:56:57     1000     26251    0.20    0.00    0.00    0.00    0.20    15  chrome
21:56:57     1000     29045    5.80    0.80    0.00    0.00    6.60     3  chrome
21:56:57     1000     29047    0.00    0.20    0.00    0.00    0.20     3  chrome
21:56:57     1000     29091   11.20    0.80    0.00    0.00   12.00     7  chrome
21:56:57      997     30965    0.80    0.40    0.00    0.00    1.20     9  ffmpeg
21:56:57      997     30966    0.40    0.40    0.00    0.00    0.80     1  ffmpeg
21:56:57      997     30967    0.20    0.20    0.00    0.00    0.40     9  ffmpeg
21:56:57      997     30968    0.00    0.20    0.00    0.00    0.20     6  ffmpeg
21:56:57      997     30969    0.20    0.20    0.00    0.00    0.40     2  ffmpeg
21:56:57      997     30970    0.20    0.20    0.00    0.00    0.40    15  ffmpeg
21:56:57      997     30971    0.20    0.20    0.00    0.00    0.40    10  ffmpeg
21:56:57      997     30972    0.20    0.00    0.00    0.00    0.20     0  ffmpeg
21:56:57      997     30973    0.20    0.20    0.00    0.00    0.40     2  ffmpeg
21:56:57      997     30974    0.20    0.00    0.00    0.00    0.20     3  ffmpeg
21:56:57      997     30975    0.00    0.20    0.00    0.00    0.20     9  ffmpeg
21:56:57      997     30976    0.20    0.20    0.00    0.00    0.40     1  ffmpeg
21:56:57      997     30977    0.20    0.00    0.00    0.00    0.20     4  ffmpeg
21:56:57      997     30978    0.20    0.20    0.00    0.00    0.40    15  ffmpeg
21:56:57      997     30979    0.20    0.00    0.00    0.00    0.20     0  ffmpeg
21:56:57      997     30980    0.00    0.20    0.00    0.00    0.20     2  ffmpeg
21:56:57      997     35582    0.40    0.20    0.00    0.00    0.60     3  ffmpeg
21:56:57      997     35584    0.20    0.20    0.00    0.00    0.40     0  ffmpeg
21:56:57      997     35585    0.20    0.00    0.00    0.00    0.20     4  ffmpeg
21:56:57      997     35586    0.00    0.20    0.00    0.00    0.20     7  ffmpeg
21:56:57      997     35587    0.20    0.20    0.00    0.00    0.40     2  ffmpeg
21:56:57      997     35588    0.20    0.20    0.00    0.00    0.40     2  ffmpeg
21:56:57      997     35589    0.20    0.00    0.00    0.00    0.20     3  ffmpeg
21:56:57      997     35590    0.20    0.00    0.00    0.00    0.20     9  ffmpeg
21:56:57     1000     37551    1.40    0.20    0.00    0.00    1.60     4  detdec
21:56:57     1000     37552    1.20    0.00    0.00    0.00    1.20    15  detdec
21:56:57     1000     37553    1.40    0.00    0.00    0.00    1.40    14  detdec
21:56:57     1000     37554    1.40    0.00    0.00    0.00    1.40    11  detdec
21:56:57     1000     37555    1.00    0.20    0.00    0.00    1.20    14  detdec
21:56:57     1000     37556    1.20    0.00    0.00    0.00    1.20    11  detdec
21:56:57     1000     37557    1.20    0.40    0.00    0.00    1.60    10  detdec
21:56:57     1000     37558    1.20    0.00    0.00    0.00    1.20     4  detdec
21:56:57     1000     37559    1.20    0.00    0.00    0.00    1.20    11  detdec
21:56:57     1000     37560    1.20    0.00    0.00    0.00    1.20    10  detdec
21:56:57     1000     37561    1.00    0.20    0.00    0.00    1.20     0  detdec
21:56:57     1000     37562    1.20    0.00    0.00    0.00    1.20     3  detdec
21:56:57     1000     37563    1.40    0.00    0.00    0.00    1.40     2  detdec
21:56:57     1000     37564    1.00    0.20    0.00    0.00    1.20    10  detdec
21:56:57     1000     37565    1.40    0.00    0.00    0.00    1.40    10  detdec
21:56:57     1000     37566    1.20    0.00    0.00    0.00    1.20     2  detdec

# Time        UID       PID    %usr %system  %guest   %wait    %CPU   CPU  Command
21:57:02     1000     19830    7.00    6.40    0.00    0.00   13.40    14  mediamtx
21:57:02     1000     19847    0.20    0.20    0.00    0.00    0.40     6  srcpub
21:57:02     1000     19850    0.20    0.00    0.00    0.00    0.20    15  srcpub
21:57:02     1000     19851    0.20    0.00    0.00    0.00    0.20    13  srcpub
21:57:02     1000     19853    0.20    0.20    0.00    0.00    0.40     8  srcpub
21:57:02     1000     19854    0.00    0.20    0.00    0.00    0.20    11  srcpub
21:57:02     1000     19855    0.20    0.20    0.00    0.00    0.40     8  srcpub
21:57:02     1000     19856    0.20    0.20    0.00    0.00    0.40    12  srcpub
21:57:02     1000     19857    0.20    0.00    0.00    0.00    0.20    13  srcpub
21:57:02     1000     19860    0.00    0.20    0.00    0.00    0.20     8  srcpub
21:57:02     1000     19862    0.20    0.20    0.00    0.00    0.40     4  srcpub
21:57:02     1000     19863    0.20    0.20    0.00    0.00    0.40    12  srcpub
21:57:02     1000     19864    0.20    0.00    0.00    0.00    0.20     1  srcpub
21:57:02     1000     19865    0.00    0.20    0.00    0.00    0.20     3  srcpub
21:57:02     1000     19868    0.20    0.20    0.00    0.00    0.40     5  srcpub
21:57:02     1000     19874    0.20    0.00    0.00    0.00    0.20     7  srcpub
21:57:02     1000     19877    0.20    0.00    0.00    0.00    0.20    12  srcpub
21:57:02     1000     19878    0.20    0.20    0.00    0.00    0.40    10  srcpub
21:57:02     1000     19879    0.20    0.20    0.00    0.00    0.40     8  srcpub
21:57:02     1000     19881    0.00    0.20    0.00    0.00    0.20     9  srcpub
21:57:02     1000     19882    0.00    0.20    0.00    0.20    0.20     8  srcpub
21:57:02     1000     19884    0.20    0.20    0.00    0.00    0.40    13  srcpub
21:57:02     1000     19885    0.00    0.20    0.00    0.00    0.20     8  srcpub
21:57:02     1000     19886    0.20    0.00    0.00    0.00    0.20     8  srcpub
21:57:02     1000     19887    0.00    0.20    0.00    0.00    0.20     1  srcpub
21:57:02     1000     19894    0.20    0.20    0.00    0.00    0.40     7  srcpub
21:57:02     1000     28824    0.20    0.00    0.00    0.00    0.20     2  chrome
21:57:02     1000     29045    5.60    1.00    0.00    0.20    6.60    14  chrome
21:57:02     1000     29047    0.20    0.20    0.00    0.00    0.40     3  chrome
21:57:02     1000     29091   11.60    1.00    0.00    0.00   12.60    14  chrome
21:57:02      997     30965    0.40    0.20    0.00    0.00    0.60    13  ffmpeg
21:57:02      997     30966    0.60    0.20    0.00    0.00    0.80     7  ffmpeg
21:57:02      997     30967    0.20    0.20    0.00    0.00    0.40     8  ffmpeg
21:57:02      997     30968    0.20    0.40    0.00    0.00    0.60     2  ffmpeg
21:57:02      997     30969    0.20    0.00    0.00    0.00    0.20     2  ffmpeg
21:57:02      997     30970    0.20    0.00    0.00    0.00    0.20    12  ffmpeg
21:57:02      997     30971    0.00    0.20    0.00    0.00    0.20    13  ffmpeg
21:57:02      997     30972    0.20    0.20    0.00    0.00    0.40    11  ffmpeg
21:57:02      997     30973    0.20    0.20    0.00    0.20    0.40     0  ffmpeg
21:57:02      997     30974    0.20    0.20    0.00    0.20    0.40    12  ffmpeg
21:57:02      997     30975    0.20    0.20    0.00    0.00    0.40     9  ffmpeg
21:57:02      997     30976    0.20    0.20    0.00    0.00    0.40     4  ffmpeg
21:57:02      997     30977    0.40    0.20    0.00    0.00    0.60    15  ffmpeg
21:57:02      997     30978    0.20    0.20    0.00    0.00    0.40     0  ffmpeg
21:57:02      997     30979    0.20    0.20    0.00    0.00    0.40    12  ffmpeg
21:57:02      997     30980    0.00    0.20    0.00    0.00    0.20     0  ffmpeg
21:57:02      997     35582    0.60    0.20    0.00    0.00    0.80     8  ffmpeg
21:57:02      997     35583    0.20    0.20    0.00    0.00    0.40     0  ffmpeg
21:57:02      997     35584    0.20    0.00    0.00    0.00    0.20     2  ffmpeg
21:57:02      997     35585    0.00    0.20    0.00    0.00    0.20     4  ffmpeg
21:57:02      997     35586    0.20    0.00    0.00    0.00    0.20     8  ffmpeg
21:57:02      997     35587    0.20    0.00    0.00    0.00    0.20     2  ffmpeg
21:57:02      997     35590    0.20    0.20    0.00    0.00    0.40     8  ffmpeg
21:57:02     1000     37551    1.40    0.00    0.00    0.00    1.40     2  detdec
21:57:02     1000     37552    1.40    0.00    0.00    0.00    1.40    15  detdec
21:57:02     1000     37553    1.20    0.00    0.00    0.00    1.20    14  detdec
21:57:02     1000     37554    1.40    0.00    0.00    0.00    1.40    14  detdec
21:57:02     1000     37555    1.40    0.20    0.00    0.20    1.60     1  detdec
21:57:02     1000     37556    1.20    0.20    0.00    0.00    1.40    15  detdec
21:57:02     1000     37557    1.20    0.00    0.00    0.00    1.20     7  detdec
21:57:02     1000     37558    1.40    0.00    0.00    0.00    1.40    14  detdec
21:57:02     1000     37559    1.40    0.00    0.00    0.00    1.40    12  detdec
21:57:02     1000     37560    1.20    0.00    0.00    0.00    1.20    12  detdec
21:57:02     1000     37561    1.20    0.20    0.00    0.00    1.40    14  detdec
21:57:02     1000     37562    1.40    0.00    0.00    0.00    1.40    11  detdec
21:57:02     1000     37563    1.40    0.00    0.00    0.00    1.40    14  detdec
21:57:02     1000     37564    1.20    0.20    0.00    0.00    1.40     7  detdec
21:57:02     1000     37565    1.40    0.20    0.00    0.00    1.60     0  detdec
21:57:02     1000     37566    1.40    0.20    0.00    0.00    1.60     1  detdec

# Time        UID       PID    %usr %system  %guest   %wait    %CPU   CPU  Command
21:57:07     1000     19830    7.20    5.60    0.00    0.00   12.80    14  mediamtx
21:57:07     1000     19846    0.40    0.00    0.00    0.00    0.40     7  srcpub
21:57:07     1000     19847    0.20    0.20    0.00    0.00    0.40     9  srcpub
21:57:07     1000     19849    0.20    0.20    0.00    0.00    0.40     0  srcpub
21:57:07     1000     19850    0.20    0.00    0.00    0.00    0.20    11  srcpub
21:57:07     1000     19851    0.20    0.20    0.00    0.00    0.40     8  srcpub
21:57:07     1000     19853    0.00    0.20    0.00    0.00    0.20     9  srcpub
21:57:07     1000     19854    0.20    0.00    0.00    0.00    0.20    12  srcpub
21:57:07     1000     19855    0.00    0.20    0.00    0.00    0.20     8  srcpub
21:57:07     1000     19857    0.00    0.20    0.00    0.00    0.20    12  srcpub
21:57:07     1000     19858    0.20    0.20    0.00    0.00    0.40    14  srcpub
21:57:07     1000     19860    0.20    0.20    0.00    0.00    0.40     9  srcpub
21:57:07     1000     19862    0.00    0.20    0.00    0.00    0.20    13  srcpub
21:57:07     1000     19863    0.20    0.00    0.00    0.00    0.20    12  srcpub
21:57:07     1000     19864    0.00    0.20    0.00    0.00    0.20     4  srcpub
21:57:07     1000     19865    0.20    0.20    0.00    0.00    0.40     4  srcpub
21:57:07     1000     19868    0.00    0.20    0.00    0.00    0.20    15  srcpub
21:57:07     1000     19874    0.00    0.20    0.00    0.00    0.20    12  srcpub
21:57:07     1000     19877    0.20    0.20    0.00    0.00    0.40     9  srcpub
21:57:07     1000     19881    0.20    0.00    0.00    0.00    0.20    11  srcpub
21:57:07     1000     19882    0.20    0.20    0.00    0.00    0.40     3  srcpub
21:57:07     1000     19885    0.20    0.20    0.00    0.00    0.40     5  srcpub
21:57:07     1000     19886    0.20    0.20    0.00    0.00    0.40     8  srcpub
21:57:07     1000     19887    0.00    0.20    0.00    0.00    0.20     1  srcpub
21:57:07     1000     19894    0.20    0.20    0.00    0.00    0.40    14  srcpub
21:57:07     1000     26207    0.00    0.20    0.00    0.00    0.20     6  chrome
21:57:07     1000     26251    0.00    0.20    0.00    0.00    0.20     0  chrome
21:57:07     1000     26326    0.20    0.00    0.00    0.00    0.20    14  chrome
21:57:07     1000     29045    5.80    0.80    0.00    0.00    6.60    14  chrome
21:57:07     1000     29047    0.20    0.20    0.00    0.00    0.40     3  chrome
21:57:07     1000     29091   11.60    0.80    0.00    0.00   12.40     2  chrome
21:57:07      997     30965    0.60    0.40    0.00    0.00    1.00     6  ffmpeg
21:57:07      997     30966    0.60    0.20    0.00    0.00    0.80     6  ffmpeg
21:57:07      997     30967    0.20    0.00    0.00    0.00    0.20     9  ffmpeg
21:57:07      997     30968    0.20    0.00    0.00    0.00    0.20    12  ffmpeg
21:57:07      997     30969    0.20    0.20    0.00    0.00    0.40     6  ffmpeg
21:57:07      997     30970    0.40    0.20    0.00    0.00    0.60    10  ffmpeg
21:57:07      997     30971    0.20    0.20    0.00    0.00    0.40    13  ffmpeg
21:57:07      997     30972    0.20    0.20    0.00    0.00    0.40    12  ffmpeg
21:57:07      997     30973    0.20    0.00    0.00    0.00    0.20     8  ffmpeg
21:57:07      997     30974    0.20    0.20    0.00    0.00    0.40    12  ffmpeg
21:57:07      997     30975    0.20    0.20    0.00    0.00    0.40    15  ffmpeg
21:57:07      997     30976    0.00    0.20    0.00    0.00    0.20     2  ffmpeg
21:57:07      997     30977    0.20    0.00    0.00    0.00    0.20     0  ffmpeg
21:57:07      997     30978    0.20    0.20    0.00    0.00    0.40     0  ffmpeg
21:57:07      997     30979    0.20    0.20    0.00    0.00    0.40     4  ffmpeg
21:57:07      997     30980    0.00    0.40    0.00    0.00    0.40     4  ffmpeg
21:57:07      997     35582    0.40    0.20    0.00    0.00    0.60    12  ffmpeg
21:57:07      997     35583    0.20    0.00    0.00    0.00    0.20     7  ffmpeg
21:57:07      997     35584    0.00    0.20    0.00    0.00    0.20     3  ffmpeg
21:57:07      997     35585    0.20    0.00    0.00    0.00    0.20    15  ffmpeg
21:57:07      997     35586    0.20    0.00    0.00    0.00    0.20     0  ffmpeg
21:57:07      997     35588    0.20    0.20    0.00    0.00    0.40    15  ffmpeg
21:57:07      997     35589    0.20    0.20    0.00    0.00    0.40     9  ffmpeg
21:57:07      997     35590    0.20    0.00    0.00    0.00    0.20     6  ffmpeg
21:57:07     1000     37551    1.20    0.20    0.00    0.00    1.40     9  detdec
21:57:07     1000     37552    1.20    0.00    0.00    0.00    1.20    15  detdec
21:57:07     1000     37553    1.40    0.00    0.00    0.00    1.40    14  detdec
21:57:07     1000     37554    1.40    0.00    0.00    0.00    1.40    11  detdec
21:57:07     1000     37555    1.00    0.00    0.00    0.00    1.00     2  detdec
21:57:07     1000     37556    1.20    0.00    0.00    0.00    1.20     2  detdec
21:57:07     1000     37557    1.20    0.40    0.00    0.00    1.60    15  detdec
21:57:07     1000     37558    1.20    0.20    0.00    0.00    1.40     1  detdec
21:57:07     1000     37559    1.40    0.00    0.00    0.00    1.40    12  detdec
21:57:07     1000     37560    1.20    0.00    0.00    0.00    1.20    12  detdec
21:57:07     1000     37561    1.00    0.20    0.00    0.00    1.20    13  detdec
21:57:07     1000     37562    1.40    0.20    0.00    0.00    1.60     0  detdec
21:57:07     1000     37563    1.40    0.00    0.00    0.00    1.40    13  detdec
21:57:07     1000     37564    1.20    0.20    0.00    0.00    1.40     8  detdec
21:57:07     1000     37565    1.20    0.00    0.00    0.00    1.20    14  detdec
21:57:07     1000     37566    1.20    0.00    0.00    0.00    1.20     1  detdec

# Time        UID       PID    %usr %system  %guest   %wait    %CPU   CPU  Command
21:57:12     1000     19830    7.80    5.80    0.00    0.00   13.60    14  mediamtx
21:57:12     1000     19846    0.00    0.20    0.00    0.00    0.20     7  srcpub
21:57:12     1000     19847    0.00    0.20    0.00    0.00    0.20     6  srcpub
21:57:12     1000     19849    0.00    0.20    0.00    0.00    0.20     2  srcpub
21:57:12     1000     19850    0.00    0.20    0.00    0.00    0.20    15  srcpub
21:57:12     1000     19851    0.20    0.00    0.00    0.00    0.20     8  srcpub
21:57:12     1000     19853    0.20    0.00    0.00    0.00    0.20    11  srcpub
21:57:12     1000     19854    0.00    0.20    0.00    0.00    0.20     0  srcpub
21:57:12     1000     19855    0.00    0.20    0.00    0.00    0.20     8  srcpub
21:57:12     1000     19856    0.00    0.20    0.00    0.00    0.20    15  srcpub
21:57:12     1000     19857    0.20    0.00    0.00    0.00    0.20     4  srcpub
21:57:12     1000     19858    0.20    0.20    0.00    0.00    0.40    14  srcpub
21:57:12     1000     19860    0.00    0.20    0.00    0.00    0.20     8  srcpub
21:57:12     1000     19862    0.20    0.00    0.00    0.00    0.20    10  srcpub
21:57:12     1000     19863    0.00    0.20    0.00    0.00    0.20    12  srcpub
21:57:12     1000     19864    0.20    0.00    0.00    0.00    0.20     2  srcpub
21:57:12     1000     19865    0.00    0.20    0.00    0.00    0.20     6  srcpub
21:57:12     1000     19868    0.20    0.20    0.00    0.00    0.40    15  srcpub
21:57:12     1000     19874    0.20    0.00    0.00    0.00    0.20    11  srcpub
21:57:12     1000     19877    0.00    0.20    0.00    0.00    0.20    12  srcpub
21:57:12     1000     19878    0.00    0.20    0.00    0.00    0.20    11  srcpub
21:57:12     1000     19879    0.20    0.20    0.00    0.00    0.40    15  srcpub
21:57:12     1000     19881    0.20    0.20    0.00    0.00    0.40     0  srcpub
21:57:12     1000     19884    0.20    0.20    0.00    0.00    0.40    13  srcpub
21:57:12     1000     19886    0.00    0.20    0.00    0.00    0.20    13  srcpub
21:57:12     1000     19887    0.20    0.00    0.00    0.00    0.20     8  srcpub
21:57:12     1000     19894    0.20    0.00    0.00    0.00    0.20     7  srcpub
21:57:12     1000     26207    0.20    0.00    0.00    0.00    0.20     7  chrome
21:57:12     1000     29045    5.80    0.80    0.00    0.00    6.60     2  chrome
21:57:12     1000     29047    0.20    0.20    0.00    0.00    0.40     3  chrome
21:57:12     1000     29091   11.40    0.80    0.00    0.00   12.20     4  chrome
21:57:12      997     30965    0.60    0.20    0.00    0.00    0.80     7  ffmpeg
21:57:12      997     30966    0.40    0.20    0.00    0.00    0.60     7  ffmpeg
21:57:12      997     30967    0.20    0.20    0.00    0.00    0.40    11  ffmpeg
21:57:12      997     30968    0.20    0.20    0.00    0.00    0.40    12  ffmpeg
21:57:12      997     30969    0.20    0.20    0.00    0.00    0.40     5  ffmpeg
21:57:12      997     30970    0.20    0.20    0.00    0.00    0.40    12  ffmpeg
21:57:12      997     30971    0.20    0.20    0.00    0.00    0.40    13  ffmpeg
21:57:12      997     30972    0.20    0.00    0.00    0.00    0.20    12  ffmpeg
21:57:12      997     30973    0.20    0.20    0.00    0.00    0.40    14  ffmpeg
21:57:12      997     30974    0.20    0.00    0.00    0.00    0.20    14  ffmpeg
21:57:12      997     30975    0.00    0.20    0.00    0.00    0.20    15  ffmpeg
21:57:12      997     30976    0.40    0.20    0.00    0.00    0.60     1  ffmpeg
21:57:12      997     30977    0.20    0.20    0.00    0.00    0.40     3  ffmpeg
21:57:12      997     30978    0.20    0.00    0.00    0.00    0.20    10  ffmpeg
21:57:12      997     30979    0.40    0.00    0.00    0.00    0.40    14  ffmpeg
21:57:12      997     30980    0.00    0.40    0.00    0.00    0.40    13  ffmpeg
21:57:12      997     35582    0.40    0.20    0.00    0.00    0.60    14  ffmpeg
21:57:12      997     35583    0.20    0.00    0.00    0.00    0.20    12  ffmpeg
21:57:12      997     35584    0.20    0.00    0.00    0.00    0.20     1  ffmpeg
21:57:12      997     35585    0.20    0.20    0.00    0.00    0.40    15  ffmpeg
21:57:12      997     35586    0.20    0.20    0.00    0.00    0.40     0  ffmpeg
21:57:12      997     35587    0.20    0.20    0.00    0.00    0.40    11  ffmpeg
21:57:12      997     35588    0.20    0.00    0.00    0.00    0.20    14  ffmpeg
21:57:12      997     35589    0.20    0.00    0.00    0.00    0.20    15  ffmpeg
21:57:12      997     35590    0.20    0.00    0.00    0.00    0.20    10  ffmpeg
21:57:12     1000     37551    1.40    0.00    0.00    0.00    1.40     2  detdec
21:57:12     1000     37552    1.20    0.00    0.00    0.00    1.20     6  detdec
21:57:12     1000     37553    1.20    0.00    0.00    0.00    1.20    11  detdec
21:57:12     1000     37554    1.40    0.00    0.00    0.00    1.40    15  detdec
21:57:12     1000     37555    1.20    0.20    0.00    0.00    1.40     1  detdec
21:57:12     1000     37556    1.40    0.20    0.00    0.00    1.60     6  detdec
21:57:12     1000     37557    1.20    0.20    0.00    0.00    1.40    14  detdec
21:57:12     1000     37558    1.20    0.00    0.00    0.00    1.20    14  detdec
21:57:12     1000     37559    1.20    0.00    0.00    0.00    1.20     2  detdec
21:57:12     1000     37560    1.40    0.00    0.00    0.00    1.40     6  detdec
21:57:12     1000     37561    1.20    0.00    0.00    0.00    1.20    13  detdec
21:57:12     1000     37562    1.40    0.00    0.00    0.00    1.40    15  detdec
21:57:12     1000     37563    1.40    0.00    0.00    0.00    1.40     4  detdec
21:57:12     1000     37564    1.20    0.20    0.00    0.00    1.40     4  detdec
21:57:12     1000     37565    1.40    0.20    0.00    0.00    1.60     1  detdec
21:57:12     1000     37566    1.20    0.00    0.00    0.00    1.20     4  detdec

# Time        UID       PID    %usr %system  %guest   %wait    %CPU   CPU  Command
21:57:17     1000     19830    7.00    6.00    0.00    0.00   13.00    14  mediamtx
21:57:17     1000     19846    0.20    0.20    0.00    0.00    0.40     9  srcpub
21:57:17     1000     19847    0.20    0.00    0.00    0.00    0.20     4  srcpub
21:57:17     1000     19849    0.20    0.00    0.00    0.00    0.20     2  srcpub
21:57:17     1000     19850    0.20    0.00    0.00    0.00    0.20    15  srcpub
21:57:17     1000     19851    0.00    0.20    0.00    0.00    0.20     8  srcpub
21:57:17     1000     19853    0.00    0.40    0.00    0.00    0.40    11  srcpub
21:57:17     1000     19854    0.20    0.00    0.00    0.00    0.20     0  srcpub
21:57:17     1000     19855    0.20    0.20    0.00    0.00    0.40     7  srcpub
21:57:17     1000     19856    0.20    0.20    0.00    0.00    0.40    13  srcpub
21:57:17     1000     19857    0.20    0.00    0.00    0.00    0.20    13  srcpub
21:57:17     1000     19858    0.00    0.20    0.00    0.00    0.20    10  srcpub
21:57:17     1000     19860    0.20    0.00    0.00    0.00    0.20     9  srcpub
21:57:17     1000     19862    0.20    0.20    0.00    0.00    0.40     8  srcpub
21:57:17     1000     19863    0.20    0.20    0.00    0.00    0.40    12  srcpub
21:57:17     1000     19864    0.20    0.20    0.00    0.00    0.40     4  srcpub
21:57:17     1000     19865    0.00    0.20    0.00    0.00    0.20     7  srcpub
21:57:17     1000     19874    0.20    0.20    0.00    0.00    0.40    12  srcpub
21:57:17     1000     19877    0.00    0.20    0.00    0.00    0.20     6  srcpub
21:57:17     1000     19878    0.20    0.20    0.00    0.00    0.40    11  srcpub
21:57:17     1000     19879    0.00    0.20    0.00    0.00    0.20     7  srcpub
21:57:17     1000     19881    0.00    0.20    0.00    0.00    0.20     1  srcpub
21:57:17     1000     19882    0.20    0.20    0.00    0.00    0.40     2  srcpub
21:57:17     1000     19884    0.00    0.20    0.00    0.00    0.20    13  srcpub
21:57:17     1000     19885    0.20    0.20    0.00    0.00    0.40     6  srcpub
21:57:17     1000     19886    0.20    0.00    0.00    0.00    0.20    13  srcpub
21:57:17     1000     19887    0.00    0.20    0.00    0.00    0.20     8  srcpub
21:57:17     1000     19894    0.20    0.20    0.00    0.00    0.40     7  srcpub
21:57:17     1000     28824    0.20    0.20    0.00    0.00    0.40     7  chrome
21:57:17     1000     29045    5.60    1.00    0.00    0.00    6.60    14  chrome
21:57:17     1000     29047    0.20    0.00    0.00    0.00    0.20     7  chrome
21:57:17     1000     29091   11.20    1.00    0.00    0.00   12.20     4  chrome
21:57:17      997     30965    0.80    0.20    0.00    0.00    1.00     3  ffmpeg
21:57:17      997     30966    0.60    0.20    0.00    0.00    0.80     5  ffmpeg
21:57:17      997     30967    0.20    0.20    0.00    0.00    0.40    11  ffmpeg
21:57:17      997     30968    0.00    0.20    0.00    0.00    0.20    12  ffmpeg
21:57:17      997     30969    0.20    0.00    0.00    0.00    0.20     8  ffmpeg
21:57:17      997     30970    0.20    0.00    0.00    0.00    0.20     0  ffmpeg
21:57:17      997     30971    0.00    0.20    0.00    0.00    0.20    13  ffmpeg
21:57:17      997     30972    0.20    0.20    0.00    0.00    0.40    12  ffmpeg
21:57:17      997     30973    0.20    0.20    0.00    0.00    0.40    12  ffmpeg
21:57:17      997     30974    0.20    0.20    0.00    0.00    0.40    15  ffmpeg
21:57:17      997     30975    0.00    0.20    0.00    0.00    0.20     0  ffmpeg
21:57:17      997     30976    0.00    0.20    0.00    0.00    0.20     0  ffmpeg
21:57:17      997     30977    0.20    0.20    0.00    0.00    0.40     5  ffmpeg
21:57:17      997     30978    0.20    0.20    0.00    0.00    0.40    10  ffmpeg
21:57:17      997     30979    0.20    0.20    0.00    0.00    0.40    10  ffmpeg
21:57:17      997     30980    0.40    0.00    0.00    0.00    0.40    15  ffmpeg
21:57:17      997     35582    0.60    0.20    0.00    0.00    0.80     6  ffmpeg
21:57:17      997     35583    0.20    0.20    0.00    0.00    0.40     0  ffmpeg
21:57:17      997     35584    0.00    0.20    0.00    0.00    0.20     7  ffmpeg
21:57:17      997     35586    0.20    0.00    0.00    0.00    0.20     0  ffmpeg
21:57:17      997     35587    0.00    0.20    0.00    0.00    0.20     7  ffmpeg
21:57:17      997     35588    0.20    0.00    0.00    0.00    0.20    13  ffmpeg
21:57:17      997     35589    0.20    0.00    0.00    0.00    0.20    15  ffmpeg
21:57:17      997     35590    0.00    0.20    0.00    0.00    0.20    13  ffmpeg
21:57:17     1000     37551    1.40    0.20    0.00    0.00    1.60    12  detdec
21:57:17     1000     37552    1.20    0.00    0.00    0.00    1.20     3  detdec
21:57:17     1000     37553    1.40    0.00    0.00    0.00    1.40    13  detdec
21:57:17     1000     37554    1.40    0.00    0.00    0.00    1.40    15  detdec
21:57:17     1000     37555    1.20    0.40    0.00    0.00    1.60     6  detdec
21:57:17     1000     37556    1.20    0.00    0.00    0.00    1.20     7  detdec
21:57:17     1000     37557    1.00    0.40    0.00    0.00    1.40    12  detdec
21:57:17     1000     37558    1.20    0.20    0.00    0.00    1.40     6  detdec
21:57:17     1000     37559    1.40    0.00    0.00    0.00    1.40     1  detdec
21:57:17     1000     37560    1.20    0.00    0.00    0.00    1.20    10  detdec
21:57:17     1000     37561    1.20    0.20    0.00    0.00    1.40    14  detdec
21:57:17     1000     37562    1.20    0.00    0.00    0.00    1.20    15  detdec
21:57:17     1000     37563    1.40    0.00    0.00    0.00    1.40     2  detdec
21:57:17     1000     37564    1.00    0.20    0.00    0.00    1.20     6  detdec
21:57:17     1000     37565    1.40    0.20    0.00    0.00    1.60     1  detdec
21:57:17     1000     37566    1.40    0.00    0.00    0.00    1.40    10  detdec

# Time        UID       PID    %usr %system  %guest   %wait    %CPU   CPU  Command
21:57:22     1000     19830    7.00    6.00    0.00    0.00   13.00    14  mediamtx
21:57:22     1000     19846    0.20    0.20    0.00    0.00    0.40     8  srcpub
21:57:22     1000     19847    0.00    0.20    0.00    0.00    0.20     4  srcpub
21:57:22     1000     19849    0.20    0.20    0.00    0.00    0.40    15  srcpub
21:57:22     1000     19850    0.00    0.20    0.00    0.00    0.20    15  srcpub
21:57:22     1000     19851    0.20    0.00    0.00    0.00    0.20    13  srcpub
21:57:22     1000     19853    0.20    0.00    0.00    0.00    0.20    12  srcpub
21:57:22     1000     19854    0.00    0.20    0.00    0.00    0.20     0  srcpub
21:57:22     1000     19855    0.00    0.20    0.00    0.00    0.20     8  srcpub
21:57:22     1000     19856    0.00    0.20    0.00    0.00    0.20     1  srcpub
21:57:22     1000     19857    0.20    0.20    0.00    0.00    0.40    14  srcpub
21:57:22     1000     19858    0.20    0.20    0.00    0.00    0.40    10  srcpub
21:57:22     1000     19860    0.00    0.20    0.00    0.00    0.20     9  srcpub
21:57:22     1000     19862    0.00    0.20    0.00    0.00    0.20     8  srcpub
21:57:22     1000     19863    0.00    0.40    0.00    0.00    0.40    12  srcpub
21:57:22     1000     19864    0.20    0.00    0.00    1.00    0.20     5  srcpub
21:57:22     1000     19865    0.20    0.00    0.00    0.00    0.20     7  srcpub
21:57:22     1000     19868    0.20    0.20    0.00    0.00    0.40    15  srcpub
21:57:22     1000     19877    0.20    0.00    0.00    0.00    0.20     0  srcpub
21:57:22     1000     19878    0.20    0.20    0.00    0.00    0.40     9  srcpub
21:57:22     1000     19879    0.20    0.20    0.00    0.00    0.40     7  srcpub
21:57:22     1000     19881    0.20    0.20    0.00    0.00    0.40    14  srcpub
21:57:22     1000     19882    0.00    0.20    0.00    0.00    0.20     2  srcpub
21:57:22     1000     19884    0.20    0.00    0.00    0.00    0.20     4  srcpub
21:57:22     1000     19885    0.20    0.20    0.00    0.00    0.40     6  srcpub
21:57:22     1000     19886    0.20    0.20    0.00    0.00    0.40    11  srcpub
21:57:22     1000     19887    0.20    0.20    0.00    0.00    0.40     1  srcpub
21:57:22     1000     19894    0.00    0.20    0.00    0.00    0.20     2  srcpub
21:57:22     1000     29045    5.60    0.80    0.00    0.00    6.40    11  chrome
21:57:22     1000     29047    0.20    0.20    0.00    0.00    0.40     5  chrome
21:57:22     1000     29091   11.60    0.80    0.00    0.00   12.40     5  chrome
21:57:22      997     30965    0.40    0.40    0.00    0.00    0.80     6  ffmpeg
21:57:22      997     30966    0.60    0.20    0.00    0.00    0.80    14  ffmpeg
21:57:22      997     30967    0.20    0.20    0.00    0.00    0.40    11  ffmpeg
21:57:22      997     30968    0.20    0.20    0.00    0.00    0.40     8  ffmpeg
21:57:22      997     30969    0.20    0.20    0.00    0.00    0.40     8  ffmpeg
21:57:22      997     30970    0.20    0.20    0.00    0.00    0.40    14  ffmpeg
21:57:22      997     30971    0.00    0.40    0.00    0.00    0.40     9  ffmpeg
21:57:22      997     30972    0.20    0.20    0.00    0.00    0.40    12  ffmpeg
21:57:22      997     30973    0.40    0.20    0.00    0.00    0.60     4  ffmpeg
21:57:22      997     30974    0.20    0.20    0.00    0.00    0.40    14  ffmpeg
21:57:22      997     30975    0.20    0.40    0.00    0.00    0.60     0  ffmpeg
21:57:22      997     30976    0.20    0.20    0.00    0.00    0.40     8  ffmpeg
21:57:22      997     30977    0.00    0.20    0.00    0.00    0.20     5  ffmpeg
21:57:22      997     30978    0.20    0.20    0.00    0.00    0.40    11  ffmpeg
21:57:22      997     30979    0.20    0.00    0.00    0.00    0.20     0  ffmpeg
21:57:22      997     30980    0.20    0.20    0.00    0.00    0.40     9  ffmpeg
21:57:22      997     35582    0.40    0.20    0.00    0.00    0.60     0  ffmpeg
21:57:22      997     35584    0.20    0.00    0.00    0.00    0.20     2  ffmpeg
21:57:22      997     35585    0.20    0.00    0.00    0.00    0.20     0  ffmpeg
21:57:22      997     35586    0.20    0.00    0.00    0.00    0.20     4  ffmpeg
21:57:22      997     35587    0.20    0.00    0.00    0.00    0.20     8  ffmpeg
21:57:22      997     35588    0.20    0.20    0.00    0.00    0.40    14  ffmpeg
21:57:22      997     35589    0.00    0.20    0.00    0.00    0.20    15  ffmpeg
21:57:22      997     35590    0.20    0.00    0.00    0.00    0.20    11  ffmpeg
21:57:22     1000     37551    1.40    0.20    0.00    0.00    1.60     0  detdec
21:57:22     1000     37552    1.20    0.00    0.00    0.00    1.20     0  detdec
21:57:22     1000     37553    1.20    0.00    0.00    0.00    1.20    13  detdec
21:57:22     1000     37554    1.60    0.20    0.00    0.00    1.80     7  detdec
21:57:22     1000     37555    1.00    0.20    0.00    0.00    1.20     6  detdec
21:57:22     1000     37556    1.20    0.00    0.00    0.00    1.20     8  detdec
21:57:22     1000     37557    1.00    0.60    0.00    0.00    1.60     1  detdec
21:57:22     1000     37558    1.40    0.00    0.00    0.00    1.40     0  detdec
21:57:22     1000     37559    1.40    0.20    0.00    0.00    1.60    10  detdec
21:57:22     1000     37560    1.40    0.00    0.00    0.00    1.40    12  detdec
21:57:22     1000     37561    1.00    0.20    0.00    0.00    1.20     9  detdec
21:57:22     1000     37562    1.40    0.00    0.00    0.00    1.40    15  detdec
21:57:22     1000     37563    1.40    0.00    0.00    0.00    1.40     9  detdec
21:57:22     1000     37564    1.20    0.20    0.00    0.00    1.40     0  detdec
21:57:22     1000     37565    1.40    0.00    0.00    0.00    1.40     0  detdec
21:57:22     1000     37566    1.20    0.00    0.00    0.00    1.20     9  detdec

# Time        UID       PID    %usr %system  %guest   %wait    %CPU   CPU  Command
21:57:27     1000     19830    7.00    6.40    0.00    0.00   13.40    14  mediamtx
21:57:27     1000     19846    0.00    0.20    0.00    0.00    0.20     6  srcpub
21:57:27     1000     19847    0.00    0.40    0.00    0.00    0.40     7  srcpub
21:57:27     1000     19849    0.20    0.00    0.00    0.00    0.20    15  srcpub
21:57:27     1000     19850    0.20    0.00    0.00    0.00    0.20    15  srcpub
21:57:27     1000     19851    0.20    0.20    0.00    0.00    0.40    13  srcpub
21:57:27     1000     19853    0.00    0.20    0.00    0.00    0.20    12  srcpub
21:57:27     1000     19854    0.20    0.00    0.00    0.00    0.20     0  srcpub
21:57:27     1000     19855    0.00    0.20    0.00    0.00    0.20     9  srcpub
21:57:27     1000     19856    0.20    0.00    0.00    0.00    0.20     3  srcpub
21:57:27     1000     19857    0.20    0.20    0.00    0.00    0.40     3  srcpub
21:57:27     1000     19858    0.00    0.20    0.00    0.00    0.20    12  srcpub
21:57:27     1000     19860    0.20    0.20    0.00    0.00    0.40    11  srcpub
21:57:27     1000     19862    0.20    0.20    0.00    0.00    0.40     3  srcpub
21:57:27     1000     19863    0.20    0.00    0.00    0.00    0.20     3  srcpub
21:57:27     1000     19864    0.00    0.20    0.00    0.00    0.20    10  srcpub
21:57:27     1000     19865    0.00    0.20    0.00    0.00    0.20     6  srcpub
21:57:27     1000     19868    0.00    0.20    0.00    0.00    0.20    12  srcpub
21:57:27     1000     19874    0.20    0.20    0.00    0.00    0.40     2  srcpub
21:57:27     1000     19877    0.20    0.20    0.00    0.00    0.40     1  srcpub
21:57:27     1000     19879    0.00    0.20    0.00    0.00    0.20    11  srcpub
21:57:27     1000     19881    0.00    0.20    0.00    0.00    0.20    11  srcpub
21:57:27     1000     19882    0.20    0.20    0.00    0.00    0.40    12  srcpub
21:57:27     1000     19884    0.00    0.20    0.00    0.00    0.20     4  srcpub
21:57:27     1000     19885    0.20    0.00    0.00    0.00    0.20     4  srcpub
21:57:27     1000     19886    0.20    0.00    0.00    0.00    0.20    13  srcpub
21:57:27     1000     19894    0.20    0.20    0.00    0.00    0.40     3  srcpub
21:57:27     1000     29045    6.00    0.80    0.00    0.00    6.80     7  chrome
21:57:27     1000     29047    0.20    0.20    0.00    0.00    0.40     5  chrome
21:57:27     1000     29091   11.80    1.00    0.00    0.00   12.80     6  chrome
21:57:27      997     30965    0.60    0.40    0.00    0.00    1.00     0  ffmpeg
21:57:27      997     30966    0.40    0.20    0.00    0.00    0.60     4  ffmpeg
21:57:27      997     30967    0.20    0.20    0.00    0.00    0.40     7  ffmpeg
21:57:27      997     30968    0.20    0.40    0.00    0.00    0.60     6  ffmpeg
21:57:27      997     30969    0.20    0.20    0.00    0.00    0.40     9  ffmpeg
21:57:27      997     30970    0.40    0.20    0.00    0.00    0.60    12  ffmpeg
21:57:27      997     30971    0.20    0.20    0.00    0.00    0.40     9  ffmpeg
21:57:27      997     30972    0.20    0.00    0.00    0.00    0.20     3  ffmpeg
21:57:27      997     30973    0.00    0.20    0.00    0.00    0.20    11  ffmpeg
21:57:27      997     30974    0.20    0.00    0.00    0.00    0.20     8  ffmpeg
21:57:27      997     30975    0.20    0.00    0.00    0.00    0.20    15  ffmpeg
21:57:27      997     30976    0.20    0.20    0.00    0.00    0.40    12  ffmpeg
21:57:27      997     30977    0.20    0.20    0.00    0.00    0.40     0  ffmpeg
21:57:27      997     30978    0.20    0.00    0.00    0.00    0.20    11  ffmpeg
21:57:27      997     30979    0.20    0.20    0.00    0.00    0.40     7  ffmpeg
21:57:27      997     30980    0.20    0.20    0.00    0.00    0.40     2  ffmpeg
21:57:27      997     35582    0.40    0.20    0.00    0.00    0.60    13  ffmpeg
21:57:27      997     35583    0.20    0.00    0.00    0.00    0.20     7  ffmpeg
21:57:27      997     35584    0.20    0.20    0.00    0.00    0.40     5  ffmpeg
21:57:27      997     35585    0.20    0.20    0.00    0.00    0.40     0  ffmpeg
21:57:27      997     35587    0.20    0.00    0.00    0.00    0.20    13  ffmpeg
21:57:27      997     35588    0.20    0.00    0.00    0.00    0.20     1  ffmpeg
21:57:27      997     35589    0.20    0.00    0.00    0.00    0.20     0  ffmpeg
21:57:27      997     35590    0.20    0.00    0.00    0.00    0.20     3  ffmpeg
21:57:27     1000     37551    1.40    0.00    0.00    0.00    1.40    12  detdec
21:57:27     1000     37552    1.20    0.00    0.00    0.00    1.20     0  detdec
21:57:27     1000     37553    1.20    0.00    0.00    0.00    1.20    11  detdec
21:57:27     1000     37554    1.40    0.00    0.00    0.00    1.40    15  detdec
21:57:27     1000     37555    1.00    0.20    0.00    0.00    1.20     6  detdec
21:57:27     1000     37556    1.20    0.20    0.00    0.00    1.40     3  detdec
21:57:27     1000     37557    1.00    0.40    0.00    0.00    1.40     2  detdec
21:57:27     1000     37558    1.20    0.00    0.00    0.00    1.20    13  detdec
21:57:27     1000     37559    1.20    0.00    0.00    0.00    1.20    12  detdec
21:57:27     1000     37560    1.20    0.00    0.00    0.00    1.20     9  detdec
21:57:27     1000     37561    1.20    0.20    0.00    0.00    1.40     1  detdec
21:57:27     1000     37562    1.40    0.20    0.00    0.00    1.60    12  detdec
21:57:27     1000     37563    1.40    0.00    0.00    0.00    1.40    14  detdec
21:57:27     1000     37564    1.00    0.20    0.00    0.00    1.20    15  detdec
21:57:27     1000     37565    1.40    0.00    0.00    0.00    1.40    15  detdec
21:57:27     1000     37566    1.40    0.00    0.00    0.00    1.40     9  detdec

# Time        UID       PID    %usr %system  %guest   %wait    %CPU   CPU  Command
21:57:32     1000     19830    7.00    5.80    0.00    0.00   12.80    14  mediamtx
21:57:32     1000     19846    0.20    0.00    0.00    0.00    0.20     7  srcpub
21:57:32     1000     19847    0.00    0.20    0.00    0.00    0.20     8  srcpub
21:57:32     1000     19850    0.20    0.20    0.00    0.00    0.40    15  srcpub
21:57:32     1000     19853    0.20    0.20    0.00    0.00    0.40    15  srcpub
21:57:32     1000     19854    0.00    0.20    0.00    0.00    0.20     1  srcpub
21:57:32     1000     19855    0.20    0.20    0.00    0.00    0.40    12  srcpub
21:57:32     1000     19856    0.00    0.20    0.00    0.00    0.20     1  srcpub
21:57:32     1000     19858    0.20    0.20    0.00    0.00    0.40    12  srcpub
21:57:32     1000     19860    0.00    0.20    0.00    0.00    0.20     9  srcpub
21:57:32     1000     19862    0.00    0.20    0.00    0.00    0.20     1  srcpub
21:57:32     1000     19863    0.00    0.20    0.00    0.00    0.20     3  srcpub
21:57:32     1000     19864    0.20    0.00    0.00    0.00    0.20     0  srcpub
21:57:32     1000     19865    0.20    0.20    0.00    0.00    0.40     6  srcpub
21:57:32     1000     19868    0.00    0.20    0.00    0.00    0.20    12  srcpub
21:57:32     1000     19874    0.20    0.00    0.00    0.00    0.20     2  srcpub
21:57:32     1000     19877    0.00    0.20    0.00    0.00    0.20     2  srcpub
21:57:32     1000     19878    0.20    0.20    0.00    0.00    0.40    10  srcpub
21:57:32     1000     19879    0.20    0.00    0.00    0.00    0.20    11  srcpub
21:57:32     1000     19881    0.20    0.20    0.00    0.00    0.40     4  srcpub
21:57:32     1000     19882    0.00    0.20    0.00    0.00    0.20    12  srcpub
21:57:32     1000     19884    0.20    0.20    0.00    0.00    0.40     4  srcpub
21:57:32     1000     19885    0.00    0.20    0.00    0.00    0.20     4  srcpub
21:57:32     1000     19886    0.20    0.20    0.00    0.00    0.40    11  srcpub
21:57:32     1000     19887    0.00    0.20    0.00    0.20    0.20     1  srcpub
21:57:32     1000     19894    0.20    0.20    0.00    0.00    0.40     3  srcpub
21:57:32     1000     26251    0.20    0.00    0.00    0.00    0.20    15  chrome
21:57:32     1000     27308    0.20    0.00    0.00    0.00    0.20    15  chrome
21:57:32     1000     28824    0.20    0.00    0.00    0.00    0.20     3  chrome
21:57:32     1000     29045    6.00    0.80    0.00    0.00    6.80    15  chrome
21:57:32     1000     29047    0.20    0.20    0.00    0.00    0.40     5  chrome
21:57:32     1000     29091   11.40    1.00    0.00    0.00   12.40     6  chrome
21:57:32      997     30965    0.60    0.40    0.00    0.00    1.00    11  ffmpeg
21:57:32      997     30966    0.40    0.20    0.00    0.00    0.60     2  ffmpeg
21:57:32      997     30967    0.20    0.00    0.00    0.00    0.20    12  ffmpeg
21:57:32      997     30968    0.00    0.20    0.00    0.00    0.20     7  ffmpeg
21:57:32      997     30969    0.20    0.00    0.00    0.00    0.20     8  ffmpeg
21:57:32      997     30970    0.20    0.20    0.00    0.00    0.40    15  ffmpeg
21:57:32      997     30971    0.00    0.20    0.00    0.00    0.20     9  ffmpeg
21:57:32      997     30972    0.20    0.20    0.00    0.00    0.40    14  ffmpeg
21:57:32      997     30973    0.20    0.00    0.00    0.00    0.20    12  ffmpeg
21:57:32      997     30974    0.20    0.20    0.00    0.00    0.40     8  ffmpeg
21:57:32      997     30975    0.20    0.20    0.00    0.00    0.40    15  ffmpeg
21:57:32      997     30976    0.20    0.20    0.00    0.00    0.40     1  ffmpeg
21:57:32      997     30977    0.20    0.20    0.00    0.00    0.40     2  ffmpeg
21:57:32      997     30978    0.20    0.20    0.00    0.00    0.40    10  ffmpeg
21:57:32      997     30979    0.20    0.20    0.00    0.00    0.40     0  ffmpeg
21:57:32      997     30980    0.20    0.00    0.00    0.00    0.20     2  ffmpeg
21:57:32      997     35582    0.40    0.40    0.00    0.00    0.80    10  ffmpeg
21:57:32      997     35583    0.20    0.20    0.00    0.00    0.40    13  ffmpeg
21:57:32      997     35584    0.20    0.00    0.00    0.00    0.20    12  ffmpeg
21:57:32      997     35585    0.20    0.00    0.00    0.00    0.20    15  ffmpeg
21:57:32      997     35586    0.20    0.20    0.00    0.00    0.40    15  ffmpeg
21:57:32      997     35587    0.20    0.20    0.00    0.00    0.40    12  ffmpeg
21:57:32      997     35588    0.20    0.00    0.00    0.00    0.20    13  ffmpeg
21:57:32      997     35589    0.20    0.20    0.00    0.00    0.40     3  ffmpeg
21:57:32      997     35590    0.20    0.20    0.00    0.00    0.40     9  ffmpeg
21:57:32     1000     37551    1.40    0.00    0.00    0.00    1.40     1  detdec
21:57:32     1000     37552    1.40    0.00    0.00    0.00    1.40     0  detdec
21:57:32     1000     37553    1.40    0.20    0.00    0.00    1.60    14  detdec
21:57:32     1000     37554    1.40    0.00    0.00    0.00    1.40    13  detdec
21:57:32     1000     37555    1.20    0.20    0.00    0.00    1.40     9  detdec
21:57:32     1000     37556    1.20    0.00    0.00    0.00    1.20    10  detdec
21:57:32     1000     37557    1.00    0.40    0.00    0.00    1.40     7  detdec
21:57:32     1000     37558    1.40    0.20    0.00    0.00    1.60     8  detdec
21:57:32     1000     37559    1.40    0.00    0.00    0.00    1.40     1  detdec
21:57:32     1000     37560    1.20    0.00    0.00    0.00    1.20     9  detdec
21:57:32     1000     37561    1.20    0.00    0.00    0.00    1.20     1  detdec
21:57:32     1000     37562    1.20    0.00    0.00    0.00    1.20     3  detdec
21:57:32     1000     37563    1.20    0.00    0.00    0.00    1.20     0  detdec
21:57:32     1000     37564    1.20    0.20    0.00    0.00    1.40     5  detdec
21:57:32     1000     37565    1.40    0.20    0.00    0.00    1.60    13  detdec
21:57:32     1000     37566    1.20    0.00    0.00    0.00    1.20    12  detdec

# Time        UID       PID    %usr %system  %guest   %wait    %CPU   CPU  Command
21:57:37     1000     19830    7.40    6.20    0.00    0.00   13.60    14  mediamtx
21:57:37     1000     19846    0.40    0.00    0.00    0.00    0.40     9  srcpub
21:57:37     1000     19847    0.40    0.00    0.00    0.00    0.40     7  srcpub
21:57:37     1000     19849    0.20    0.20    0.00    0.00    0.40    15  srcpub
21:57:37     1000     19851    0.20    0.20    0.00    0.00    0.40    13  srcpub
21:57:37     1000     19853    0.20    0.20    0.00    0.00    0.40    15  srcpub
21:57:37     1000     19854    0.20    0.00    0.00    0.00    0.20     1  srcpub
21:57:37     1000     19855    0.00    0.20    0.00    0.00    0.20     9  srcpub
21:57:37     1000     19856    0.00    0.20    0.00    0.00    0.20     3  srcpub
21:57:37     1000     19857    0.20    0.20    0.00    0.00    0.40    15  srcpub
21:57:37     1000     19858    0.20    0.20    0.00    0.00    0.40    14  srcpub
21:57:37     1000     19860    0.00    0.20    0.00    0.00    0.20    13  srcpub
21:57:37     1000     19862    0.20    0.20    0.00    0.00    0.40     0  srcpub
21:57:37     1000     19863    0.20    0.20    0.00    0.00    0.40    15  srcpub
21:57:37     1000     19864    0.20    0.20    0.00    0.00    0.40    13  srcpub
21:57:37     1000     19868    0.00    0.20    0.00    0.00    0.20    15  srcpub
21:57:37     1000     19874    0.20    0.00    0.00    0.00    0.20    12  srcpub
21:57:37     1000     19877    0.00    0.20    0.00    0.00    0.20     1  srcpub
21:57:37     1000     19878    0.20    0.20    0.00    0.00    0.40     9  srcpub
21:57:37     1000     19879    0.00    0.20    0.00    0.00    0.20    11  srcpub
21:57:37     1000     19881    0.00    0.20    0.00    0.00    0.20     9  srcpub
21:57:37     1000     19882    0.20    0.20    0.00    0.00    0.40    15  srcpub
21:57:37     1000     19884    0.20    0.00    0.00    0.00    0.20     0  srcpub
21:57:37     1000     19885    0.00    0.20    0.00    0.00    0.20    15  srcpub
21:57:37     1000     19887    0.20    0.20    0.00    0.00    0.40     1  srcpub
21:57:37     1000     19894    0.20    0.00    0.00    0.00    0.20     4  srcpub
21:57:37     1000     29045    5.60    0.80    0.00    0.00    6.40     2  chrome
21:57:37     1000     29047    0.20    0.20    0.00    0.00    0.40     5  chrome
21:57:37     1000     29091   11.60    0.60    0.00    0.00   12.20     7  chrome
21:57:37      997     30965    0.60    0.20    0.00    0.00    0.80     4  ffmpeg
21:57:37      997     30966    0.60    0.20    0.00    0.00    0.80    14  ffmpeg
21:57:37      997     30967    0.20    0.20    0.00    0.00    0.40     9  ffmpeg
21:57:37      997     30968    0.20    0.00    0.00    0.00    0.20     4  ffmpeg
21:57:37      997     30969    0.20    0.20    0.00    0.00    0.40     9  ffmpeg
21:57:37      997     30970    0.20    0.00    0.00    0.00    0.20     1  ffmpeg
21:57:37      997     30971    0.20    0.40    0.00    0.00    0.60    12  ffmpeg
21:57:37      997     30972    0.20    0.20    0.00    0.00    0.40    12  ffmpeg
21:57:37      997     30973    0.40    0.20    0.00    0.00    0.60     1  ffmpeg
21:57:37      997     30974    0.40    0.20    0.00    0.00    0.60    15  ffmpeg
21:57:37      997     30975    0.00    0.20    0.00    0.00    0.20    15  ffmpeg
21:57:37      997     30976    0.00    0.20    0.00    0.00    0.20    11  ffmpeg
21:57:37      997     30977    0.20    0.20    0.00    0.00    0.40     9  ffmpeg
21:57:37      997     30978    0.20    0.20    0.00    0.00    0.40    12  ffmpeg
21:57:37      997     30979    0.20    0.00    0.00    0.00    0.20     2  ffmpeg
21:57:37      997     30980    0.40    0.20    0.00    0.00    0.60    12  ffmpeg
21:57:37      997     35582    0.60    0.20    0.00    0.00    0.80    11  ffmpeg
21:57:37      997     35583    0.20    0.00    0.00    0.00    0.20    15  ffmpeg
21:57:37      997     35584    0.00    0.20    0.00    0.00    0.20    14  ffmpeg
21:57:37      997     35585    0.00    0.20    0.00    0.00    0.20    13  ffmpeg
21:57:37      997     35586    0.20    0.00    0.00    0.00    0.20     0  ffmpeg
21:57:37      997     35587    0.20    0.00    0.00    0.00    0.20     1  ffmpeg
21:57:37      997     35588    0.00    0.20    0.00    0.00    0.20    13  ffmpeg
21:57:37      997     35589    0.20    0.00    0.00    0.00    0.20     3  ffmpeg
21:57:37      997     35590    0.20    0.00    0.00    0.00    0.20    14  ffmpeg
21:57:37     1000     37551    1.40    0.20    0.00    0.00    1.60    10  detdec
21:57:37     1000     37552    1.20    0.00    0.00    0.00    1.20     9  detdec
21:57:37     1000     37553    1.20    0.00    0.00    0.00    1.20    14  detdec
21:57:37     1000     37554    1.60    0.00    0.00    0.00    1.60    12  detdec
21:57:37     1000     37555    1.20    0.20    0.00    0.00    1.40     9  detdec
21:57:37     1000     37556    1.40    0.00    0.00    0.00    1.40    12  detdec
21:57:37     1000     37557    0.80    0.60    0.00    0.00    1.40    13  detdec
21:57:37     1000     37558    1.40    0.00    0.00    0.00    1.40    12  detdec
21:57:37     1000     37559    1.40    0.00    0.00    0.00    1.40     3  detdec
21:57:37     1000     37560    1.20    0.00    0.00    0.00    1.20    12  detdec
21:57:37     1000     37561    1.40    0.00    0.00    0.00    1.40    11  detdec
21:57:37     1000     37562    1.40    0.00    0.00    0.00    1.40     3  detdec
21:57:37     1000     37563    1.40    0.00    0.00    0.00    1.40    10  detdec
21:57:37     1000     37564    1.20    0.20    0.00    0.00    1.40    15  detdec
21:57:37     1000     37565    1.40    0.20    0.00    0.00    1.60    12  detdec
21:57:37     1000     37566    1.20    0.00    0.00    0.00    1.20    11  detdec

# Time        UID       PID    %usr %system  %guest   %wait    %CPU   CPU  Command
21:57:42     1000     19830    6.60    6.20    0.00    0.00   12.80    14  mediamtx
21:57:42     1000     19846    0.20    0.20    0.00    0.00    0.40     9  srcpub
21:57:42     1000     19849    0.20    0.20    0.00    0.00    0.40    15  srcpub
21:57:42     1000     19850    0.20    0.00    0.00    0.00    0.20    15  srcpub
21:57:42     1000     19851    0.20    0.20    0.00    0.00    0.40     0  srcpub
21:57:42     1000     19853    0.20    0.00    0.00    0.00    0.20    15  srcpub
21:57:42     1000     19854    0.20    0.20    0.00    0.00    0.40     2  srcpub
21:57:42     1000     19855    0.00    0.20    0.00    0.00    0.20     9  srcpub
21:57:42     1000     19856    0.20    0.20    0.00    0.00    0.40    12  srcpub
21:57:42     1000     19857    0.20    0.00    0.00    0.00    0.20     7  srcpub
21:57:42     1000     19858    0.00    0.20    0.00    0.00    0.20    14  srcpub
21:57:42     1000     19860    0.20    0.20    0.00    0.00    0.40    10  srcpub
21:57:42     1000     19862    0.00    0.20    0.00    0.00    0.20    15  srcpub
21:57:42     1000     19863    0.20    0.20    0.00    0.00    0.40     7  srcpub
21:57:42     1000     19865    0.20    0.20    0.00    0.00    0.40     7  srcpub
21:57:42     1000     19868    0.20    0.20    0.00    0.00    0.40    15  srcpub
21:57:42     1000     19874    0.20    0.00    0.00    0.00    0.20     2  srcpub
21:57:42     1000     19877    0.00    0.20    0.00    0.00    0.20    14  srcpub
21:57:42     1000     19879    0.20    0.20    0.00    0.00    0.40    11  srcpub
21:57:42     1000     19881    0.20    0.20    0.00    0.00    0.40     6  srcpub
21:57:42     1000     19884    0.00    0.20    0.00    0.00    0.20     0  srcpub
21:57:42     1000     19885    0.20    0.20    0.00    0.00    0.40    15  srcpub
21:57:42     1000     19886    0.20    0.20    0.00    0.00    0.40    13  srcpub
21:57:42     1000     19887    0.20    0.00    0.00    0.00    0.20     2  srcpub
21:57:42     1000     19894    0.20    0.20    0.00    0.00    0.40     4  srcpub
21:57:42     1000     26256    0.20    0.00    0.00    0.00    0.20    11  chrome
21:57:42     1000     29045    5.60    1.00    0.00    0.00    6.60     4  chrome
21:57:42     1000     29047    0.00    0.20    0.00    0.00    0.20     5  chrome
21:57:42     1000     29091   11.60    0.80    0.00    0.00   12.40     3  chrome
21:57:42      997     30965    0.40    0.40    0.00    0.00    0.80     3  ffmpeg
21:57:42      997     30966    0.40    0.20    0.00    0.00    0.60     3  ffmpeg
21:57:42      997     30967    0.20    0.00    0.00    0.00    0.20     6  ffmpeg
21:57:42      997     30968    0.20    0.20    0.00    0.00    0.40    13  ffmpeg
21:57:42      997     30969    0.20    0.20    0.00    0.00    0.40     9  ffmpeg
21:57:42      997     30970    0.20    0.20    0.00    0.00    0.40    14  ffmpeg
21:57:42      997     30971    0.00    0.40    0.00    0.00    0.40    15  ffmpeg
21:57:42      997     30972    0.40    0.00    0.00    0.00    0.40     8  ffmpeg
21:57:42      997     30973    0.20    0.20    0.00    0.00    0.40    13  ffmpeg
21:57:42      997     30974    0.20    0.00    0.00    0.00    0.20    15  ffmpeg
21:57:42      997     30975    0.20    0.20    0.00    0.00    0.40    10  ffmpeg
21:57:42      997     30976    0.20    0.40    0.00    0.00    0.60     7  ffmpeg
21:57:42      997     30977    0.20    0.00    0.00    0.00    0.20     8  ffmpeg
21:57:42      997     30978    0.20    0.00    0.00    0.00    0.20    12  ffmpeg
21:57:42      997     30979    0.20    0.20    0.00    0.00    0.40    15  ffmpeg
21:57:42      997     30980    0.20    0.20    0.00    0.00    0.40    11  ffmpeg
21:57:42      997     35582    0.40    0.20    0.00    0.00    0.60    11  ffmpeg
21:57:42      997     35583    0.00    0.20    0.00    0.00    0.20     0  ffmpeg
21:57:42      997     35584    0.20    0.00    0.00    0.00    0.20    14  ffmpeg
21:57:42      997     35585    0.20    0.00    0.00    0.00    0.20    13  ffmpeg
21:57:42      997     35586    0.20    0.00    0.00    0.00    0.20     8  ffmpeg
21:57:42      997     35588    0.20    0.00    0.00    0.00    0.20    14  ffmpeg
21:57:42      997     35589    0.00    0.20    0.00    0.00    0.20     2  ffmpeg
21:57:42      997     35590    0.20    0.00    0.00    0.00    0.20     8  ffmpeg
21:57:42     1000     37551    1.40    0.00    0.00    0.00    1.40    11  detdec
21:57:42     1000     37552    1.20    0.00    0.00    0.00    1.20     9  detdec
21:57:42     1000     37553    1.20    0.00    0.00    0.00    1.20    14  detdec
21:57:42     1000     37554    1.40    0.00    0.00    0.00    1.40     1  detdec
21:57:42     1000     37555    1.20    0.20    0.00    0.00    1.40    10  detdec
21:57:42     1000     37556    1.20    0.20    0.00    0.00    1.40    15  detdec
21:57:42     1000     37557    1.00    0.40    0.00    0.00    1.40    15  detdec
21:57:42     1000     37558    1.40    0.00    0.00    0.00    1.40    12  detdec
21:57:42     1000     37559    1.40    0.00    0.00    0.00    1.40    12  detdec
21:57:42     1000     37560    1.40    0.00    0.00    0.00    1.40    15  detdec
21:57:42     1000     37561    1.40    0.00    0.00    0.00    1.40     1  detdec
21:57:42     1000     37562    1.40    0.00    0.00    0.00    1.40    14  detdec
21:57:42     1000     37563    1.20    0.00    0.00    0.00    1.20    15  detdec
21:57:42     1000     37564    1.20    0.00    0.00    0.00    1.20    15  detdec
21:57:42     1000     37565    1.40    0.00    0.00    0.00    1.40    12  detdec
21:57:42     1000     37566    1.20    0.00    0.00    0.00    1.20     0  detdec

# Time        UID       PID    %usr %system  %guest   %wait    %CPU   CPU  Command
21:57:47     1000     19830    6.60    6.40    0.00    0.00   13.00    14  mediamtx
21:57:47     1000     19846    0.20    0.00    0.00    0.00    0.20    12  srcpub
21:57:47     1000     19847    0.20    0.20    0.00    0.00    0.40     2  srcpub
21:57:47     1000     19849    0.20    0.00    0.00    0.00    0.20     1  srcpub
21:57:47     1000     19850    0.20    0.20    0.00    0.00    0.40     1  srcpub
21:57:47     1000     19851    0.20    0.00    0.00    0.00    0.20    11  srcpub
21:57:47     1000     19853    0.00    0.20    0.00    0.00    0.20    13  srcpub
21:57:47     1000     19855    0.20    0.20    0.00    0.00    0.40     9  srcpub
21:57:47     1000     19856    0.00    0.20    0.00    0.00    0.20    10  srcpub
21:57:47     1000     19857    0.20    0.20    0.00    0.00    0.40     7  srcpub
21:57:47     1000     19858    0.20    0.20    0.00    0.00    0.40    14  srcpub
21:57:47     1000     19860    0.00    0.20    0.00    0.00    0.20    13  srcpub
21:57:47     1000     19862    0.20    0.20    0.00    0.00    0.40     9  srcpub
21:57:47     1000     19863    0.00    0.20    0.00    0.00    0.20     3  srcpub
21:57:47     1000     19864    0.20    0.20    0.00    0.00    0.40     6  srcpub
21:57:47     1000     19865    0.00    0.20    0.00    0.00    0.20    12  srcpub
21:57:47     1000     19868    0.00    0.20    0.00    0.00    0.20    15  srcpub
21:57:47     1000     19874    0.20    0.00    0.00    0.00    0.20     1  srcpub
21:57:47     1000     19877    0.20    0.20    0.00    0.00    0.40     1  srcpub
21:57:47     1000     19878    0.20    0.20    0.00    0.00    0.40     9  srcpub
21:57:47     1000     19879    0.00    0.20    0.00    0.00    0.20    12  srcpub
21:57:47     1000     19881    0.00    0.20    0.00    0.00    0.20     8  srcpub
21:57:47     1000     19882    0.20    0.20    0.00    0.00    0.40    12  srcpub
21:57:47     1000     19884    0.20    0.20    0.00    0.00    0.40     2  srcpub
21:57:47     1000     19886    0.20    0.20    0.00    0.00    0.40    13  srcpub
21:57:47     1000     19887    0.00    0.20    0.00    0.00    0.20     2  srcpub
21:57:47     1000     19894    0.20    0.20    0.00    0.00    0.40     4  srcpub
21:57:47     1000     28824    0.20    0.00    0.00    0.00    0.20    11  chrome
21:57:47     1000     29045    5.60    1.00    0.00    0.00    6.60     1  chrome
21:57:47     1000     29047    0.20    0.20    0.00    0.00    0.40     9  chrome
21:57:47     1000     29091   11.60    1.00    0.00    0.00   12.60    11  chrome
21:57:47      997     30965    0.60    0.40    0.00    0.00    1.00     2  ffmpeg
21:57:47      997     30966    0.60    0.20    0.00    0.00    0.80    15  ffmpeg
21:57:47      997     30967    0.20    0.20    0.00    0.00    0.40     3  ffmpeg
21:57:47      997     30968    0.20    0.20    0.00    0.00    0.40     5  ffmpeg
21:57:47      997     30969    0.20    0.00    0.00    0.00    0.20     9  ffmpeg
21:57:47      997     30970    0.40    0.00    0.00    0.00    0.40    10  ffmpeg
21:57:47      997     30971    0.00    0.20    0.00    0.00    0.20     9  ffmpeg
21:57:47      997     30972    0.20    0.20    0.00    0.00    0.40     8  ffmpeg
21:57:47      997     30973    0.20    0.00    0.00    0.00    0.20    13  ffmpeg
21:57:47      997     30974    0.20    0.20    0.00    0.00    0.40     2  ffmpeg
21:57:47      997     30975    0.20    0.00    0.00    0.00    0.20    10  ffmpeg
21:57:47      997     30976    0.20    0.20    0.00    0.00    0.40    14  ffmpeg
21:57:47      997     30977    0.20    0.40    0.00    0.00    0.60     1  ffmpeg
21:57:47      997     30978    0.20    0.20    0.00    0.00    0.40    12  ffmpeg
21:57:47      997     30979    0.20    0.20    0.00    0.00    0.40     9  ffmpeg
21:57:47      997     30980    0.20    0.00    0.00    0.00    0.20     0  ffmpeg
21:57:47      997     35582    0.60    0.20    0.00    0.00    0.80     7  ffmpeg
21:57:47      997     35583    0.20    0.00    0.00    0.00    0.20     3  ffmpeg
21:57:47      997     35584    0.20    0.20    0.00    0.00    0.40     1  ffmpeg
21:57:47      997     35585    0.20    0.00    0.00    0.00    0.20    10  ffmpeg
21:57:47      997     35586    0.20    0.20    0.00    0.00    0.40     4  ffmpeg
21:57:47      997     35587    0.20    0.20    0.00    0.00    0.40    14  ffmpeg
21:57:47      997     35588    0.20    0.00    0.00    0.00    0.20     4  ffmpeg
21:57:47      997     35589    0.20    0.00    0.00    0.00    0.20     4  ffmpeg
21:57:47      997     35590    0.20    0.20    0.00    0.00    0.40     5  ffmpeg
21:57:47     1000     37551    1.20    0.20    0.00    0.00    1.40    10  detdec
21:57:47     1000     37552    1.20    0.00    0.00    0.00    1.20     9  detdec
21:57:47     1000     37553    1.40    0.00    0.00    0.00    1.40     4  detdec
21:57:47     1000     37554    1.60    0.00    0.00    0.00    1.60     8  detdec
21:57:47     1000     37555    1.00    0.20    0.00    0.00    1.20    10  detdec
21:57:47     1000     37556    1.20    0.00    0.00    0.00    1.20    15  detdec
21:57:47     1000     37557    0.80    0.40    0.00    0.00    1.20     4  detdec
21:57:47     1000     37558    1.40    0.00    0.00    0.00    1.40    14  detdec
21:57:47     1000     37559    1.20    0.00    0.00    0.00    1.20     2  detdec
21:57:47     1000     37560    1.20    0.00    0.00    0.00    1.20    14  detdec
21:57:47     1000     37561    1.20    0.20    0.00    0.00    1.40    13  detdec
21:57:47     1000     37562    1.20    0.00    0.00    0.00    1.20    10  detdec
21:57:47     1000     37563    1.40    0.00    0.00    0.00    1.40     1  detdec
21:57:47     1000     37564    1.00    0.20    0.00    0.00    1.20     5  detdec
21:57:47     1000     37565    1.40    0.00    0.00    0.00    1.40    14  detdec
21:57:47     1000     37566    1.20    0.00    0.00    0.00    1.20     0  detdec

# Time        UID       PID    %usr %system  %guest   %wait    %CPU   CPU  Command
21:57:52     1000     19830    6.60    6.40    0.00    0.00   13.00    14  mediamtx
21:57:52     1000     19846    0.00    0.20    0.00    0.00    0.20    12  srcpub
21:57:52     1000     19847    0.20    0.00    0.00    0.00    0.20    15  srcpub
21:57:52     1000     19849    0.00    0.20    0.00    0.00    0.20     9  srcpub
21:57:52     1000     19851    0.00    0.20    0.00    0.00    0.20    11  srcpub
21:57:52     1000     19853    0.20    0.20    0.00    0.00    0.40    15  srcpub
21:57:52     1000     19854    0.20    0.20    0.00    0.00    0.40     1  srcpub
21:57:52     1000     19855    0.00    0.20    0.00    0.00    0.20     9  srcpub
21:57:52     1000     19856    0.20    0.20    0.00    0.00    0.40    10  srcpub
21:57:52     1000     19857    0.20    0.00    0.00    0.00    0.20     3  srcpub
21:57:52     1000     19858    0.00    0.20    0.00    0.00    0.20    13  srcpub
21:57:52     1000     19862    0.20    0.20    0.00    0.00    0.40    10  srcpub
21:57:52     1000     19863    0.20    0.20    0.00    0.00    0.40     7  srcpub
21:57:52     1000     19864    0.20    0.00    0.00    0.00    0.20    10  srcpub
21:57:52     1000     19865    0.00    0.20    0.00    0.00    0.20    12  srcpub
21:57:52     1000     19868    0.20    0.00    0.00    0.00    0.20    15  srcpub
21:57:52     1000     19874    0.00    0.20    0.00    0.00    0.20     1  srcpub
21:57:52     1000     19877    0.00    0.40    0.00    0.00    0.40     1  srcpub
21:57:52     1000     19878    0.20    0.20    0.00    0.00    0.40     1  srcpub
21:57:52     1000     19879    0.20    0.00    0.00    0.00    0.20    12  srcpub
21:57:52     1000     19881    0.20    0.20    0.00    0.00    0.40    10  srcpub
21:57:52     1000     19882    0.00    0.20    0.00    0.00    0.20     1  srcpub
21:57:52     1000     19885    0.20    0.20    0.00    0.00    0.40     0  srcpub
21:57:52     1000     19887    0.00    0.20    0.00    0.00    0.20     4  srcpub
21:57:52     1000     26251    0.00    0.20    0.00    0.00    0.20    15  chrome
21:57:52     1000     29045    5.60    0.60    0.00    0.00    6.20     4  chrome
21:57:52     1000     29047    0.20    0.20    0.00    0.00    0.40     9  chrome
21:57:52     1000     29091   11.60    0.80    0.00    0.00   12.40    12  chrome
21:57:52      997     30965    0.40    0.20    0.00    0.00    0.60     2  ffmpeg
21:57:52      997     30966    0.40    0.20    0.00    0.00    0.60     4  ffmpeg
21:57:52      997     30967    0.20    0.20    0.00    0.00    0.40     7  ffmpeg
21:57:52      997     30968    0.20    0.20    0.00    0.00    0.40    13  ffmpeg
21:57:52      997     30969    0.20    0.20    0.00    0.00    0.40     9  ffmpeg
21:57:52      997     30970    0.00    0.20    0.00    0.00    0.20     0  ffmpeg
21:57:52      997     30971    0.00    0.40    0.00    0.00    0.40     9  ffmpeg
21:57:52      997     30972    0.20    0.00    0.00    0.00    0.20     8  ffmpeg
21:57:52      997     30973    0.20    0.20    0.00    0.00    0.40    14  ffmpeg
21:57:52      997     30974    0.20    0.00    0.00    0.00    0.20     8  ffmpeg
21:57:52      997     30975    0.20    0.20    0.00    0.00    0.40    10  ffmpeg
21:57:52      997     30976    0.20    0.20    0.00    0.00    0.40    14  ffmpeg
21:57:52      997     30977    0.20    0.20    0.00    0.00    0.40    11  ffmpeg
21:57:52      997     30978    0.20    0.20    0.00    0.00    0.40    13  ffmpeg
21:57:52      997     30979    0.20    0.00    0.00    0.00    0.20     1  ffmpeg
21:57:52      997     30980    0.00    0.40    0.00    0.00    0.40     5  ffmpeg
21:57:52      997     35582    0.40    0.20    0.00    0.00    0.60    12  ffmpeg
21:57:52      997     35583    0.20    0.00    0.00    0.00    0.20     3  ffmpeg
21:57:52      997     35584    0.20    0.00    0.00    0.00    0.20    13  ffmpeg
21:57:52      997     35585    0.20    0.00    0.00    0.00    0.20     0  ffmpeg
21:57:52      997     35587    0.20    0.00    0.00    0.00    0.20     9  ffmpeg
21:57:52      997     35588    0.20    0.20    0.00    0.00    0.40    10  ffmpeg
21:57:52      997     35589    0.20    0.00    0.00    0.00    0.20     7  ffmpeg
21:57:52      997     35590    0.20    0.00    0.00    0.00    0.20     7  ffmpeg
21:57:52     1000     37551    1.40    0.20    0.00    0.00    1.60    10  detdec
21:57:52     1000     37552    1.20    0.00    0.00    0.00    1.20    10  detdec
21:57:52     1000     37553    1.20    0.00    0.00    0.00    1.20     5  detdec
21:57:52     1000     37554    1.40    0.00    0.00    0.00    1.40    10  detdec
21:57:52     1000     37555    1.20    0.20    0.00    0.00    1.40    14  detdec
21:57:52     1000     37556    1.40    0.00    0.00    0.00    1.40    15  detdec
21:57:52     1000     37557    1.20    0.40    0.00    0.00    1.60    11  detdec
21:57:52     1000     37558    1.20    0.20    0.00    0.00    1.40     1  detdec
21:57:52     1000     37559    1.40    0.00    0.00    0.00    1.40     5  detdec
21:57:52     1000     37560    1.40    0.00    0.00    0.00    1.40     9  detdec
21:57:52     1000     37561    1.20    0.00    0.00    0.00    1.20    13  detdec
21:57:52     1000     37562    1.40    0.00    0.00    0.00    1.40    10  detdec
21:57:52     1000     37563    1.20    0.20    0.00    0.00    1.40     2  detdec
21:57:52     1000     37564    1.20    0.00    0.00    0.00    1.20     0  detdec
21:57:52     1000     37565    1.20    0.20    0.00    0.00    1.40     6  detdec
21:57:52     1000     37566    1.40    0.00    0.00    0.00    1.40     1  detdec

# Time        UID       PID    %usr %system  %guest   %wait    %CPU   CPU  Command
21:57:57     1000     19830    6.80    6.00    0.00    0.00   12.80    14  mediamtx
21:57:57     1000     19846    0.20    0.20    0.00    0.00    0.40    12  srcpub
21:57:57     1000     19847    0.20    0.20    0.00    0.00    0.40    11  srcpub
21:57:57     1000     19849    0.00    0.20    0.00    0.00    0.20     9  srcpub
21:57:57     1000     19850    0.20    0.20    0.00    0.00    0.40     0  srcpub
21:57:57     1000     19851    0.20    0.00    0.00    0.00    0.20    13  srcpub
21:57:57     1000     19853    0.00    0.20    0.00    0.00    0.20    13  srcpub
21:57:57     1000     19854    0.20    0.00    0.00    0.00    0.20     5  srcpub
21:57:57     1000     19855    0.20    0.20    0.00    0.00    0.40     1  srcpub
21:57:57     1000     19856    0.00    0.20    0.00    0.00    0.20    10  srcpub
21:57:57     1000     19857    0.00    0.20    0.00    0.00    0.20     3  srcpub
21:57:57     1000     19858    0.20    0.20    0.00    0.00    0.40    14  srcpub
21:57:57     1000     19860    0.20    0.20    0.00    0.00    0.40    13  srcpub
21:57:57     1000     19863    0.00    0.20    0.00    0.00    0.20     8  srcpub
21:57:57     1000     19864    0.00    0.20    0.00    0.00    0.20    12  srcpub
21:57:57     1000     19865    0.20    0.20    0.00    0.00    0.40    15  srcpub
21:57:57     1000     19868    0.00    0.20    0.00    0.00    0.20     3  srcpub
21:57:57     1000     19874    0.20    0.00    0.00    0.00    0.20    14  srcpub
21:57:57     1000     19877    0.20    0.00    0.00    0.00    0.20     1  srcpub
21:57:57     1000     19878    0.00    0.20    0.00    0.00    0.20     6  srcpub
21:57:57     1000     19879    0.00    0.40    0.00    0.00    0.40    12  srcpub
21:57:57     1000     19881    0.20    0.00    0.00    0.00    0.20     7  srcpub
21:57:57     1000     19884    0.20    0.20    0.00    0.00    0.40     0  srcpub
21:57:57     1000     19885    0.00    0.20    0.00    0.00    0.20    15  srcpub
21:57:57     1000     19886    0.20    0.20    0.00    0.00    0.40     2  srcpub
21:57:57     1000     19887    0.20    0.00    0.00    0.00    0.20     1  srcpub
21:57:57     1000     19894    0.20    0.20    0.00    0.00    0.40     5  srcpub
21:57:57     1000     26207    0.20    0.00    0.00    0.00    0.20     7  chrome
21:57:57     1000     29045    5.80    0.80    0.00    0.00    6.60     5  chrome
21:57:57     1000     29047    0.20    0.00    0.00    0.00    0.20     9  chrome
21:57:57     1000     29091   11.20    0.60    0.00    0.00   11.80    14  chrome
21:57:57      997     30965    0.60    0.40    0.00    0.00    1.00     3  ffmpeg
21:57:57      997     30966    0.60    0.20    0.00    0.00    0.80     7  ffmpeg
21:57:57      997     30967    0.20    0.00    0.00    0.00    0.20     7  ffmpeg
21:57:57      997     30968    0.20    0.20    0.00    0.00    0.40    13  ffmpeg
21:57:57      997     30969    0.20    0.20    0.00    0.00    0.40     9  ffmpeg
21:57:57      997     30970    0.40    0.20    0.00    0.00    0.60     0  ffmpeg
21:57:57      997     30971    0.20    0.00    0.00    0.00    0.20     9  ffmpeg
21:57:57      997     30972    0.20    0.20    0.00    0.00    0.40     8  ffmpeg
21:57:57      997     30973    0.20    0.20    0.00    0.00    0.40    11  ffmpeg
21:57:57      997     30974    0.20    0.20    0.00    0.00    0.40     7  ffmpeg
21:57:57      997     30975    0.20    0.20    0.00    0.00    0.40    10  ffmpeg
21:57:57      997     30976    0.00    0.20    0.00    0.00    0.20    12  ffmpeg
21:57:57      997     30977    0.20    0.00    0.00    0.00    0.20     1  ffmpeg
21:57:57      997     30978    0.20    0.20    0.00    0.00    0.40    13  ffmpeg
21:57:57      997     30979    0.20    0.20    0.00    0.00    0.40     1  ffmpeg
21:57:57      997     30980    0.20    0.20    0.00    0.00    0.40     3  ffmpeg
21:57:57      997     35582    0.60    0.20    0.00    0.00    0.80     8  ffmpeg
21:57:57      997     35583    0.20    0.20    0.00    0.00    0.40    14  ffmpeg
21:57:57      997     35584    0.20    0.00    0.00    0.00    0.20    14  ffmpeg
21:57:57      997     35585    0.20    0.00    0.00    0.00    0.20    11  ffmpeg
21:57:57      997     35586    0.20    0.20    0.00    0.00    0.40    14  ffmpeg
21:57:57      997     35587    0.00    0.20    0.00    0.00    0.20     9  ffmpeg
21:57:57      997     35589    0.20    0.20    0.00    0.00    0.40     3  ffmpeg
21:57:57      997     35590    0.00    0.20    0.00    0.00    0.20    12  ffmpeg
21:57:57     1000     37551    1.20    0.00    0.00    0.00    1.20     9  detdec
21:57:57     1000     37552    1.40    0.00    0.00    0.00    1.40     9  detdec
21:57:57     1000     37553    1.20    0.00    0.00    0.00    1.20     5  detdec
21:57:57     1000     37554    1.40    0.00    0.00    0.00    1.40     2  detdec
21:57:57     1000     37555    1.20    0.20    0.00    0.00    1.40     2  detdec
21:57:57     1000     37556    1.20    0.00    0.00    0.00    1.20    15  detdec
21:57:57     1000     37557    1.00    0.20    0.00    0.00    1.20     1  detdec
21:57:57     1000     37558    1.60    0.00    0.00    0.00    1.60     3  detdec
21:57:57     1000     37559    1.40    0.20    0.00    0.00    1.60     0  detdec
21:57:57     1000     37560    1.20    0.20    0.00    0.00    1.40    15  detdec
21:57:57     1000     37561    1.20    0.20    0.00    0.00    1.40     1  detdec
21:57:57     1000     37562    1.40    0.20    0.00    0.00    1.60     1  detdec
21:57:57     1000     37563    1.20    0.00    0.00    0.00    1.20     2  detdec
21:57:57     1000     37564    1.20    0.20    0.00    0.00    1.40     6  detdec
21:57:57     1000     37565    1.40    0.20    0.00    0.00    1.60     2  detdec
21:57:57     1000     37566    1.20    0.00    0.00    0.00    1.20     1  detdec

# Time        UID       PID    %usr %system  %guest   %wait    %CPU   CPU  Command
21:58:02     1000     19830    7.00    6.40    0.00    0.00   13.40    14  mediamtx
21:58:02     1000     19846    0.20    0.20    0.00    0.00    0.40    11  srcpub
21:58:02     1000     19847    0.00    0.20    0.00    0.00    0.20    15  srcpub
21:58:02     1000     19849    0.20    0.00    0.00    0.00    0.20    14  srcpub
21:58:02     1000     19851    0.20    0.20    0.00    0.00    0.40     9  srcpub
21:58:02     1000     19853    0.20    0.20    0.00    0.00    0.40     4  srcpub
21:58:02     1000     19855    0.00    0.20    0.00    0.00    0.20     9  srcpub
21:58:02     1000     19856    0.20    0.00    0.00    0.20    0.20    10  srcpub
21:58:02     1000     19857    0.20    0.00    0.00    0.00    0.20    14  srcpub
21:58:02     1000     19858    0.00    0.20    0.00    0.00    0.20     8  srcpub
21:58:02     1000     19860    0.00    0.20    0.00    0.00    0.20    13  srcpub
21:58:02     1000     19862    0.20    0.20    0.00    0.00    0.40     8  srcpub
21:58:02     1000     19863    0.20    0.20    0.00    0.00    0.40     7  srcpub
21:58:02     1000     19864    0.20    0.00    0.00    0.00    0.20    12  srcpub
21:58:02     1000     19868    0.20    0.20    0.00    0.00    0.40     5  srcpub
21:58:02     1000     19874    0.00    0.20    0.00    0.00    0.20    14  srcpub
21:58:02     1000     19877    0.00    0.20    0.00    0.00    0.20     1  srcpub
21:58:02     1000     19878    0.20    0.20    0.00    0.00    0.40     9  srcpub
21:58:02     1000     19881    0.00    0.20    0.00    0.00    0.20     9  srcpub
21:58:02     1000     19882    0.20    0.20    0.00    0.00    0.40    13  srcpub
21:58:02     1000     19884    0.00    0.20    0.00    0.00    0.20     2  srcpub
21:58:02     1000     19885    0.20    0.00    0.00    0.00    0.20     4  srcpub
21:58:02     1000     19886    0.20    0.00    0.00    0.00    0.20    13  srcpub
21:58:02     1000     19887    0.00    0.20    0.00    0.00    0.20    14  srcpub
21:58:02     1000     19894    0.20    0.20    0.00    0.00    0.40     6  srcpub
21:58:02     1000     28824    0.20    0.00    0.00    0.00    0.20     4  chrome
21:58:02     1000     29045    5.60    0.80    0.00    0.00    6.40     5  chrome
21:58:02     1000     29047    0.20    0.20    0.00    0.00    0.40     9  chrome
21:58:02     1000     29091   11.80    1.00    0.00    0.00   12.80     5  chrome
21:58:02      997     30965    0.60    0.20    0.00    0.00    0.80     2  ffmpeg
21:58:02      997     30966    0.60    0.20    0.00    0.20    0.80     4  ffmpeg
21:58:02      997     30967    0.20    0.20    0.00    0.00    0.40     3  ffmpeg
21:58:02      997     30968    0.20    0.20    0.00    0.00    0.40     6  ffmpeg
21:58:02      997     30969    0.40    0.00    0.00    0.00    0.40    13  ffmpeg
21:58:02      997     30970    0.20    0.00    0.00    0.00    0.20    10  ffmpeg
21:58:02      997     30971    0.00    0.40    0.00    0.00    0.40    10  ffmpeg
21:58:02      997     30972    0.20    0.00    0.00    0.00    0.20     1  ffmpeg
21:58:02      997     30973    0.20    0.20    0.00    0.00    0.40    13  ffmpeg
21:58:02      997     30974    0.20    0.20    0.00    0.00    0.40    10  ffmpeg
21:58:02      997     30975    0.20    0.20    0.00    0.00    0.40     1  ffmpeg
21:58:02      997     30976    0.20    0.20    0.00    0.00    0.40     2  ffmpeg
21:58:02      997     30977    0.20    0.20    0.00    0.00    0.40     1  ffmpeg
21:58:02      997     30978    0.20    0.20    0.00    0.00    0.40    14  ffmpeg
21:58:02      997     30979    0.40    0.20    0.00    0.00    0.60     9  ffmpeg
21:58:02      997     30980    0.00    0.20    0.00    0.00    0.20     7  ffmpeg
21:58:02      997     35582    0.40    0.20    0.00    0.00    0.60    10  ffmpeg
21:58:02      997     35584    0.00    0.20    0.00    0.00    0.20     0  ffmpeg
21:58:02      997     35585    0.20    0.20    0.00    0.00    0.40     1  ffmpeg
21:58:02      997     35586    0.20    0.00    0.00    0.00    0.20     0  ffmpeg
21:58:02      997     35587    0.20    0.00    0.00    0.00    0.20     9  ffmpeg
21:58:02      997     35588    0.20    0.20    0.00    0.00    0.40    12  ffmpeg
21:58:02      997     35590    0.20    0.00    0.00    0.00    0.20    10  ffmpeg
21:58:02     1000     37551    1.20    0.20    0.00    0.00    1.40    12  detdec
21:58:02     1000     37552    1.20    0.00    0.00    0.00    1.20    14  detdec
21:58:02     1000     37553    1.40    0.00    0.00    0.00    1.40     3  detdec
21:58:02     1000     37554    1.40    0.00    0.00    0.00    1.40    12  detdec
21:58:02     1000     37555    1.20    0.20    0.00    0.00    1.40    12  detdec
21:58:02     1000     37556    1.20    0.20    0.00    0.00    1.40     8  detdec
21:58:02     1000     37557    1.20    0.40    0.00    0.00    1.60    15  detdec
21:58:02     1000     37558    1.20    0.20    0.00    0.00    1.40     9  detdec
21:58:02     1000     37559    1.20    0.00    0.00    0.00    1.20     4  detdec
21:58:02     1000     37560    1.20    0.00    0.00    0.00    1.20    15  detdec
21:58:02     1000     37561    1.20    0.20    0.00    0.00    1.40     1  detdec
21:58:02     1000     37562    1.20    0.00    0.00    0.00    1.20     1  detdec
21:58:02     1000     37563    1.40    0.00    0.00    0.00    1.40     8  detdec
21:58:02     1000     37564    1.20    0.20    0.00    0.00    1.40    14  detdec
21:58:02     1000     37565    1.20    0.00    0.00    0.00    1.20     2  detdec
21:58:02     1000     37566    1.20    0.00    0.00    0.00    1.20     1  detdec

# Time        UID       PID    %usr %system  %guest   %wait    %CPU   CPU  Command
21:58:07     1000     19830    6.00    6.20    0.00    0.00   12.20    14  mediamtx
21:58:07     1000     19846    0.00    0.20    0.00    0.00    0.20    12  srcpub
21:58:07     1000     19847    0.20    0.00    0.00    0.00    0.20     1  srcpub
21:58:07     1000     19849    0.20    0.20    0.00    0.00    0.40    11  srcpub
21:58:07     1000     19850    0.20    0.00    0.00    0.00    0.20     4  srcpub
21:58:07     1000     19853    0.20    0.00    0.00    0.00    0.20     4  srcpub
21:58:07     1000     19854    0.20    0.20    0.00    0.00    0.40     9  srcpub
21:58:07     1000     19855    0.00    0.20    0.00    0.00    0.20     0  srcpub
21:58:07     1000     19856    0.00    0.20    0.00    0.00    0.20    10  srcpub
21:58:07     1000     19857    0.20    0.00    0.00    0.00    0.20    14  srcpub
21:58:07     1000     19858    0.20    0.00    0.00    0.00    0.20     8  srcpub
21:58:07     1000     19860    0.00    0.20    0.00    0.00    0.20     1  srcpub
21:58:07     1000     19862    0.00    0.20    0.00    0.00    0.20     4  srcpub
21:58:07     1000     19863    0.00    0.20    0.00    0.00    0.20     6  srcpub
21:58:07     1000     19864    0.20    0.20    0.00    0.00    0.40     4  srcpub
21:58:07     1000     19865    0.20    0.20    0.00    0.00    0.40    15  srcpub
21:58:07     1000     19868    0.00    0.20    0.00    0.00    0.20     5  srcpub
21:58:07     1000     19874    0.20    0.00    0.00    0.00    0.20    14  srcpub
21:58:07     1000     19877    0.20    0.20    0.00    0.00    0.40     1  srcpub
21:58:07     1000     19879    0.20    0.20    0.00    0.00    0.40    12  srcpub
21:58:07     1000     19881    0.20    0.20    0.00    0.00    0.40     9  srcpub
21:58:07     1000     19882    0.00    0.20    0.00    0.00    0.20    14  srcpub
21:58:07     1000     19884    0.20    0.20    0.00    0.00    0.40     2  srcpub
21:58:07     1000     19885    0.20    0.20    0.00    0.00    0.40    15  srcpub
21:58:07     1000     19886    0.20    0.20    0.00    0.00    0.40    11  srcpub
21:58:07     1000     19887    0.20    0.00    0.00    0.00    0.20    14  srcpub
21:58:07     1000     19894    0.00    0.20    0.00    0.00    0.20     5  srcpub
21:58:07     1000     29045    5.80    0.60    0.00    0.00    6.40     5  chrome
21:58:07     1000     29047    0.00    0.20    0.00    0.00    0.20     9  chrome
21:58:07     1000     29091   11.40    0.60    0.00    0.00   12.00     4  chrome
21:58:07      997     30965    0.40    0.40    0.00    0.00    0.80    11  ffmpeg
21:58:07      997     30966    0.40    0.20    0.00    0.00    0.60     5  ffmpeg
21:58:07      997     30967    0.20    0.20    0.00    0.00    0.40     1  ffmpeg
21:58:07      997     30968    0.00    0.20    0.00    0.00    0.20     3  ffmpeg
21:58:07      997     30969    0.00    0.20    0.00    0.00    0.20     2  ffmpeg
21:58:07      997     30970    0.20    0.20    0.00    0.00    0.40    13  ffmpeg
21:58:07      997     30971    0.00    0.40    0.00    0.00    0.40     0  ffmpeg
21:58:07      997     30972    0.20    0.20    0.00    0.00    0.40     9  ffmpeg
21:58:07      997     30973    0.20    0.00    0.00    0.00    0.20    13  ffmpeg
21:58:07      997     30974    0.20    0.00    0.00    0.00    0.20     9  ffmpeg
21:58:07      997     30975    0.20    0.00    0.00    0.00    0.20    12  ffmpeg
21:58:07      997     30976    0.20    0.20    0.00    0.00    0.40    12  ffmpeg
21:58:07      997     30977    0.20    0.00    0.00    0.00    0.20     5  ffmpeg
21:58:07      997     30978    0.20    0.00    0.00    0.00    0.20     0  ffmpeg
21:58:07      997     30979    0.20    0.00    0.00    0.00    0.20    10  ffmpeg
21:58:07      997     30980    0.20    0.40    0.00    0.00    0.60    12  ffmpeg
21:58:07      997     35582    0.60    0.20    0.00    0.00    0.80     6  ffmpeg
21:58:07      997     35583    0.20    0.20    0.00    0.00    0.40     1  ffmpeg
21:58:07      997     35584    0.20    0.00    0.00    0.00    0.20     5  ffmpeg
21:58:07      997     35585    0.20    0.00    0.00    0.00    0.20    14  ffmpeg
21:58:07      997     35586    0.20    0.00    0.00    0.00    0.20     5  ffmpeg
21:58:07      997     35587    0.20    0.20    0.00    0.00    0.40    14  ffmpeg
21:58:07      997     35588    0.20    0.00    0.00    0.00    0.20    12  ffmpeg
21:58:07      997     35589    0.20    0.20    0.00    0.00    0.40     8  ffmpeg
21:58:07      997     35590    0.20    0.00    0.00    0.00    0.20     0  ffmpeg
21:58:07     1000     37551    1.20    0.20    0.00    0.00    1.40     1  detdec
21:58:07     1000     37552    1.20    0.00    0.00    0.00    1.20    12  detdec
21:58:07     1000     37553    1.20    0.00    0.00    0.00    1.20     8  detdec
21:58:07     1000     37554    1.40    0.00    0.00    0.00    1.40    13  detdec
21:58:07     1000     37555    1.00    0.20    0.00    0.00    1.20    12  detdec
21:58:07     1000     37556    1.20    0.00    0.00    0.00    1.20     8  detdec
21:58:07     1000     37557    1.20    0.20    0.00    0.00    1.40    14  detdec
21:58:07     1000     37558    1.40    0.00    0.00    0.00    1.40    14  detdec
21:58:07     1000     37559    1.40    0.00    0.00    0.00    1.40    15  detdec
21:58:07     1000     37560    1.40    0.00    0.00    0.00    1.40     2  detdec
21:58:07     1000     37561    1.00    0.00    0.00    0.00    1.00     3  detdec
21:58:07     1000     37562    1.40    0.00    0.00    0.00    1.40    15  detdec
21:58:07     1000     37563    1.20    0.00    0.00    0.00    1.20    10  detdec
21:58:07     1000     37564    1.00    0.20    0.00    0.00    1.20     7  detdec
21:58:07     1000     37565    1.40    0.00    0.00    1.00    1.40    12  detdec
21:58:07     1000     37566    1.40    0.00    0.00    0.00    1.40    10  detdec

# Time        UID       PID    %usr %system  %guest   %wait    %CPU   CPU  Command
21:58:12     1000     19830    7.20    6.00    0.00    0.00   13.20    14  mediamtx
21:58:12     1000     19846    0.20    0.00    0.00    0.00    0.20    11  srcpub
21:58:12     1000     19847    0.20    0.20    0.00    0.00    0.40     1  srcpub
21:58:12     1000     19850    0.20    0.20    0.00    0.00    0.40     4  srcpub
21:58:12     1000     19851    0.20    0.20    0.00    0.00    0.40     8  srcpub
21:58:12     1000     19853    0.00    0.20    0.00    0.00    0.20     6  srcpub
21:58:12     1000     19855    0.20    0.20    0.00    0.00    0.40     0  srcpub
21:58:12     1000     19856    0.20    0.20    0.00    0.00    0.40    10  srcpub
21:58:12     1000     19857    0.20    0.00    0.00    0.00    0.20     4  srcpub
21:58:12     1000     19858    0.00    0.20    0.00    0.00    0.20     8  srcpub
21:58:12     1000     19860    0.20    0.20    0.00    0.00    0.40     6  srcpub
21:58:12     1000     19862    0.20    0.20    0.00    0.00    0.40     3  srcpub
21:58:12     1000     19863    0.20    0.20    0.00    0.00    0.40     6  srcpub
21:58:12     1000     19868    0.00    0.20    0.00    0.00    0.20     6  srcpub
21:58:12     1000     19874    0.20    0.00    0.00    0.00    0.20    14  srcpub
21:58:12     1000     19877    0.00    0.20    0.00    0.00    0.20     2  srcpub
21:58:12     1000     19878    0.20    0.20    0.00    0.00    0.40     8  srcpub
21:58:12     1000     19881    0.00    0.20    0.00    0.00    0.20    11  srcpub
21:58:12     1000     19882    0.20    0.20    0.00    0.00    0.40    15  srcpub
21:58:12     1000     19885    0.00    0.20    0.00    0.00    0.20    15  srcpub
21:58:12     1000     19886    0.00    0.20    0.00    0.00    0.20    11  srcpub
21:58:12     1000     19887    0.20    0.20    0.00    0.00    0.40    14  srcpub
21:58:12     1000     19894    0.20    0.20    0.00    0.00    0.40     6  srcpub
21:58:12     1000     28824    0.20    0.00    0.00    0.00    0.20     4  chrome
21:58:12     1000     29045    5.60    0.80    0.00    0.00    6.40     3  chrome
21:58:12     1000     29047    0.20    0.20    0.00    0.00    0.40     9  chrome
21:58:12     1000     29091   11.60    0.80    0.00    0.00   12.40    13  chrome
21:58:12      997     30965    0.60    0.40    0.00    0.00    1.00     6  ffmpeg
21:58:12      997     30966    0.40    0.20    0.00    0.00    0.60    12  ffmpeg
21:58:12      997     30967    0.20    0.20    0.00    0.00    0.40    10  ffmpeg
21:58:12      997     30968    0.20    0.20    0.00    0.00    0.40     9  ffmpeg
21:58:12      997     30969    0.20    0.20    0.00    0.00    0.40    13  ffmpeg
21:58:12      997     30970    0.20    0.20    0.00    0.00    0.40    13  ffmpeg
21:58:12      997     30971    0.20    0.20    0.00    0.00    0.40     0  ffmpeg
21:58:12      997     30972    0.20    0.20    0.00    0.00    0.40     9  ffmpeg
21:58:12      997     30973    0.20    0.20    0.00    0.00    0.40    13  ffmpeg
21:58:12      997     30974    0.40    0.20    0.00    0.00    0.60    10  ffmpeg
21:58:12      997     30975    0.20    0.20    0.00    0.00    0.40     3  ffmpeg
21:58:12      997     30976    0.00    0.20    0.00    0.00    0.20     7  ffmpeg
21:58:12      997     30977    0.40    0.20    0.00    0.00    0.60     5  ffmpeg
21:58:12      997     30978    0.20    0.20    0.00    0.00    0.40     7  ffmpeg
21:58:12      997     30979    0.20    0.20    0.00    0.00    0.40    12  ffmpeg
21:58:12      997     30980    0.00    0.20    0.00    0.00    0.20     1  ffmpeg
21:58:12      997     35582    0.40    0.20    0.00    0.00    0.60     8  ffmpeg
21:58:12      997     35583    0.20    0.00    0.00    0.00    0.20    12  ffmpeg
21:58:12      997     35584    0.20    0.00    0.00    0.00    0.20     7  ffmpeg
21:58:12      997     35585    0.20    0.00    0.00    0.00    0.20    14  ffmpeg
21:58:12      997     35586    0.00    0.20    0.00    0.00    0.20    13  ffmpeg
21:58:12      997     35587    0.20    0.00    0.00    0.00    0.20    12  ffmpeg
21:58:12      997     35589    0.20    0.00    0.00    0.00    0.20     4  ffmpeg
21:58:12      997     35590    0.20    0.00    0.00    0.00    0.20     3  ffmpeg
21:58:12     1000     37551    1.40    0.00    0.00    0.00    1.40     9  detdec
21:58:12     1000     37552    1.40    0.00    0.00    0.00    1.40    12  detdec
21:58:12     1000     37553    1.40    0.00    0.00    0.00    1.40     2  detdec
21:58:12     1000     37554    1.40    0.00    0.00    0.00    1.40    13  detdec
21:58:12     1000     37555    1.20    0.20    0.00    0.00    1.40    12  detdec
21:58:12     1000     37556    1.20    0.20    0.00    0.00    1.40     0  detdec
21:58:12     1000     37557    0.80    0.40    0.00    0.00    1.20     4  detdec
21:58:12     1000     37558    1.40    0.00    0.00    0.00    1.40     0  detdec
21:58:12     1000     37559    1.40    0.00    0.00    0.00    1.40     1  detdec
21:58:12     1000     37560    1.40    0.00    0.00    0.00    1.40    15  detdec
21:58:12     1000     37561    1.40    0.20    0.00    0.00    1.60    15  detdec
21:58:12     1000     37562    1.40    0.00    0.00    0.00    1.40     1  detdec
21:58:12     1000     37563    1.40    0.00    0.00    0.00    1.40     4  detdec
21:58:12     1000     37564    1.20    0.20    0.00    0.00    1.40    12  detdec
21:58:12     1000     37565    1.20    0.20    0.00    0.00    1.40     1  detdec
21:58:12     1000     37566    1.20    0.00    0.00    0.00    1.20    10  detdec

# Time        UID       PID    %usr %system  %guest   %wait    %CPU   CPU  Command
21:58:17     1000     19830    7.20    6.00    0.00    0.00   13.20    14  mediamtx
21:58:17     1000     19846    0.20    0.20    0.00    0.00    0.40    11  srcpub
21:58:17     1000     19847    0.00    0.20    0.00    0.00    0.20    15  srcpub
21:58:17     1000     19849    0.20    0.20    0.00    0.00    0.40    14  srcpub
21:58:17     1000     19851    0.20    0.00    0.00    0.00    0.20     8  srcpub
21:58:17     1000     19853    0.20    0.20    0.00    0.00    0.40     6  srcpub
21:58:17     1000     19854    0.20    0.20    0.00    0.00    0.40    11  srcpub
21:58:17     1000     19855    0.00    0.20    0.00    0.00    0.20     0  srcpub
21:58:17     1000     19856    0.00    0.20    0.00    0.00    0.20    10  srcpub
21:58:17     1000     19857    0.20    0.20    0.00    0.00    0.40     4  srcpub
21:58:17     1000     19858    0.20    0.20    0.00    0.00    0.40    14  srcpub
21:58:17     1000     19860    0.00    0.20    0.00    0.00    0.20     6  srcpub
21:58:17     1000     19862    0.00    0.20    0.00    0.00    0.20     1  srcpub
21:58:17     1000     19864    0.20    0.20    0.00    0.00    0.40    13  srcpub
21:58:17     1000     19865    0.20    0.20    0.00    0.00    0.40    10  srcpub
21:58:17     1000     19868    0.20    0.20    0.00    0.00    0.40    13  srcpub
21:58:17     1000     19874    0.00    0.20    0.00    0.00    0.20    13  srcpub
21:58:17     1000     19877    0.20    0.20    0.00    0.00    0.40     7  srcpub
21:58:17     1000     19878    0.00    0.20    0.00    0.00    0.20    10  srcpub
21:58:17     1000     19879    0.20    0.20    0.00    0.00    0.40     6  srcpub
21:58:17     1000     19881    0.20    0.20    0.00    0.00    0.40    11  srcpub
21:58:17     1000     19884    0.20    0.20    0.00    0.00    0.40     2  srcpub
21:58:17     1000     19885    0.00    0.20    0.00    0.00    0.20     4  srcpub
21:58:17     1000     19886    0.20    0.00    0.00    0.00    0.20    11  srcpub
21:58:17     1000     19887    0.00    0.20    0.00    0.00    0.20    13  srcpub
21:58:17     1000     19894    0.20    0.00    0.00    0.00    0.20     5  srcpub
21:58:17     1000     26251    0.20    0.00    0.00    0.00    0.20     5  chrome
21:58:17     1000     29045    5.60    0.80    0.00    0.00    6.40    15  chrome
21:58:17     1000     29047    0.20    0.20    0.00    0.00    0.40     3  chrome
21:58:17     1000     29091   10.80    0.80    0.00    0.00   11.60    13  chrome
21:58:17      997     30965    0.60    0.40    0.00    0.00    1.00     4  ffmpeg
21:58:17      997     30966    0.40    0.40    0.00    0.00    0.80    15  ffmpeg
21:58:17      997     30967    0.20    0.00    0.00    0.00    0.20     7  ffmpeg
21:58:17      997     30968    0.20    0.20    0.00    0.00    0.40    10  ffmpeg
21:58:17      997     30969    0.40    0.00    0.00    0.00    0.40     2  ffmpeg
21:58:17      997     30970    0.20    0.00    0.00    0.00    0.20    13  ffmpeg
21:58:17      997     30971    0.00    0.20    0.00    0.00    0.20     0  ffmpeg
21:58:17      997     30972    0.20    0.00    0.00    0.00    0.20     9  ffmpeg
21:58:17      997     30973    0.20    0.20    0.00    0.00    0.40     1  ffmpeg
21:58:17      997     30974    0.00    0.20    0.00    0.00    0.20    14  ffmpeg
21:58:17      997     30975    0.00    0.20    0.00    0.00    0.20    10  ffmpeg
21:58:17      997     30976    0.40    0.00    0.00    0.00    0.40    13  ffmpeg
21:58:17      997     30977    0.00    0.20    0.00    0.00    0.20     7  ffmpeg
21:58:17      997     30978    0.20    0.20    0.00    0.00    0.40     1  ffmpeg
21:58:17      997     30979    0.20    0.00    0.00    0.00    0.20    15  ffmpeg
21:58:17      997     30980    0.20    0.20    0.00    0.00    0.40     1  ffmpeg
21:58:17      997     35582    0.40    0.20    0.00    0.00    0.60     8  ffmpeg
21:58:17      997     35583    0.20    0.00    0.00    0.00    0.20    13  ffmpeg
21:58:17      997     35584    0.20    0.20    0.00    0.00    0.40     0  ffmpeg
21:58:17      997     35585    0.00    0.20    0.00    0.00    0.20    14  ffmpeg
21:58:17      997     35586    0.20    0.00    0.00    0.00    0.20     2  ffmpeg
21:58:17      997     35588    0.20    0.20    0.00    0.00    0.40    12  ffmpeg
21:58:17      997     35589    0.20    0.00    0.00    0.00    0.20     4  ffmpeg
21:58:17      997     35590    0.20    0.20    0.00    0.00    0.40    13  ffmpeg
21:58:17     1000     37551    1.40    0.20    0.00    0.00    1.60    15  detdec
21:58:17     1000     37552    1.20    0.00    0.00    0.00    1.20    14  detdec
21:58:17     1000     37553    1.20    0.00    0.00    0.00    1.20    15  detdec
21:58:17     1000     37554    1.40    0.20    0.00    0.00    1.60    12  detdec
21:58:17     1000     37555    1.20    0.00    0.00    0.00    1.20     8  detdec
21:58:17     1000     37556    1.20    0.20    0.00    0.00    1.40     0  detdec
21:58:17     1000     37557    1.20    0.40    0.00    0.00    1.60    11  detdec
21:58:17     1000     37558    1.40    0.00    0.00    0.00    1.40    13  detdec
21:58:17     1000     37559    1.40    0.00    0.00    0.00    1.40     6  detdec
21:58:17     1000     37560    1.20    0.00    0.00    0.00    1.20     1  detdec
21:58:17     1000     37561    1.20    0.00    0.00    0.00    1.20    12  detdec
21:58:17     1000     37562    1.20    0.00    0.00    0.00    1.20     9  detdec
21:58:17     1000     37563    1.20    0.00    0.00    0.00    1.20     4  detdec
21:58:17     1000     37564    1.20    0.20    0.00    0.00    1.40    12  detdec
21:58:17     1000     37565    1.40    0.00    0.00    0.00    1.40    15  detdec
21:58:17     1000     37566    1.20    0.00    0.00    0.00    1.20     1  detdec

# Time        UID       PID    %usr %system  %guest   %wait    %CPU   CPU  Command
21:58:22     1000     19830    6.40    6.20    0.00    0.00   12.60    14  mediamtx
21:58:22     1000     19846    0.20    0.20    0.00    0.00    0.40    12  srcpub
21:58:22     1000     19847    0.20    0.00    0.00    0.00    0.20    10  srcpub
21:58:22     1000     19849    0.20    0.20    0.00    0.00    0.40    11  srcpub
21:58:22     1000     19850    0.20    0.20    0.00    0.00    0.40    10  srcpub
21:58:22     1000     19851    0.00    0.20    0.00    0.00    0.20     9  srcpub
21:58:22     1000     19853    0.00    0.20    0.00    0.00    0.20     6  srcpub
21:58:22     1000     19854    0.20    0.00    0.00    0.00    0.20    11  srcpub
21:58:22     1000     19855    0.20    0.20    0.00    0.00    0.40     0  srcpub
21:58:22     1000     19857    0.20    0.00    0.00    0.00    0.20     7  srcpub
21:58:22     1000     19858    0.00    0.20    0.00    0.00    0.20    14  srcpub
21:58:22     1000     19860    0.20    0.00    0.00    0.00    0.20     6  srcpub
21:58:22     1000     19862    0.20    0.00    0.00    0.00    0.20    14  srcpub
21:58:22     1000     19863    0.20    0.20    0.00    0.00    0.40     0  srcpub
21:58:22     1000     19864    0.20    0.00    0.00    0.00    0.20     3  srcpub
21:58:22     1000     19865    0.20    0.20    0.00    0.00    0.40    10  srcpub
21:58:22     1000     19868    0.00    0.20    0.00    0.00    0.20     7  srcpub
21:58:22     1000     19874    0.20    0.00    0.00    0.00    0.20    13  srcpub
21:58:22     1000     19878    0.20    0.20    0.00    0.00    0.40    10  srcpub
21:58:22     1000     19879    0.20    0.20    0.00    0.00    0.40     6  srcpub
21:58:22     1000     19881    0.00    0.20    0.00    0.00    0.20     7  srcpub
21:58:22     1000     19882    0.20    0.20    0.00    0.00    0.40     0  srcpub
21:58:22     1000     19884    0.20    0.20    0.00    0.00    0.40    13  srcpub
21:58:22     1000     19885    0.20    0.20    0.00    0.00    0.40    15  srcpub
21:58:22     1000     19886    0.20    0.20    0.00    0.00    0.40    14  srcpub
21:58:22     1000     19887    0.20    0.00    0.00    0.00    0.20    14  srcpub
21:58:22     1000     19894    0.20    0.20    0.00    0.00    0.40     6  srcpub
21:58:22     1000     29045    5.00    1.00    0.00    0.00    6.00     3  chrome
21:58:22     1000     29047    0.20    0.20    0.00    0.00    0.40     5  chrome
21:58:22     1000     29091   11.20    1.00    0.00    0.00   12.20    13  chrome
21:58:22      997     30965    0.60    0.20    0.00    0.00    0.80    14  ffmpeg
21:58:22      997     30966    0.40    0.20    0.00    0.00    0.60     2  ffmpeg
21:58:22      997     30967    0.20    0.20    0.00    0.00    0.40     7  ffmpeg
21:58:22      997     30968    0.20    0.20    0.00    0.00    0.40     2  ffmpeg
21:58:22      997     30969    0.20    0.20    0.00    0.00    0.40    14  ffmpeg
21:58:22      997     30970    0.20    0.20    0.00    0.00    0.40     4  ffmpeg
21:58:22      997     30971    0.20    0.20    0.00    0.00    0.40     0  ffmpeg
21:58:22      997     30972    0.20    0.20    0.00    0.00    0.40    11  ffmpeg
21:58:22      997     30973    0.20    0.20    0.00    0.00    0.40     2  ffmpeg
21:58:22      997     30974    0.20    0.00    0.00    0.00    0.20     5  ffmpeg
21:58:22      997     30975    0.20    0.20    0.00    0.00    0.40    13  ffmpeg
21:58:22      997     30976    0.20    0.20    0.00    0.00    0.40    14  ffmpeg
21:58:22      997     30977    0.40    0.00    0.00    0.00    0.40     3  ffmpeg
21:58:22      997     30978    0.20    0.00    0.00    0.00    0.20     0  ffmpeg
21:58:22      997     30979    0.20    0.20    0.00    0.00    0.40     0  ffmpeg
21:58:22      997     30980    0.40    0.00    0.00    0.00    0.40     3  ffmpeg
21:58:22      997     35582    0.40    0.20    0.00    0.00    0.60     9  ffmpeg
21:58:22      997     35583    0.20    0.20    0.00    0.00    0.40     4  ffmpeg
21:58:22      997     35584    0.20    0.00    0.00    0.00    0.20    12  ffmpeg
21:58:22      997     35585    0.00    0.20    0.00    0.00    0.20     3  ffmpeg
21:58:22      997     35586    0.20    0.00    0.00    0.00    0.20     6  ffmpeg
21:58:22      997     35587    0.20    0.20    0.00    0.00    0.40     0  ffmpeg
21:58:22      997     35588    0.20    0.00    0.00    0.00    0.20     0  ffmpeg
21:58:22      997     35589    0.00    0.20    0.00    0.00    0.20    10  ffmpeg
21:58:22      997     35590    0.20    0.00    0.00    0.00    0.20     2  ffmpeg
21:58:22     1000     37551    1.40    0.00    0.00    0.00    1.40     0  detdec
21:58:22     1000     37552    1.20    0.00    0.00    0.00    1.20    14  detdec
21:58:22     1000     37553    1.40    0.00    0.00    0.00    1.40    15  detdec
21:58:22     1000     37554    1.20    0.00    0.00    0.00    1.20    15  detdec
21:58:22     1000     37555    1.20    0.20    0.00    0.00    1.40     8  detdec
21:58:22     1000     37556    1.20    0.00    0.00    0.00    1.20     0  detdec
21:58:22     1000     37557    1.00    0.20    0.00    0.00    1.20     7  detdec
21:58:22     1000     37558    1.20    0.20    0.00    0.00    1.40     2  detdec
21:58:22     1000     37559    1.20    0.20    0.00    0.00    1.40     1  detdec
21:58:22     1000     37560    1.40    0.00    0.00    0.00    1.40     1  detdec
21:58:22     1000     37561    1.20    0.00    0.00    0.00    1.20     2  detdec
21:58:22     1000     37562    1.40    0.00    0.00    0.00    1.40    15  detdec
21:58:22     1000     37563    1.40    0.00    0.00    0.00    1.40     1  detdec
21:58:22     1000     37564    1.20    0.00    0.00    0.00    1.20    12  detdec
21:58:22     1000     37565    1.20    0.20    0.00    0.00    1.40     4  detdec
21:58:22     1000     37566    1.40    0.00    0.00    0.00    1.40     2  detdec

# Time        UID       PID    %usr %system  %guest   %wait    %CPU   CPU  Command
21:58:27     1000     19830    6.80    6.40    0.00    0.00   13.20    14  mediamtx
21:58:27     1000     19846    0.00    0.20    0.00    0.00    0.20    12  srcpub
21:58:27     1000     19847    0.20    0.20    0.00    0.00    0.40    15  srcpub
21:58:27     1000     19851    0.20    0.20    0.00    0.00    0.40     9  srcpub
21:58:27     1000     19853    0.20    0.20    0.00    0.00    0.40     6  srcpub
21:58:27     1000     19854    0.00    0.20    0.00    0.00    0.20     7  srcpub
21:58:27     1000     19855    0.00    0.20    0.00    0.00    0.20     0  srcpub
21:58:27     1000     19856    0.00    0.20    0.00    0.00    0.20    10  srcpub
21:58:27     1000     19857    0.20    0.00    0.00    0.00    0.20     3  srcpub
21:58:27     1000     19858    0.20    0.20    0.00    0.00    0.40     1  srcpub
21:58:27     1000     19860    0.00    0.20    0.00    0.00    0.20     6  srcpub
21:58:27     1000     19862    0.00    0.20    0.00    0.00    0.20     4  srcpub
21:58:27     1000     19863    0.00    0.20    0.00    0.00    0.20     0  srcpub
21:58:27     1000     19864    0.20    0.00    0.00    0.00    0.20     3  srcpub
21:58:27     1000     19868    0.20    0.00    0.00    0.00    0.20     7  srcpub
21:58:27     1000     19874    0.20    0.20    0.00    0.00    0.40     7  srcpub
21:58:27     1000     19877    0.20    0.20    0.00    0.00    0.40     0  srcpub
21:58:27     1000     19878    0.00    0.20    0.00    0.00    0.20    10  srcpub
21:58:27     1000     19881    0.20    0.20    0.00    0.00    0.40    12  srcpub
21:58:27     1000     19882    0.00    0.20    0.00    0.00    0.20     0  srcpub
21:58:27     1000     19884    0.00    0.20    0.00    0.00    0.20    13  srcpub
21:58:27     1000     19885    0.20    0.00    0.00    0.00    0.20     2  srcpub
21:58:27     1000     19886    0.20    0.00    0.00    0.00    0.20    14  srcpub
21:58:27     1000     19887    0.00    0.20    0.00    0.00    0.20    14  srcpub
21:58:27     1000     19894    0.00    0.20    0.00    0.00    0.20     6  srcpub
21:58:27     1000     28824    0.20    0.00    0.00    0.00    0.20     4  chrome
21:58:27     1000     29045    5.40    1.00    0.00    0.00    6.40     3  chrome
21:58:27     1000     29047    0.20    0.20    0.00    0.00    0.40     5  chrome
21:58:27     1000     29091   11.20    0.60    0.00    0.00   11.80     2  chrome
21:58:27      997     30965    0.80    0.20    0.00    0.00    1.00    13  ffmpeg
21:58:27      997     30966    0.40    0.20    0.00    0.00    0.60    10  ffmpeg
21:58:27      997     30967    0.40    0.20    0.00    0.00    0.60     2  ffmpeg
21:58:27      997     30968    0.20    0.00    0.00    0.00    0.20    10  ffmpeg
21:58:27      997     30969    0.20    0.20    0.00    0.00    0.40    14  ffmpeg
21:58:27      997     30970    0.20    0.20    0.00    0.00    0.40    13  ffmpeg
21:58:27      997     30971    0.00    0.20    0.00    0.00    0.20     0  ffmpeg
21:58:27      997     30972    0.20    0.20    0.00    0.00    0.40    10  ffmpeg
21:58:27      997     30973    0.20    0.20    0.00    0.00    0.40    15  ffmpeg
21:58:27      997     30974    0.20    0.20    0.00    0.00    0.40     5  ffmpeg
21:58:27      997     30975    0.20    0.00    0.00    0.00    0.20    13  ffmpeg
21:58:27      997     30976    0.20    0.20    0.00    0.00    0.40    13  ffmpeg
21:58:27      997     30977    0.20    0.20    0.00    0.00    0.40     7  ffmpeg
21:58:27      997     30978    0.20    0.20    0.00    0.00    0.40     0  ffmpeg
21:58:27      997     30979    0.20    0.20    0.00    0.00    0.40    14  ffmpeg
21:58:27      997     30980    0.00    0.20    0.00    0.00    0.20    15  ffmpeg
21:58:27      997     35582    0.60    0.20    0.00    0.00    0.80     8  ffmpeg
21:58:27      997     35583    0.20    0.00    0.00    0.00    0.20     4  ffmpeg
21:58:27      997     35584    0.00    0.20    0.00    0.00    0.20    12  ffmpeg
21:58:27      997     35585    0.20    0.00    0.00    0.00    0.20     3  ffmpeg
21:58:27      997     35586    0.20    0.20    0.00    0.00    0.40     6  ffmpeg
21:58:27      997     35587    0.20    0.00    0.00    0.00    0.20    10  ffmpeg
21:58:27      997     35588    0.00    0.20    0.00    0.00    0.20     1  ffmpeg
21:58:27      997     35589    0.20    0.00    0.00    0.00    0.20     5  ffmpeg
21:58:27      997     35590    0.00    0.20    0.00    0.00    0.20     0  ffmpeg
21:58:27     1000     37551    1.20    0.00    0.00    0.00    1.20     4  detdec
21:58:27     1000     37552    1.40    0.00    0.00    0.00    1.40    14  detdec
21:58:27     1000     37553    1.20    0.00    0.00    0.00    1.20    15  detdec
21:58:27     1000     37554    1.40    0.00    0.00    0.00    1.40    15  detdec
21:58:27     1000     37555    1.00    0.20    0.00    0.00    1.20     8  detdec
21:58:27     1000     37556    1.20    0.00    0.00    0.00    1.20     2  detdec
21:58:27     1000     37557    1.20    0.40    0.00    0.00    1.60    15  detdec
21:58:27     1000     37558    1.40    0.00    0.00    0.00    1.40    10  detdec
21:58:27     1000     37559    1.40    0.00    0.00    0.00    1.40    10  detdec
21:58:27     1000     37560    1.20    0.00    0.00    0.00    1.20     0  detdec
21:58:27     1000     37561    1.20    0.00    0.00    0.00    1.20    14  detdec
21:58:27     1000     37562    1.40    0.00    0.00    0.00    1.40     1  detdec
21:58:27     1000     37563    1.20    0.00    0.00    0.00    1.20     2  detdec
21:58:27     1000     37564    1.20    0.20    0.00    0.00    1.40     0  detdec
21:58:27     1000     37565    1.40    0.00    0.00    0.00    1.40     2  detdec
21:58:27     1000     37566    1.20    0.00    0.00    0.00    1.20    12  detdec

# Time        UID       PID    %usr %system  %guest   %wait    %CPU   CPU  Command
21:58:32     1000     19830    6.80    5.60    0.00    0.00   12.40    14  mediamtx
21:58:32     1000     19846    0.00    0.20    0.00    0.00    0.20    12  srcpub
21:58:32     1000     19847    0.20    0.20    0.00    0.00    0.40     0  srcpub
21:58:32     1000     19849    0.00    0.20    0.00    0.00    0.20    14  srcpub
21:58:32     1000     19850    0.20    0.20    0.00    0.00    0.40     4  srcpub
21:58:32     1000     19851    0.20    0.00    0.00    0.00    0.20    10  srcpub
21:58:32     1000     19853    0.20    0.20    0.00    0.00    0.40     6  srcpub
21:58:32     1000     19856    0.20    0.20    0.00    0.00    0.40    12  srcpub
21:58:32     1000     19857    0.20    0.20    0.00    0.00    0.40     7  srcpub
21:58:32     1000     19860    0.20    0.20    0.00    0.00    0.40     6  srcpub
21:58:32     1000     19862    0.20    0.20    0.00    0.00    0.40     5  srcpub
21:58:32     1000     19863    0.20    0.20    0.00    0.00    0.40    15  srcpub
21:58:32     1000     19864    0.00    0.20    0.00    0.00    0.20     2  srcpub
21:58:32     1000     19865    0.00    0.20    0.00    0.00    0.20    10  srcpub
21:58:32     1000     19868    0.00    0.20    0.00    0.00    0.20     7  srcpub
21:58:32     1000     19877    0.20    0.20    0.00    0.00    0.40     0  srcpub
21:58:32     1000     19878    0.20    0.20    0.00    0.00    0.40    10  srcpub
21:58:32     1000     19879    0.20    0.20    0.00    0.00    0.40     0  srcpub
21:58:32     1000     19881    0.20    0.00    0.00    0.00    0.20    12  srcpub
21:58:32     1000     19884    0.20    0.20    0.00    0.00    0.40    13  srcpub
21:58:32     1000     19885    0.00    0.20    0.00    0.00    0.20     2  srcpub
21:58:32     1000     19886    0.20    0.20    0.00    0.00    0.40    14  srcpub
21:58:32     1000     19887    0.00    0.20    0.00    0.00    0.20    13  srcpub
21:58:32     1000     19894    0.20    0.20    0.00    0.00    0.40     8  srcpub
21:58:32     1000     28824    0.00    0.20    0.00    0.00    0.20     3  chrome
21:58:32     1000     29045    5.40    0.80    0.00    0.00    6.20     8  chrome
21:58:32     1000     29047    0.00    0.20    0.00    0.00    0.20     5  chrome
21:58:32     1000     29091   11.00    1.00    0.00    0.20   12.00    15  chrome
21:58:32      997     30965    0.60    0.20    0.00    0.00    0.80     4  ffmpeg
21:58:32      997     30966    0.60    0.20    0.00    0.00    0.80     5  ffmpeg
21:58:32      997     30968    0.20    0.20    0.00    0.00    0.40     4  ffmpeg
21:58:32      997     30969    0.20    0.00    0.00    0.00    0.20    14  ffmpeg
21:58:32      997     30970    0.40    0.00    0.00    0.00    0.40    12  ffmpeg
21:58:32      997     30971    0.20    0.20    0.00    0.00    0.40     2  ffmpeg
21:58:32      997     30972    0.20    0.00    0.00    0.00    0.20    11  ffmpeg
21:58:32      997     30973    0.20    0.20    0.00    0.00    0.40     6  ffmpeg
21:58:32      997     30974    0.20    0.20    0.00    0.00    0.40     7  ffmpeg
21:58:32      997     30975    0.20    0.20    0.00    0.00    0.40     9  ffmpeg
21:58:32      997     30976    0.20    0.20    0.00    0.00    0.40    11  ffmpeg
21:58:32      997     30977    0.20    0.00    0.00    0.00    0.20     2  ffmpeg
21:58:32      997     30978    0.20    0.20    0.00    0.00    0.40     8  ffmpeg
21:58:32      997     30979    0.20    0.00    0.00    0.00    0.20     7  ffmpeg
21:58:32      997     30980    0.00    0.40    0.00    0.00    0.40    11  ffmpeg
21:58:32      997     35582    0.60    0.20    0.00    0.00    0.80     5  ffmpeg
21:58:32      997     35583    0.00    0.20    0.00    0.00    0.20     4  ffmpeg
21:58:32      997     35584    0.20    0.00    0.00    0.00    0.20    12  ffmpeg
21:58:32      997     35585    0.20    0.00    0.00    0.00    0.20    12  ffmpeg
21:58:32      997     35587    0.20    0.00    0.00    0.00    0.20     4  ffmpeg
21:58:32      997     35588    0.20    0.20    0.00    0.00    0.40    15  ffmpeg
21:58:32      997     35589    0.20    0.00    0.00    0.00    0.20    13  ffmpeg
21:58:32      997     35590    0.20    0.00    0.00    0.00    0.20    13  ffmpeg
21:58:32     1000     37551    1.40    0.20    0.00    0.00    1.60     9  detdec
21:58:32     1000     37552    1.20    0.00    0.00    0.00    1.20    10  detdec
21:58:32     1000     37553    1.20    0.00    0.00    0.00    1.20    15  detdec
21:58:32     1000     37554    1.20    0.00    0.00    0.00    1.20    13  detdec
21:58:32     1000     37555    1.00    0.40    0.00    0.00    1.40    15  detdec
21:58:32     1000     37556    1.20    0.20    0.00    0.00    1.40     3  detdec
21:58:32     1000     37557    1.00    0.20    0.00    0.00    1.20     6  detdec
21:58:32     1000     37558    1.20    0.20    0.00    0.00    1.40     2  detdec
21:58:32     1000     37559    1.20    0.20    0.00    0.00    1.40    10  detdec
21:58:32     1000     37560    1.20    0.00    0.00    0.00    1.20     1  detdec
21:58:32     1000     37561    1.20    0.20    0.00    0.00    1.40    10  detdec
21:58:32     1000     37562    1.20    0.00    0.00    0.00    1.20    14  detdec
21:58:32     1000     37563    1.20    0.00    0.00    0.00    1.20    14  detdec
21:58:32     1000     37564    1.20    0.20    0.00    0.00    1.40     8  detdec
21:58:32     1000     37565    1.40    0.00    0.00    0.00    1.40     8  detdec
21:58:32     1000     37566    1.20    0.00    0.00    0.00    1.20     1  detdec

# Time        UID       PID    %usr %system  %guest   %wait    %CPU   CPU  Command
21:58:37     1000     19830    7.40    5.80    0.00    0.00   13.20    14  mediamtx
21:58:37     1000     19846    0.40    0.20    0.00    0.00    0.60    13  srcpub
21:58:37     1000     19847    0.00    0.20    0.00    0.00    0.20    15  srcpub
21:58:37     1000     19849    0.20    0.20    0.00    0.00    0.40    15  srcpub
21:58:37     1000     19850    0.20    0.00    0.00    0.00    0.20     4  srcpub
21:58:37     1000     19851    0.00    0.20    0.00    0.00    0.20     9  srcpub
21:58:37     1000     19853    0.00    0.20    0.00    0.00    0.20    11  srcpub
21:58:37     1000     19854    0.20    0.20    0.00    0.00    0.40     7  srcpub
21:58:37     1000     19855    0.20    0.20    0.00    0.00    0.40     0  srcpub
21:58:37     1000     19856    0.00    0.20    0.00    0.00    0.20    11  srcpub
21:58:37     1000     19857    0.20    0.00    0.00    0.00    0.20     7  srcpub
21:58:37     1000     19858    0.20    0.20    0.00    0.00    0.40    12  srcpub
21:58:37     1000     19860    0.00    0.20    0.00    0.00    0.20    11  srcpub
21:58:37     1000     19862    0.00    0.20    0.00    0.00    0.20    11  srcpub
21:58:37     1000     19863    0.00    0.20    0.00    0.00    0.20    15  srcpub
21:58:37     1000     19864    0.20    0.00    0.00    0.00    0.20     3  srcpub
21:58:37     1000     19865    0.20    0.20    0.00    0.00    0.40     2  srcpub
21:58:37     1000     19868    0.00    0.20    0.00    0.00    0.20    14  srcpub
21:58:37     1000     19874    0.20    0.20    0.00    0.00    0.40     0  srcpub
21:58:37     1000     19877    0.00    0.20    0.00    0.00    0.20     0  srcpub
21:58:37     1000     19878    0.20    0.00    0.00    0.00    0.20    10  srcpub
21:58:37     1000     19879    0.00    0.20    0.00    0.00    0.20     0  srcpub
21:58:37     1000     19881    0.00    0.20    0.00    0.00    0.20    12  srcpub
21:58:37     1000     19882    0.20    0.20    0.00    0.00    0.40     2  srcpub
21:58:37     1000     19884    0.00    0.20    0.00    0.00    0.20    12  srcpub
21:58:37     1000     19885    0.20    0.20    0.00    0.00    0.40    15  srcpub
21:58:37     1000     19886    0.00    0.20    0.00    0.00    0.20    14  srcpub
21:58:37     1000     19887    0.20    0.00    0.00    0.00    0.20    13  srcpub
21:58:37     1000     19894    0.20    0.20    0.00    0.00    0.40    10  srcpub
21:58:37     1000     26207    0.00    0.20    0.00    0.00    0.20     8  chrome
21:58:37     1000     29045    5.20    1.00    0.00    0.00    6.20    13  chrome
21:58:37     1000     29047    0.20    0.20    0.00    0.00    0.40     5  chrome
21:58:37     1000     29091   10.80    0.80    0.00    0.00   11.60     6  chrome
21:58:37      997     30965    0.60    0.40    0.00    0.00    1.00    13  ffmpeg
21:58:37      997     30966    0.40    0.20    0.00    0.00    0.60     6  ffmpeg
21:58:37      997     30967    0.20    0.20    0.00    0.00    0.40    10  ffmpeg
21:58:37      997     30968    0.20    0.20    0.00    0.00    0.40     7  ffmpeg
21:58:37      997     30969    0.20    0.20    0.00    0.00    0.40     2  ffmpeg
21:58:37      997     30970    0.20    0.20    0.00    0.00    0.40    12  ffmpeg
21:58:37      997     30971    0.00    0.20    0.00    0.00    0.20     4  ffmpeg
21:58:37      997     30972    0.20    0.20    0.00    0.00    0.40    11  ffmpeg
21:58:37      997     30973    0.20    0.00    0.00    0.00    0.20    10  ffmpeg
21:58:37      997     30974    0.40    0.00    0.00    0.00    0.40     1  ffmpeg
21:58:37      997     30975    0.20    0.20    0.00    0.00    0.40     9  ffmpeg
21:58:37      997     30976    0.20    0.00    0.00    0.00    0.20    12  ffmpeg
21:58:37      997     30977    0.20    0.40    0.00    0.00    0.60     7  ffmpeg
21:58:37      997     30978    0.00    0.20    0.00    0.00    0.20     9  ffmpeg
21:58:37      997     30979    0.20    0.20    0.00    0.00    0.40     9  ffmpeg
21:58:37      997     30980    0.00    0.40    0.00    0.00    0.40     8  ffmpeg
21:58:37      997     35582    0.40    0.20    0.00    0.00    0.60     4  ffmpeg
21:58:37      997     35583    0.20    0.00    0.00    0.00    0.20    15  ffmpeg
21:58:37      997     35584    0.00    0.20    0.00    0.00    0.20    14  ffmpeg
21:58:37      997     35585    0.00    0.20    0.00    0.00    0.20    15  ffmpeg
21:58:37      997     35586    0.20    0.00    0.00    0.00    0.20     2  ffmpeg
21:58:37      997     35587    0.20    0.20    0.00    0.00    0.40     8  ffmpeg
21:58:37      997     35589    0.20    0.20    0.00    0.00    0.40    13  ffmpeg
21:58:37      997     35590    0.20    0.00    0.00    0.00    0.20     0  ffmpeg
21:58:37     1000     37551    1.20    0.00    0.00    0.00    1.20    13  detdec
21:58:37     1000     37552    1.20    0.00    0.00    0.00    1.20    11  detdec
21:58:37     1000     37553    1.40    0.20    0.00    0.00    1.60    15  detdec
21:58:37     1000     37554    1.40    0.00    0.00    0.00    1.40    13  detdec
21:58:37     1000     37555    1.20    0.20    0.00    0.00    1.40    15  detdec
21:58:37     1000     37556    1.00    0.20    0.00    0.00    1.20     8  detdec
21:58:37     1000     37557    1.00    0.40    0.00    0.00    1.40     9  detdec
21:58:37     1000     37558    1.40    0.00    0.00    0.00    1.40    14  detdec
21:58:37     1000     37559    1.40    0.00    0.00    0.00    1.40    11  detdec
21:58:37     1000     37560    1.40    0.00    0.00    0.00    1.40     0  detdec
21:58:37     1000     37561    1.00    0.20    0.00    0.00    1.20    11  detdec
21:58:37     1000     37562    1.40    0.20    0.00    0.00    1.60     1  detdec
21:58:37     1000     37563    1.40    0.00    0.00    0.00    1.40     8  detdec
21:58:37     1000     37564    1.20    0.20    0.00    0.00    1.40     2  detdec
21:58:37     1000     37565    1.20    0.20    0.00    0.00    1.40     6  detdec
21:58:37     1000     37566    1.20    0.00    0.00    0.00    1.20     4  detdec

# Time        UID       PID    %usr %system  %guest   %wait    %CPU   CPU  Command
21:58:42     1000     19830    6.40    6.60    0.00    0.00   13.00    14  mediamtx
21:58:42     1000     19846    0.20    0.00    0.00    0.00    0.20    13  srcpub
21:58:42     1000     19847    0.20    0.00    0.00    0.00    0.20    15  srcpub
21:58:42     1000     19849    0.20    0.20    0.00    0.00    0.40    14  srcpub
21:58:42     1000     19851    0.20    0.00    0.00    0.00    0.20    10  srcpub
21:58:42     1000     19853    0.20    0.20    0.00    0.00    0.40     6  srcpub
21:58:42     1000     19855    0.00    0.20    0.00    0.00    0.20     0  srcpub
21:58:42     1000     19856    0.00    0.20    0.00    0.00    0.20    11  srcpub
21:58:42     1000     19857    0.20    0.00    0.00    0.00    0.20     7  srcpub
21:58:42     1000     19858    0.00    0.20    0.00    0.00    0.20    14  srcpub
21:58:42     1000     19860    0.20    0.00    0.00    0.00    0.20     9  srcpub
21:58:42     1000     19862    0.20    0.20    0.00    0.00    0.40    11  srcpub
21:58:42     1000     19863    0.20    0.20    0.00    0.00    0.40     0  srcpub
21:58:42     1000     19864    0.00    0.20    0.00    0.00    0.20    14  srcpub
21:58:42     1000     19868    0.20    0.20    0.00    0.00    0.40    15  srcpub
21:58:42     1000     19877    0.20    0.00    0.00    0.00    0.20     0  srcpub
21:58:42     1000     19878    0.00    0.20    0.00    0.00    0.20     8  srcpub
21:58:42     1000     19879    0.00    0.20    0.00    0.00    0.20    13  srcpub
21:58:42     1000     19881    0.20    0.20    0.00    0.00    0.40    12  srcpub
21:58:42     1000     19882    0.00    0.20    0.00    0.00    0.20     4  srcpub
21:58:42     1000     19884    0.20    0.00    0.00    0.00    0.20    12  srcpub
21:58:42     1000     19885    0.20    0.00    0.00    0.00    0.20     2  srcpub
21:58:42     1000     19886    0.20    0.00    0.00    0.00    0.20     8  srcpub
21:58:42     1000     19887    0.00    0.20    0.00    0.00    0.20    14  srcpub
21:58:42     1000     19894    0.00    0.20    0.00    0.00    0.20    10  srcpub
21:58:42     1000     26207    0.20    0.00    0.00    0.00    0.20     8  chrome
21:58:42     1000     26251    0.00    0.20    0.00    0.00    0.20    15  chrome
21:58:42     1000     29045    5.40    0.80    0.00    0.00    6.20     9  chrome
21:58:42     1000     29047    0.20    0.20    0.00    0.00    0.40     5  chrome
21:58:42     1000     29091   11.60    0.60    0.00    0.00   12.20     6  chrome
21:58:42      997     30965    0.60    0.20    0.00    0.00    0.80     4  ffmpeg
21:58:42      997     30966    0.60    0.20    0.00    0.00    0.80     7  ffmpeg
21:58:42      997     30967    0.40    0.20    0.00    0.00    0.60     2  ffmpeg
21:58:42      997     30968    0.20    0.00    0.00    0.00    0.20     1  ffmpeg
21:58:42      997     30969    0.20    0.20    0.00    0.00    0.40    14  ffmpeg
21:58:42      997     30970    0.20    0.20    0.00    0.00    0.40    14  ffmpeg
21:58:42      997     30971    0.20    0.40    0.00    0.00    0.60    14  ffmpeg
21:58:42      997     30972    0.20    0.20    0.00    0.00    0.40    11  ffmpeg
21:58:42      997     30973    0.20    0.20    0.00    0.00    0.40    11  ffmpeg
21:58:42      997     30974    0.20    0.20    0.00    0.00    0.40     0  ffmpeg
21:58:42      997     30975    0.20    0.00    0.00    0.00    0.20     9  ffmpeg
21:58:42      997     30976    0.20    0.20    0.00    0.00    0.40     0  ffmpeg
21:58:42      997     30977    0.20    0.00    0.00    0.00    0.20     5  ffmpeg
21:58:42      997     30978    0.20    0.20    0.00    0.00    0.40     2  ffmpeg
21:58:42      997     30979    0.20    0.00    0.00    0.00    0.20    12  ffmpeg
21:58:42      997     30980    0.00    0.20    0.00    0.00    0.20     1  ffmpeg
21:58:42      997     35582    0.60    0.20    0.00    0.00    0.80     8  ffmpeg
21:58:42      997     35583    0.20    0.00    0.00    0.00    0.20    13  ffmpeg
21:58:42      997     35584    0.20    0.20    0.00    0.00    0.40     0  ffmpeg
21:58:42      997     35585    0.20    0.00    0.00    0.00    0.20    10  ffmpeg
21:58:42      997     35586    0.20    0.20    0.00    0.00    0.40     0  ffmpeg
21:58:42      997     35588    0.20    0.00    0.00    0.00    0.20     9  ffmpeg
21:58:42      997     35590    0.20    0.20    0.00    0.00    0.40     0  ffmpeg
21:58:42     1000     37551    1.20    0.20    0.00    0.00    1.40     0  detdec
21:58:42     1000     37552    1.20    0.00    0.00    0.00    1.20    14  detdec
21:58:42     1000     37553    1.20    0.00    0.00    0.00    1.20     7  detdec
21:58:42     1000     37554    1.40    0.00    0.00    0.00    1.40     0  detdec
21:58:42     1000     37555    1.20    0.20    0.00    0.00    1.40    15  detdec
21:58:42     1000     37556    1.40    0.00    0.00    0.00    1.40     7  detdec
21:58:42     1000     37557    1.00    0.40    0.00    0.00    1.40    15  detdec
21:58:42     1000     37558    1.40    0.00    0.00    0.00    1.40    15  detdec
21:58:42     1000     37559    1.20    0.00    0.00    0.00    1.20    14  detdec
21:58:42     1000     37560    1.20    0.00    0.00    0.00    1.20     0  detdec
21:58:42     1000     37561    1.20    0.20    0.00    0.00    1.40    10  detdec
21:58:42     1000     37562    1.20    0.00    0.00    0.00    1.20     6  detdec
21:58:42     1000     37563    1.20    0.00    0.00    0.00    1.20     6  detdec
21:58:42     1000     37564    1.20    0.20    0.00    0.00    1.40     9  detdec
21:58:42     1000     37565    1.20    0.20    0.00    0.00    1.40     2  detdec
21:58:42     1000     37566    1.20    0.00    0.00    0.00    1.20     1  detdec

# Time        UID       PID    %usr %system  %guest   %wait    %CPU   CPU  Command
21:58:47     1000     19830    7.00    6.20    0.00    0.00   13.20    14  mediamtx
21:58:47     1000     19846    0.00    0.20    0.00    0.00    0.20    12  srcpub
21:58:47     1000     19847    0.20    0.20    0.00    0.00    0.40    15  srcpub
21:58:47     1000     19850    0.20    0.20    0.00    0.00    0.40     4  srcpub
21:58:47     1000     19851    0.20    0.20    0.00    0.00    0.40    10  srcpub
21:58:47     1000     19853    0.20    0.20    0.00    0.00    0.40     7  srcpub
21:58:47     1000     19854    0.20    0.20    0.00    0.00    0.40     9  srcpub
21:58:47     1000     19855    0.20    0.20    0.00    0.00    0.40     0  srcpub
21:58:47     1000     19856    0.20    0.00    0.00    0.00    0.20    11  srcpub
21:58:47     1000     19857    0.00    0.20    0.00    0.00    0.20     4  srcpub
21:58:47     1000     19858    0.20    0.20    0.00    0.00    0.40    14  srcpub
21:58:47     1000     19860    0.00    0.20    0.00    0.00    0.20    10  srcpub
21:58:47     1000     19863    0.00    0.20    0.00    0.00    0.20     0  srcpub
21:58:47     1000     19864    0.20    0.00    0.00    1.00    0.20     0  srcpub
21:58:47     1000     19865    0.20    0.20    0.00    0.00    0.40    12  srcpub
21:58:47     1000     19868    0.00    0.20    0.00    0.00    0.20    15  srcpub
21:58:47     1000     19874    0.20    0.20    0.00    0.00    0.40     1  srcpub
21:58:47     1000     19877    0.20    0.20    0.00    0.00    0.40     0  srcpub
21:58:47     1000     19878    0.00    0.20    0.00    0.00    0.20    10  srcpub
21:58:47     1000     19879    0.00    0.40    0.00    0.00    0.40    13  srcpub
21:58:47     1000     19881    0.20    0.00    0.00    0.00    0.20     7  srcpub
21:58:47     1000     19882    0.20    0.00    0.00    0.00    0.20     8  srcpub
21:58:47     1000     19884    0.20    0.20    0.00    0.00    0.40     7  srcpub
21:58:47     1000     19885    0.00    0.20    0.00    0.00    0.20    15  srcpub
21:58:47     1000     19886    0.20    0.20    0.00    0.00    0.40     9  srcpub
21:58:47     1000     19887    0.20    0.20    0.00    0.00    0.40     9  srcpub
21:58:47     1000     19894    0.20    0.20    0.00    0.00    0.40    10  srcpub
21:58:47     1000     26251    0.20    0.00    0.00    0.00    0.20    15  chrome
21:58:47     1000     27805    0.20    0.00    0.00    0.00    0.20     1  chrome
21:58:47     1000     28824    0.20    0.00    0.00    0.00    0.20     4  chrome
21:58:47     1000     29045    5.40    1.00    0.00    0.00    6.40     4  chrome
21:58:47     1000     29047    0.20    0.20    0.00    0.00    0.40     3  chrome
21:58:47     1000     29091   11.00    0.80    0.00    0.00   11.80     7  chrome
21:58:47      997     30965    0.40    0.40    0.00    0.00    0.80    11  ffmpeg
21:58:47      997     30966    0.40    0.20    0.00    0.00    0.60     4  ffmpeg
21:58:47      997     30967    0.20    0.20    0.00    0.00    0.40     2  ffmpeg
21:58:47      997     30968    0.40    0.20    0.00    0.00    0.60     3  ffmpeg
21:58:47      997     30969    0.20    0.00    0.00    0.00    0.20    15  ffmpeg
21:58:47      997     30970    0.20    0.00    0.00    0.00    0.20    14  ffmpeg
21:58:47      997     30971    0.00    0.20    0.00    0.00    0.20     8  ffmpeg
21:58:47      997     30972    0.20    0.00    0.00    0.00    0.20     6  ffmpeg
21:58:47      997     30973    0.20    0.20    0.00    0.00    0.40     1  ffmpeg
21:58:47      997     30974    0.20    0.20    0.00    0.00    0.40     2  ffmpeg
21:58:47      997     30975    0.20    0.20    0.00    0.00    0.40     9  ffmpeg
21:58:47      997     30976    0.20    0.20    0.00    0.00    0.40     9  ffmpeg
21:58:47      997     30977    0.20    0.20    0.00    0.00    0.40     4  ffmpeg
21:58:47      997     30978    0.40    0.00    0.00    0.00    0.40    11  ffmpeg
21:58:47      997     30979    0.20    0.20    0.00    0.00    0.40    15  ffmpeg
21:58:47      997     30980    0.00    0.40    0.00    0.00    0.40     1  ffmpeg
21:58:47      997     35582    0.40    0.40    0.00    0.00    0.80    15  ffmpeg
21:58:47      997     35583    0.20    0.20    0.00    0.00    0.40     9  ffmpeg
21:58:47      997     35584    0.20    0.00    0.00    0.00    0.20    14  ffmpeg
21:58:47      997     35585    0.20    0.20    0.00    0.00    0.40    15  ffmpeg
21:58:47      997     35586    0.20    0.00    0.00    0.00    0.20     2  ffmpeg
21:58:47      997     35587    0.20    0.00    0.00    0.00    0.20     9  ffmpeg
21:58:47      997     35588    0.20    0.20    0.00    0.00    0.40    11  ffmpeg
21:58:47      997     35589    0.20    0.00    0.00    0.00    0.20     4  ffmpeg
21:58:47     1000     37551    1.40    0.00    0.00    0.00    1.40     2  detdec
21:58:47     1000     37552    1.20    0.00    0.00    0.00    1.20    14  detdec
21:58:47     1000     37553    1.40    0.00    0.00    0.00    1.40    15  detdec
21:58:47     1000     37554    1.20    0.00    0.00    0.00    1.20    14  detdec
21:58:47     1000     37555    1.20    0.20    0.00    0.00    1.40     1  detdec
21:58:47     1000     37556    1.00    0.00    0.00    0.00    1.00     9  detdec
21:58:47     1000     37557    1.00    0.20    0.00    0.00    1.20     6  detdec
21:58:47     1000     37558    1.20    0.20    0.00    0.00    1.40    15  detdec
21:58:47     1000     37559    1.40    0.20    0.00    0.00    1.60    12  detdec
21:58:47     1000     37560    1.40    0.00    0.00    0.00    1.40    12  detdec
21:58:47     1000     37561    1.00    0.20    0.00    0.00    1.20    10  detdec
21:58:47     1000     37562    1.40    0.00    0.00    0.00    1.40     6  detdec
21:58:47     1000     37563    1.20    0.00    0.00    0.00    1.20    15  detdec
21:58:47     1000     37564    1.00    0.20    0.00    0.00    1.20     7  detdec
21:58:47     1000     37565    1.40    0.00    0.00    0.00    1.40     1  detdec
21:58:47     1000     37566    1.20    0.00    0.00    0.00    1.20     1  detdec

# Time        UID       PID    %usr %system  %guest   %wait    %CPU   CPU  Command
21:58:52     1000     19830    7.00    6.00    0.00    0.00   13.00    14  mediamtx
21:58:52     1000     19846    0.20    0.00    0.00    0.00    0.20    12  srcpub
21:58:52     1000     19847    0.20    0.00    0.00    0.00    0.20    15  srcpub
21:58:52     1000     19849    0.20    0.00    0.00    0.00    0.20     0  srcpub
21:58:52     1000     19851    0.20    0.00    0.00    0.00    0.20    10  srcpub
21:58:52     1000     19853    0.20    0.00    0.00    0.00    0.20     7  srcpub
21:58:52     1000     19854    0.20    0.00    0.00    0.00    0.20    14  srcpub
21:58:52     1000     19855    0.00    0.20    0.00    0.00    0.20     6  srcpub
21:58:52     1000     19856    0.00    0.20    0.00    0.00    0.20    12  srcpub
21:58:52     1000     19857    0.20    0.00    0.00    0.00    0.20     6  srcpub
21:58:52     1000     19858    0.00    0.20    0.00    0.00    0.20    14  srcpub
21:58:52     1000     19860    0.20    0.00    0.00    0.00    0.20     2  srcpub
21:58:52     1000     19862    0.20    0.20    0.00    0.00    0.40    14  srcpub
21:58:52     1000     19863    0.20    0.20    0.00    0.00    0.40     1  srcpub
21:58:52     1000     19864    0.20    0.20    0.00    0.00    0.40     7  srcpub
21:58:52     1000     19865    0.00    0.20    0.00    0.00    0.20    12  srcpub
21:58:52     1000     19868    0.00    0.20    0.00    0.00    0.20    15  srcpub
21:58:52     1000     19874    0.20    0.00    0.00    0.00    0.20     5  srcpub
21:58:52     1000     19877    0.00    0.20    0.00    0.00    0.20     0  srcpub
21:58:52     1000     19878    0.20    0.20    0.00    0.00    0.40     8  srcpub
21:58:52     1000     19879    0.20    0.00    0.00    0.00    0.20     2  srcpub
21:58:52     1000     19881    0.00    0.20    0.00    0.00    0.20    13  srcpub
21:58:52     1000     19882    0.00    0.20    0.00    0.00    0.20     0  srcpub
21:58:52     1000     19884    0.00    0.20    0.00    0.00    0.20     2  srcpub
21:58:52     1000     19885    0.20    0.20    0.00    0.00    0.40     2  srcpub
21:58:52     1000     19886    0.20    0.00    0.00    0.00    0.20     9  srcpub
21:58:52     1000     19894    0.20    0.20    0.00    0.00    0.40    13  srcpub
21:58:52     1000     29045    5.40    0.80    0.00    0.00    6.20     8  chrome
21:58:52     1000     29047    0.00    0.20    0.00    0.00    0.20     3  chrome
21:58:52     1000     29091   11.00    1.00    0.00    0.00   12.00     6  chrome
21:58:52      997     30965    0.60    0.20    0.00    0.00    0.80     4  ffmpeg
21:58:52      997     30966    0.60    0.20    0.00    0.00    0.80    14  ffmpeg
21:58:52      997     30967    0.20    0.00    0.00    0.00    0.20    15  ffmpeg
21:58:52      997     30968    0.00    0.20    0.00    0.00    0.20    11  ffmpeg
21:58:52      997     30969    0.20    0.20    0.00    0.00    0.40    14  ffmpeg
21:58:52      997     30970    0.20    0.20    0.00    0.00    0.40    12  ffmpeg
21:58:52      997     30971    0.20    0.20    0.00    0.00    0.40    10  ffmpeg
21:58:52      997     30972    0.20    0.20    0.00    0.00    0.40     6  ffmpeg
21:58:52      997     30973    0.20    0.20    0.00    0.00    0.40     1  ffmpeg
21:58:52      997     30974    0.20    0.00    0.00    0.00    0.20     4  ffmpeg
21:58:52      997     30975    0.20    0.20    0.00    0.20    0.40     6  ffmpeg
21:58:52      997     30976    0.00    0.20    0.00    0.00    0.20     3  ffmpeg
21:58:52      997     30977    0.20    0.20    0.00    0.00    0.40    13  ffmpeg
21:58:52      997     30978    0.00    0.40    0.00    0.00    0.40    11  ffmpeg
21:58:52      997     30979    0.20    0.20    0.00    0.00    0.40     1  ffmpeg
21:58:52      997     30980    0.00    0.40    0.00    0.00    0.40     6  ffmpeg
21:58:52      997     35582    0.60    0.20    0.00    0.00    0.80     0  ffmpeg
21:58:52      997     35584    0.00    0.20    0.00    0.00    0.20     8  ffmpeg
21:58:52      997     35585    0.20    0.00    0.00    0.00    0.20    11  ffmpeg
21:58:52      997     35587    0.20    0.00    0.00    0.00    0.20    12  ffmpeg
21:58:52      997     35589    0.20    0.20    0.00    0.00    0.40     5  ffmpeg
21:58:52      997     35590    0.20    0.20    0.00    0.00    0.40    11  ffmpeg
21:58:52     1000     37551    1.40    0.20    0.00    0.00    1.60    10  detdec
21:58:52     1000     37552    1.40    0.00    0.00    0.00    1.40    14  detdec
21:58:52     1000     37553    1.20    0.00    0.00    0.00    1.20    15  detdec
21:58:52     1000     37554    1.40    0.00    0.00    0.00    1.40    15  detdec
21:58:52     1000     37555    1.00    0.20    0.00    0.00    1.20     2  detdec
21:58:52     1000     37556    1.20    0.20    0.00    0.00    1.40    11  detdec
21:58:52     1000     37557    1.20    0.20    0.00    0.00    1.40    14  detdec
21:58:52     1000     37558    1.40    0.00    0.00    0.00    1.40     6  detdec
21:58:52     1000     37559    1.20    0.00    0.00    0.00    1.20    14  detdec
21:58:52     1000     37560    1.20    0.00    0.00    0.00    1.20    12  detdec
21:58:52     1000     37561    1.20    0.20    0.00    0.00    1.40    10  detdec
21:58:52     1000     37562    1.20    0.00    0.00    0.00    1.20     9  detdec
21:58:52     1000     37563    1.40    0.00    0.00    0.00    1.40    10  detdec
21:58:52     1000     37564    1.20    0.20    0.00    0.00    1.40     7  detdec
21:58:52     1000     37565    1.20    0.20    0.00    0.00    1.40    14  detdec
21:58:52     1000     37566    1.20    0.00    0.00    0.00    1.20     1  detdec

# Time        UID       PID    %usr %system  %guest   %wait    %CPU   CPU  Command
21:58:57     1000     19830    6.80    5.60    0.00    0.00   12.40    14  mediamtx
21:58:57     1000     19846    0.20    0.20    0.00    0.00    0.40    12  srcpub
21:58:57     1000     19847    0.00    0.20    0.00    0.00    0.20    15  srcpub
21:58:57     1000     19849    0.20    0.20    0.00    0.00    0.40     0  srcpub
21:58:57     1000     19850    0.20    0.20    0.00    0.00    0.40    14  srcpub
21:58:57     1000     19851    0.00    0.20    0.00    0.00    0.20    11  srcpub
21:58:57     1000     19853    0.20    0.20    0.00    0.00    0.40     7  srcpub
21:58:57     1000     19854    0.00    0.20    0.00    0.00    0.20    14  srcpub
21:58:57     1000     19855    0.00    0.20    0.00    0.00    0.20     2  srcpub
21:58:57     1000     19856    0.20    0.20    0.00    0.00    0.40    11  srcpub
21:58:57     1000     19857    0.20    0.20    0.00    0.00    0.40     4  srcpub
21:58:57     1000     19858    0.20    0.20    0.00    0.00    0.40     1  srcpub
21:58:57     1000     19860    0.20    0.20    0.00    0.00    0.40     2  srcpub
21:58:57     1000     19862    0.00    0.20    0.00    0.00    0.20     6  srcpub
21:58:57     1000     19863    0.20    0.00    0.00    0.00    0.20     1  srcpub
21:58:57     1000     19864    0.20    0.00    0.00    0.00    0.20     4  srcpub
21:58:57     1000     19865    0.00    0.20    0.00    0.00    0.20     7  srcpub
21:58:57     1000     19868    0.00    0.40    0.00    0.00    0.40    14  srcpub
21:58:57     1000     19874    0.00    0.20    0.00    0.00    0.20     5  srcpub
21:58:57     1000     19877    0.00    0.20    0.00    0.00    0.20     2  srcpub
21:58:57     1000     19878    0.20    0.00    0.00    0.00    0.20     8  srcpub
21:58:57     1000     19879    0.00    0.20    0.00    0.00    0.20     2  srcpub
21:58:57     1000     19881    0.20    0.20    0.00    0.00    0.40    14  srcpub
21:58:57     1000     19882    0.20    0.20    0.00    0.00    0.40    15  srcpub
21:58:57     1000     19884    0.20    0.00    0.00    0.00    0.20     1  srcpub
21:58:57     1000     19885    0.20    0.00    0.00    0.00    0.20    15  srcpub
21:58:57     1000     19886    0.00    0.20    0.00    0.00    0.20     8  srcpub
21:58:57     1000     19887    0.00    0.20    0.00    0.00    0.20     9  srcpub
21:58:57     1000     28824    0.20    0.00    0.00    0.00    0.20     2  chrome
21:58:57     1000     29045    5.40    0.80    0.00    0.00    6.20    11  chrome
21:58:57     1000     29047    0.20    0.00    0.00    0.00    0.20     3  chrome
21:58:57     1000     29091   11.00    0.60    0.00    0.00   11.60     8  chrome
21:58:57      997     30965    0.60    0.20    0.00    0.00    0.80    12  ffmpeg
21:58:57      997     30966    0.40    0.20    0.00    0.00    0.60    11  ffmpeg
21:58:57      997     30967    0.20    0.20    0.00    0.00    0.40     8  ffmpeg
21:58:57      997     30968    0.20    0.20    0.00    0.00    0.40     3  ffmpeg
21:58:57      997     30969    0.20    0.20    0.00    0.00    0.40    14  ffmpeg
21:58:57      997     30970    0.20    0.20    0.00    0.00    0.40    11  ffmpeg
21:58:57      997     30971    0.00    0.40    0.00    0.00    0.40     1  ffmpeg
21:58:57      997     30972    0.20    0.20    0.00    0.00    0.40     6  ffmpeg
21:58:57      997     30973    0.20    0.20    0.00    0.00    0.40    13  ffmpeg
21:58:57      997     30974    0.20    0.20    0.00    0.00    0.40     4  ffmpeg
21:58:57      997     30975    0.00    0.40    0.00    0.00    0.40     3  ffmpeg
21:58:57      997     30976    0.20    0.20    0.00    0.00    0.40     9  ffmpeg
21:58:57      997     30977    0.20    0.00    0.00    0.00    0.20     6  ffmpeg
21:58:57      997     30978    0.20    0.00    0.00    0.00    0.20     9  ffmpeg
21:58:57      997     30979    0.20    0.00    0.00    0.00    0.20    14  ffmpeg
21:58:57      997     30980    0.00    0.40    0.00    0.00    0.40     0  ffmpeg
21:58:57      997     35582    0.40    0.20    0.00    0.00    0.60    13  ffmpeg
21:58:57      997     35583    0.20    0.20    0.00    0.00    0.40     9  ffmpeg
21:58:57      997     35584    0.20    0.00    0.00    0.00    0.20     9  ffmpeg
21:58:57      997     35586    0.20    0.20    0.00    0.00    0.40     4  ffmpeg
21:58:57      997     35587    0.20    0.20    0.00    0.00    0.40    11  ffmpeg
21:58:57      997     35588    0.20    0.00    0.00    0.00    0.20    13  ffmpeg
21:58:57      997     35589    0.20    0.00    0.00    0.00    0.20     1  ffmpeg
21:58:57      997     35590    0.20    0.00    0.00    0.00    0.20    11  ffmpeg
21:58:57     1000     37551    1.20    0.20    0.00    0.00    1.40     9  detdec
21:58:57     1000     37552    1.20    0.00    0.00    0.00    1.20    14  detdec
21:58:57     1000     37553    1.40    0.00    0.00    0.00    1.40    15  detdec
21:58:57     1000     37554    1.20    0.20    0.00    0.00    1.40    12  detdec
21:58:57     1000     37555    1.40    0.00    0.00    0.00    1.40     0  detdec
21:58:57     1000     37556    1.20    0.20    0.00    0.00    1.40    11  detdec
21:58:57     1000     37557    1.20    0.40    0.00    0.00    1.60    13  detdec
21:58:57     1000     37558    1.20    0.00    0.00    0.00    1.20    12  detdec
21:58:57     1000     37559    1.40    0.00    0.00    0.00    1.40    14  detdec
21:58:57     1000     37560    1.40    0.00    0.00    0.00    1.40     2  detdec
21:58:57     1000     37561    1.20    0.00    0.00    0.00    1.20    14  detdec
21:58:57     1000     37562    1.40    0.00    0.00    0.00    1.40    10  detdec
21:58:57     1000     37563    1.20    0.00    0.00    0.00    1.20    15  detdec
21:58:57     1000     37564    1.20    0.20    0.00    0.00    1.40    12  detdec
21:58:57     1000     37565    1.40    0.00    0.00    0.00    1.40     1  detdec
21:58:57     1000     37566    1.20    0.00    0.00    0.00    1.20     1  detdec

# Time        UID       PID    %usr %system  %guest   %wait    %CPU   CPU  Command
21:59:02     1000     19830    7.60    6.00    0.00    0.00   13.60    14  mediamtx
21:59:02     1000     19846    0.20    0.20    0.00    0.00    0.40    13  srcpub
21:59:02     1000     19847    0.20    0.20    0.00    0.00    0.40    15  srcpub
21:59:02     1000     19849    0.00    0.20    0.00    0.00    0.20     9  srcpub
21:59:02     1000     19850    0.20    0.00    0.00    0.00    0.20    13  srcpub
21:59:02     1000     19851    0.20    0.00    0.00    0.00    0.20    12  srcpub
21:59:02     1000     19853    0.00    0.20    0.00    0.00    0.20    14  srcpub
21:59:02     1000     19854    0.20    0.00    0.00    0.00    0.20    15  srcpub
21:59:02     1000     19855    0.20    0.20    0.00    0.00    0.40     0  srcpub
21:59:02     1000     19856    0.00    0.20    0.00    0.00    0.20    11  srcpub
21:59:02     1000     19858    0.00    0.20    0.00    0.00    0.20     2  srcpub
21:59:02     1000     19860    0.00    0.20    0.00    0.00    0.20     9  srcpub
21:59:02     1000     19862    0.20    0.20    0.00    0.00    0.40     4  srcpub
21:59:02     1000     19863    0.00    0.20    0.00    0.00    0.20     1  srcpub
21:59:02     1000     19864    0.00    0.20    0.00    0.00    0.20    15  srcpub
21:59:02     1000     19865    0.20    0.20    0.00    0.00    0.40     6  srcpub
21:59:02     1000     19868    0.20    0.20    0.00    0.00    0.40     8  srcpub
21:59:02     1000     19874    0.20    0.00    0.00    0.00    0.20     8  srcpub
21:59:02     1000     19877    0.20    0.20    0.00    0.00    0.40     0  srcpub
21:59:02     1000     19878    0.20    0.20    0.00    0.00    0.40    10  srcpub
21:59:02     1000     19879    0.20    0.20    0.00    0.00    0.40     9  srcpub
21:59:02     1000     19881    0.00    0.20    0.00    0.00    0.20     1  srcpub
21:59:02     1000     19882    0.00    0.20    0.00    0.00    0.20     1  srcpub
21:59:02     1000     19884    0.00    0.20    0.00    0.00    0.20     7  srcpub
21:59:02     1000     19885    0.00    0.20    0.00    0.00    0.20    14  srcpub
21:59:02     1000     19886    0.20    0.00    0.00    0.00    0.20    11  srcpub
21:59:02     1000     19887    0.20    0.20    0.00    0.00    0.40     5  srcpub
21:59:02     1000     19894    0.20    0.20    0.00    0.00    0.40     9  srcpub
21:59:02     1000     29045    5.40    1.20    0.00    0.00    6.60     6  chrome
21:59:02     1000     29047    0.20    0.20    0.00    0.00    0.40     4  chrome
21:59:02     1000     29091   11.60    1.00    0.00    0.00   12.60     4  chrome
21:59:02      997     30965    0.40    0.40    0.00    0.00    0.80    14  ffmpeg
21:59:02      997     30966    0.60    0.20    0.00    0.00    0.80    11  ffmpeg
21:59:02      997     30967    0.20    0.20    0.00    0.00    0.40     7  ffmpeg
21:59:02      997     30968    0.20    0.20    0.00    0.00    0.40     5  ffmpeg
21:59:02      997     30969    0.20    0.00    0.00    0.00    0.20     4  ffmpeg
21:59:02      997     30970    0.20    0.00    0.00    0.00    0.20     0  ffmpeg
21:59:02      997     30971    0.20    0.20    0.00    0.00    0.40    12  ffmpeg
21:59:02      997     30972    0.20    0.20    0.00    0.00    0.40     1  ffmpeg
21:59:02      997     30973    0.20    0.00    0.00    0.00    0.20     1  ffmpeg
21:59:02      997     30974    0.20    0.20    0.00    0.00    0.40    13  ffmpeg
21:59:02      997     30975    0.20    0.00    0.00    0.00    0.20     1  ffmpeg
21:59:02      997     30976    0.20    0.20    0.00    0.00    0.40     4  ffmpeg
21:59:02      997     30977    0.20    0.20    0.00    0.00    0.40     3  ffmpeg
21:59:02      997     30978    0.20    0.20    0.00    0.00    0.40    12  ffmpeg
21:59:02      997     30979    0.40    0.20    0.00    0.00    0.60    14  ffmpeg
21:59:02      997     30980    0.20    0.20    0.00    0.00    0.40    13  ffmpeg
21:59:02      997     35582    0.40    0.20    0.00    0.00    0.60     9  ffmpeg
21:59:02      997     35583    0.20    0.00    0.00    0.00    0.20     9  ffmpeg
21:59:02      997     35584    0.20    0.20    0.00    0.00    0.40    12  ffmpeg
21:59:02      997     35585    0.20    0.20    0.00    0.00    0.40    15  ffmpeg
21:59:02      997     35586    0.20    0.00    0.00    0.00    0.20     6  ffmpeg
21:59:02      997     35587    0.20    0.00    0.00    0.00    0.20     5  ffmpeg
21:59:02      997     35588    0.20    0.20    0.00    0.00    0.40     8  ffmpeg
21:59:02      997     35589    0.00    0.20    0.00    0.00    0.20     0  ffmpeg
21:59:02      997     35590    0.00    0.20    0.00    0.00    0.20    11  ffmpeg
21:59:02     1000     37551    1.20    0.00    0.00    0.00    1.20     6  detdec
21:59:02     1000     37552    1.20    0.00    0.00    0.00    1.20     2  detdec
21:59:02     1000     37553    1.40    0.00    0.00    0.00    1.40     8  detdec
21:59:02     1000     37554    1.40    0.00    0.00    0.00    1.40    14  detdec
21:59:02     1000     37555    1.20    0.20    0.00    0.00    1.40    10  detdec
21:59:02     1000     37556    1.20    0.00    0.00    0.00    1.20     4  detdec
21:59:02     1000     37557    1.20    0.20    0.00    0.00    1.40     3  detdec
21:59:02     1000     37558    1.40    0.00    0.00    0.00    1.40     3  detdec
21:59:02     1000     37559    1.40    0.00    0.00    0.00    1.40    13  detdec
21:59:02     1000     37560    1.20    0.00    0.00    0.00    1.20    10  detdec
21:59:02     1000     37561    1.20    0.20    0.00    0.00    1.40     1  detdec
21:59:02     1000     37562    1.20    0.20    0.00    0.00    1.40     4  detdec
21:59:02     1000     37563    1.40    0.00    0.00    0.00    1.40    13  detdec
21:59:02     1000     37564    1.40    0.20    0.00    0.00    1.60     3  detdec
21:59:02     1000     37565    1.40    0.20    0.00    0.00    1.60    14  detdec
21:59:02     1000     37566    1.40    0.00    0.00    0.00    1.40     1  detdec

# Time        UID       PID    %usr %system  %guest   %wait    %CPU   CPU  Command
21:59:07     1000     19830    7.00    5.80    0.00    0.00   12.80    14  mediamtx
21:59:07     1000     19846    0.00    0.20    0.00    0.00    0.20     0  srcpub
21:59:07     1000     19847    0.20    0.20    0.00    0.00    0.40     2  srcpub
21:59:07     1000     19849    0.20    0.20    0.00    0.00    0.40     1  srcpub
21:59:07     1000     19850    0.00    0.20    0.00    0.00    0.20     9  srcpub
21:59:07     1000     19851    0.20    0.20    0.00    0.00    0.40    14  srcpub
21:59:07     1000     19853    0.20    0.20    0.00    0.00    0.40    14  srcpub
21:59:07     1000     19854    0.00    0.20    0.00    0.00    0.20    15  srcpub
21:59:07     1000     19855    0.00    0.20    0.00    0.00    0.20     0  srcpub
21:59:07     1000     19856    0.00    0.20    0.00    0.00    0.20    12  srcpub
21:59:07     1000     19857    0.20    0.00    0.00    0.00    0.20     5  srcpub
21:59:07     1000     19858    0.20    0.20    0.00    0.00    0.40     2  srcpub
21:59:07     1000     19860    0.20    0.20    0.00    0.00    0.40     9  srcpub
21:59:07     1000     19862    0.00    0.20    0.00    0.00    0.20     3  srcpub
21:59:07     1000     19863    0.20    0.20    0.00    0.00    0.40     2  srcpub
21:59:07     1000     19864    0.20    0.00    0.00    0.00    0.20     0  srcpub
21:59:07     1000     19865    0.20    0.00    0.00    0.00    0.20     6  srcpub
21:59:07     1000     19874    0.20    0.20    0.00    0.00    0.40     8  srcpub
21:59:07     1000     19877    0.20    0.20    0.00    0.00    0.40     0  srcpub
21:59:07     1000     19878    0.20    0.00    0.00    0.00    0.20     8  srcpub
21:59:07     1000     19879    0.00    0.20    0.00    0.00    0.20     9  srcpub
21:59:07     1000     19881    0.20    0.20    0.00    0.00    0.40     1  srcpub
21:59:07     1000     19884    0.20    0.20    0.00    0.00    0.40     9  srcpub
21:59:07     1000     19885    0.20    0.20    0.00    0.00    0.40    15  srcpub
21:59:07     1000     19886    0.20    0.20    0.00    0.00    0.40    10  srcpub
21:59:07     1000     19887    0.00    0.20    0.00    0.00    0.20     9  srcpub
21:59:07     1000     19894    0.20    0.20    0.00    0.00    0.40     6  srcpub
21:59:07     1000     29045    5.60    0.60    0.00    0.00    6.20     4  chrome
21:59:07     1000     29047    0.20    0.20    0.00    0.00    0.40     4  chrome
21:59:07     1000     29091   11.00    0.60    0.00    0.00   11.60     4  chrome
21:59:07      997     30965    0.80    0.20    0.00    0.00    1.00     7  ffmpeg
21:59:07      997     30966    0.20    0.20    0.00    0.00    0.40     6  ffmpeg
21:59:07      997     30967    0.20    0.20    0.00    0.00    0.40    10  ffmpeg
21:59:07      997     30968    0.20    0.00    0.00    0.00    0.20     1  ffmpeg
21:59:07      997     30969    0.20    0.20    0.00    0.00    0.40     4  ffmpeg
21:59:07      997     30970    0.20    0.20    0.00    0.00    0.40     2  ffmpeg
21:59:07      997     30971    0.00    0.20    0.00    0.00    0.20    12  ffmpeg
21:59:07      997     30972    0.00    0.20    0.00    0.00    0.20    11  ffmpeg
21:59:07      997     30973    0.20    0.20    0.00    0.00    0.40     8  ffmpeg
21:59:07      997     30974    0.20    0.00    0.00    0.00    0.20     7  ffmpeg
21:59:07      997     30975    0.20    0.20    0.00    0.00    0.40    14  ffmpeg
21:59:07      997     30976    0.20    0.20    0.00    0.00    0.40     4  ffmpeg
21:59:07      997     30977    0.20    0.20    0.00    0.00    0.40     4  ffmpeg
21:59:07      997     30978    0.20    0.20    0.00    0.00    0.40     9  ffmpeg
21:59:07      997     30979    0.20    0.00    0.00    0.00    0.20     2  ffmpeg
21:59:07      997     30980    0.20    0.20    0.00    0.00    0.40     2  ffmpeg
21:59:07      997     35582    0.60    0.20    0.00    0.00    0.80     9  ffmpeg
21:59:07      997     35583    0.20    0.20    0.00    0.00    0.40    15  ffmpeg
21:59:07      997     35584    0.20    0.00    0.00    0.00    0.20     1  ffmpeg
21:59:07      997     35585    0.00    0.20    0.00    0.00    0.20    15  ffmpeg
21:59:07      997     35586    0.20    0.20    0.00    0.00    0.40     7  ffmpeg
21:59:07      997     35587    0.20    0.00    0.00    0.00    0.20     5  ffmpeg
21:59:07      997     35588    0.20    0.00    0.00    0.00    0.20     8  ffmpeg
21:59:07      997     35589    0.20    0.00    0.00    0.00    0.20     1  ffmpeg
21:59:07      997     35590    0.20    0.00    0.00    0.00    0.20     0  ffmpeg
21:59:07     1000     37551    1.40    0.00    0.00    0.00    1.40     9  detdec
21:59:07     1000     37552    1.20    0.00    0.00    0.00    1.20    14  detdec
21:59:07     1000     37553    1.40    0.00    0.00    0.00    1.40    14  detdec
21:59:07     1000     37554    1.40    0.00    0.00    0.00    1.40    14  detdec
21:59:07     1000     37555    1.00    0.20    0.00    0.00    1.20     1  detdec
21:59:07     1000     37556    1.20    0.00    0.00    0.00    1.20     9  detdec
21:59:07     1000     37557    1.00    0.20    0.00    0.00    1.20     9  detdec
21:59:07     1000     37558    1.20    0.20    0.00    0.00    1.40    12  detdec
21:59:07     1000     37559    1.40    0.20    0.00    0.00    1.60     4  detdec
21:59:07     1000     37560    1.20    0.00    0.00    0.00    1.20     0  detdec
21:59:07     1000     37561    1.00    0.20    0.00    0.00    1.20     0  detdec
21:59:07     1000     37562    1.40    0.00    0.00    0.00    1.40    15  detdec
21:59:07     1000     37563    1.20    0.00    0.00    0.00    1.20     1  detdec
21:59:07     1000     37564    1.20    0.00    0.00    0.00    1.20     3  detdec
21:59:07     1000     37565    1.20    0.00    0.00    0.00    1.20     1  detdec
21:59:07     1000     37566    1.20    0.00    0.00    0.00    1.20     2  detdec

# Time        UID       PID    %usr %system  %guest   %wait    %CPU   CPU  Command
21:59:12     1000     19830    7.00    6.40    0.00    0.00   13.40    14  mediamtx
21:59:12     1000     19846    0.20    0.20    0.00    0.00    0.40    13  srcpub
21:59:12     1000     19850    0.20    0.00    0.00    0.00    0.20    10  srcpub
21:59:12     1000     19853    0.20    0.00    0.00    0.00    0.20    14  srcpub
21:59:12     1000     19854    0.20    0.00    0.00    0.00    0.20    13  srcpub
21:59:12     1000     19855    0.00    0.20    0.00    0.00    0.20     0  srcpub
21:59:12     1000     19856    0.20    0.00    0.00    0.00    0.20    12  srcpub
21:59:12     1000     19857    0.20    0.20    0.00    0.00    0.40     5  srcpub
21:59:12     1000     19860    0.00    0.20    0.00    0.00    0.20    13  srcpub
21:59:12     1000     19862    0.20    0.00    0.00    0.00    0.20     2  srcpub
21:59:12     1000     19863    0.20    0.20    0.00    0.00    0.40     2  srcpub
21:59:12     1000     19864    0.20    0.20    0.00    0.00    0.40     5  srcpub
21:59:12     1000     19865    0.00    0.20    0.00    0.00    0.20     3  srcpub
21:59:12     1000     19868    0.00    0.20    0.00    0.00    0.20     5  srcpub
21:59:12     1000     19877    0.00    0.20    0.00    0.00    0.20     0  srcpub
21:59:12     1000     19878    0.20    0.20    0.00    0.00    0.40     8  srcpub
21:59:12     1000     19879    0.20    0.20    0.00    0.00    0.40     9  srcpub
21:59:12     1000     19881    0.00    0.20    0.00    0.00    0.20    14  srcpub
21:59:12     1000     19882    0.20    0.20    0.00    0.00    0.40    13  srcpub
21:59:12     1000     19884    0.20    0.20    0.00    0.00    0.40     9  srcpub
21:59:12     1000     19885    0.00    0.20    0.00    0.00    0.20    14  srcpub
21:59:12     1000     19886    0.20    0.20    0.00    0.00    0.40    10  srcpub
21:59:12     1000     19887    0.20    0.00    0.00    0.00    0.20     7  srcpub
21:59:12     1000     19894    0.00    0.20    0.00    0.00    0.20    13  srcpub
21:59:12     1000     28824    0.00    0.20    0.00    0.00    0.20     3  chrome
21:59:12     1000     29045    5.60    0.80    0.00    0.00    6.40     4  chrome
21:59:12     1000     29047    0.20    0.00    0.00    0.00    0.20     4  chrome
21:59:12     1000     29091   11.20    1.00    0.00    0.00   12.20     3  chrome
21:59:12      997     30965    0.40    0.40    0.00    0.00    0.80    10  ffmpeg
21:59:12      997     30966    0.60    0.20    0.00    0.00    0.80    14  ffmpeg
21:59:12      997     30967    0.20    0.00    0.00    0.00    0.20     9  ffmpeg
21:59:12      997     30968    0.20    0.40    0.00    0.00    0.60     5  ffmpeg
21:59:12      997     30969    0.40    0.00    0.00    0.00    0.40     9  ffmpeg
21:59:12      997     30970    0.40    0.20    0.00    0.00    0.60     8  ffmpeg
21:59:12      997     30971    0.20    0.20    0.00    0.00    0.40    14  ffmpeg
21:59:12      997     30972    0.20    0.00    0.00    0.00    0.20    12  ffmpeg
21:59:12      997     30973    0.20    0.20    0.00    0.00    0.40    10  ffmpeg
21:59:12      997     30974    0.20    0.20    0.00    0.00    0.40     8  ffmpeg
21:59:12      997     30975    0.20    0.00    0.00    0.00    0.20     0  ffmpeg
21:59:12      997     30976    0.20    0.20    0.00    0.00    0.40     4  ffmpeg
21:59:12      997     30977    0.20    0.00    0.00    0.00    0.20     8  ffmpeg
21:59:12      997     30978    0.00    0.20    0.00    0.00    0.20     2  ffmpeg
21:59:12      997     30979    0.20    0.20    0.00    0.00    0.40     0  ffmpeg
21:59:12      997     30980    0.20    0.20    0.00    0.00    0.40     9  ffmpeg
21:59:12      997     35582    0.40    0.40    0.00    0.00    0.80     4  ffmpeg
21:59:12      997     35585    0.20    0.20    0.00    0.00    0.40     4  ffmpeg
21:59:12      997     35587    0.20    0.20    0.00    0.00    0.40    10  ffmpeg
21:59:12      997     35588    0.00    0.20    0.00    0.00    0.20    15  ffmpeg
21:59:12      997     35589    0.20    0.20    0.00    0.00    0.40    10  ffmpeg
21:59:12      997     35590    0.20    0.00    0.00    0.00    0.20    13  ffmpeg
21:59:12     1000     37551    1.40    0.20    0.00    0.00    1.60     9  detdec
21:59:12     1000     37552    1.20    0.00    0.00    0.00    1.20     9  detdec
21:59:12     1000     37553    1.40    0.00    0.00    0.00    1.40     9  detdec
21:59:12     1000     37554    1.40    0.00    0.00    0.00    1.40    14  detdec
21:59:12     1000     37555    1.20    0.20    0.00    0.00    1.40     1  detdec
21:59:12     1000     37556    1.20    0.20    0.00    0.00    1.40     4  detdec
21:59:12     1000     37557    1.40    0.20    0.00    0.00    1.60     4  detdec
21:59:12     1000     37558    1.40    0.00    0.00    0.00    1.40     1  detdec
21:59:12     1000     37559    1.40    0.00    0.00    0.00    1.40     1  detdec
21:59:12     1000     37560    1.40    0.00    0.00    0.00    1.40     3  detdec
21:59:12     1000     37561    1.20    0.20    0.00    0.00    1.40     1  detdec
21:59:12     1000     37562    1.20    0.00    0.00    0.00    1.20     1  detdec
21:59:12     1000     37563    1.40    0.00    0.00    0.00    1.40    14  detdec
21:59:12     1000     37564    1.40    0.00    0.00    0.00    1.40     1  detdec
21:59:12     1000     37565    1.20    0.20    0.00    0.00    1.40     0  detdec
21:59:12     1000     37566    1.20    0.00    0.00    0.00    1.20     2  detdec

# Time        UID       PID    %usr %system  %guest   %wait    %CPU   CPU  Command
21:59:17     1000     19830    7.00    5.80    0.00    0.00   12.80    14  mediamtx
21:59:17     1000     19846    0.20    0.00    0.00    0.00    0.20    13  srcpub
21:59:17     1000     19847    0.20    0.20    0.00    0.00    0.40     2  srcpub
21:59:17     1000     19849    0.20    0.00    0.00    0.00    0.20     0  srcpub
21:59:17     1000     19850    0.20    0.00    0.00    0.00    0.20    11  srcpub
21:59:17     1000     19851    0.20    0.20    0.00    0.00    0.40    13  srcpub
21:59:17     1000     19853    0.20    0.20    0.00    0.00    0.40    15  srcpub
21:59:17     1000     19854    0.20    0.20    0.00    0.00    0.40    14  srcpub
21:59:17     1000     19855    0.20    0.20    0.00    0.00    0.40     0  srcpub
21:59:17     1000     19856    0.00    0.20    0.00    0.00    0.20    12  srcpub
21:59:17     1000     19857    0.20    0.00    0.00    0.00    0.20     5  srcpub
21:59:17     1000     19858    0.20    0.20    0.00    0.00    0.40     0  srcpub
21:59:17     1000     19860    0.20    0.00    0.00    0.00    0.20     9  srcpub
21:59:17     1000     19862    0.00    0.20    0.00    0.00    0.20     2  srcpub
21:59:17     1000     19863    0.00    0.20    0.00    0.00    0.20     1  srcpub
21:59:17     1000     19865    0.20    0.00    0.00    0.00    0.20     6  srcpub
21:59:17     1000     19868    0.20    0.20    0.00    0.00    0.40     7  srcpub
21:59:17     1000     19874    0.20    0.20    0.00    0.00    0.40    12  srcpub
21:59:17     1000     19877    0.00    0.20    0.00    0.00    0.20     0  srcpub
21:59:17     1000     19878    0.20    0.00    0.00    0.00    0.20     8  srcpub
21:59:17     1000     19881    0.20    0.20    0.00    0.00    0.40    10  srcpub
21:59:17     1000     19882    0.00    0.20    0.00    0.00    0.20     4  srcpub
21:59:17     1000     19885    0.20    0.00    0.00    0.00    0.20    14  srcpub
21:59:17     1000     19887    0.00    0.20    0.00    0.00    0.20    10  srcpub
21:59:17     1000     19894    0.20    0.20    0.00    0.00    0.40     6  srcpub
21:59:17     1000     26207    0.20    0.00    0.00    0.00    0.20     7  chrome
21:59:17     1000     26251    0.20    0.00    0.00    0.00    0.20     0  chrome
21:59:17     1000     28824    0.20    0.00    0.00    0.00    0.20     3  chrome
21:59:17     1000     29045    5.60    0.80    0.00    0.00    6.40     7  chrome
21:59:17     1000     29047    0.20    0.20    0.00    0.00    0.40     4  chrome
21:59:17     1000     29091   11.20    0.60    0.00    0.00   11.80     8  chrome
21:59:17      997     30965    0.60    0.20    0.00    0.00    0.80    11  ffmpeg
21:59:17      997     30966    0.40    0.40    0.00    0.00    0.80     7  ffmpeg
21:59:17      997     30967    0.20    0.20    0.00    0.00    0.40     9  ffmpeg
21:59:17      997     30968    0.00    0.20    0.00    0.00    0.20     1  ffmpeg
21:59:17      997     30969    0.20    0.20    0.00    0.00    0.40     9  ffmpeg
21:59:17      997     30970    0.20    0.20    0.00    0.00    0.40    13  ffmpeg
21:59:17      997     30971    0.00    0.40    0.00    0.00    0.40    13  ffmpeg
21:59:17      997     30972    0.40    0.20    0.00    0.00    0.60    12  ffmpeg
21:59:17      997     30973    0.20    0.20    0.00    0.00    0.40     9  ffmpeg
21:59:17      997     30974    0.20    0.20    0.00    0.00    0.40     8  ffmpeg
21:59:17      997     30975    0.20    0.20    0.00    0.00    0.40    11  ffmpeg
21:59:17      997     30976    0.20    0.20    0.00    0.00    0.40     5  ffmpeg
21:59:17      997     30977    0.40    0.20    0.00    0.00    0.60     6  ffmpeg
21:59:17      997     30978    0.20    0.20    0.00    0.00    0.40     2  ffmpeg
21:59:17      997     30979    0.20    0.20    0.00    0.00    0.40     1  ffmpeg
21:59:17      997     30980    0.20    0.20    0.00    0.00    0.40     9  ffmpeg
21:59:17      997     35582    0.40    0.20    0.00    0.00    0.60     5  ffmpeg
21:59:17      997     35583    0.20    0.20    0.00    0.00    0.40     4  ffmpeg
21:59:17      997     35584    0.20    0.20    0.00    0.00    0.40     1  ffmpeg
21:59:17      997     35586    0.20    0.00    0.00    0.00    0.20     9  ffmpeg
21:59:17      997     35587    0.20    0.00    0.00    0.00    0.20    15  ffmpeg
21:59:17      997     35588    0.20    0.00    0.00    0.00    0.20    10  ffmpeg
21:59:17      997     35589    0.20    0.00    0.00    0.00    0.20    10  ffmpeg
21:59:17      997     35590    0.20    0.20    0.00    0.00    0.40     2  ffmpeg
21:59:17     1000     37551    1.20    0.00    0.00    0.00    1.20    14  detdec
21:59:17     1000     37552    1.40    0.00    0.00    0.00    1.40    15  detdec
21:59:17     1000     37553    1.40    0.00    0.00    0.00    1.40    13  detdec
21:59:17     1000     37554    1.20    0.00    0.00    0.00    1.20    12  detdec
21:59:17     1000     37555    1.00    0.20    0.00    0.00    1.20     1  detdec
21:59:17     1000     37556    1.20    0.20    0.00    0.00    1.40     9  detdec
21:59:17     1000     37557    1.00    0.20    0.00    0.00    1.20     2  detdec
21:59:17     1000     37558    1.40    0.20    0.00    0.00    1.60    14  detdec
21:59:17     1000     37559    1.40    0.00    0.00    0.00    1.40     2  detdec
21:59:17     1000     37560    1.20    0.00    0.00    0.00    1.20     0  detdec
21:59:17     1000     37561    1.20    0.00    0.00    0.00    1.20     5  detdec
21:59:17     1000     37562    1.40    0.00    0.00    0.00    1.40    14  detdec
21:59:17     1000     37563    1.20    0.00    0.00    0.00    1.20    13  detdec
21:59:17     1000     37564    1.40    0.20    0.00    0.00    1.60     0  detdec
21:59:17     1000     37565    1.40    0.20    0.00    0.00    1.60    13  detdec
21:59:17     1000     37566    1.20    0.00    0.00    0.00    1.20     5  detdec

# Time        UID       PID    %usr %system  %guest   %wait    %CPU   CPU  Command
21:59:22     1000     19830    6.60    6.00    0.00    0.00   12.60    14  mediamtx
21:59:22     1000     19846    0.20    0.20    0.00    0.00    0.40     0  srcpub
21:59:22     1000     19847    0.20    0.20    0.00    0.00    0.40    15  srcpub
21:59:22     1000     19849    0.20    0.20    0.00    0.00    0.40     0  srcpub
21:59:22     1000     19850    0.00    0.20    0.00    0.00    0.20     7  srcpub
21:59:22     1000     19851    0.20    0.20    0.00    0.00    0.40    13  srcpub
21:59:22     1000     19853    0.20    0.20    0.00    0.00    0.40    15  srcpub
21:59:22     1000     19855    0.00    0.20    0.00    0.00    0.20    12  srcpub
21:59:22     1000     19856    0.00    0.20    0.00    0.00    0.20    12  srcpub
21:59:22     1000     19857    0.00    0.20    0.00    0.00    0.20     5  srcpub
21:59:22     1000     19858    0.00    0.20    0.00    0.00    0.20     0  srcpub
21:59:22     1000     19860    0.20    0.00    0.00    0.00    0.20     7  srcpub
21:59:22     1000     19862    0.00    0.20    0.00    0.00    0.20     9  srcpub
21:59:22     1000     19863    0.20    0.20    0.00    0.00    0.40     4  srcpub
21:59:22     1000     19864    0.20    0.20    0.00    0.00    0.40     5  srcpub
21:59:22     1000     19865    0.00    0.20    0.00    0.00    0.20     3  srcpub
21:59:22     1000     19868    0.00    0.20    0.00    0.00    0.20     5  srcpub
21:59:22     1000     19877    0.20    0.20    0.00    0.00    0.40     0  srcpub
21:59:22     1000     19878    0.00    0.20    0.00    0.00    0.20    13  srcpub
21:59:22     1000     19879    0.20    0.20    0.00    0.00    0.40    12  srcpub
21:59:22     1000     19881    0.20    0.00    0.00    0.00    0.20     1  srcpub
21:59:22     1000     19882    0.20    0.00    0.00    0.00    0.20     6  srcpub
21:59:22     1000     19884    0.20    0.20    0.00    0.00    0.40     9  srcpub
21:59:22     1000     19885    0.20    0.20    0.00    0.00    0.40    14  srcpub
21:59:22     1000     19886    0.20    0.20    0.00    0.00    0.40    12  srcpub
21:59:22     1000     19887    0.20    0.20    0.00    0.00    0.40    10  srcpub
21:59:22     1000     29045    5.60    0.80    0.00    0.00    6.40     4  chrome
21:59:22     1000     29047    0.20    0.40    0.00    0.00    0.60     3  chrome
21:59:22     1000     29091   11.00    1.00    0.00    0.00   12.00    10  chrome
21:59:22      997     30965    0.80    0.20    0.00    0.00    1.00     8  ffmpeg
21:59:22      997     30966    0.60    0.20    0.00    0.00    0.80     9  ffmpeg
21:59:22      997     30967    0.20    0.00    0.00    0.00    0.20     3  ffmpeg
21:59:22      997     30968    0.40    0.00    0.00    0.00    0.40     0  ffmpeg
21:59:22      997     30969    0.20    0.20    0.00    0.00    0.40     9  ffmpeg
21:59:22      997     30970    0.20    0.00    0.00    0.00    0.20     2  ffmpeg
21:59:22      997     30971    0.20    0.20    0.00    0.00    0.40     1  ffmpeg
21:59:22      997     30972    0.20    0.00    0.00    0.00    0.20     1  ffmpeg
21:59:22      997     30973    0.40    0.00    0.00    0.00    0.40    14  ffmpeg
21:59:22      997     30974    0.20    0.00    0.00    0.00    0.20    11  ffmpeg
21:59:22      997     30975    0.00    0.40    0.00    0.00    0.40    13  ffmpeg
21:59:22      997     30976    0.20    0.20    0.00    0.00    0.40     6  ffmpeg
21:59:22      997     30977    0.20    0.20    0.00    0.00    0.40     6  ffmpeg
21:59:22      997     30978    0.20    0.20    0.00    0.00    0.40     2  ffmpeg
21:59:22      997     30979    0.20    0.00    0.00    0.00    0.20     6  ffmpeg
21:59:22      997     30980    0.00    0.20    0.00    0.00    0.20     0  ffmpeg
21:59:22      997     35582    0.60    0.00    0.00    0.00    0.60     5  ffmpeg
21:59:22      997     35583    0.20    0.00    0.00    0.00    0.20     4  ffmpeg
21:59:22      997     35584    0.20    0.00    0.00    0.00    0.20     5  ffmpeg
21:59:22      997     35585    0.20    0.00    0.00    0.00    0.20     5  ffmpeg
21:59:22      997     35586    0.20    0.20    0.00    0.00    0.40    15  ffmpeg
21:59:22      997     35588    0.00    0.20    0.00    0.00    0.20     0  ffmpeg
21:59:22      997     35589    0.20    0.00    0.00    0.00    0.20    15  ffmpeg
21:59:22      997     35590    0.20    0.00    0.00    0.00    0.20     3  ffmpeg
21:59:22     1000     37551    1.40    0.20    0.00    0.00    1.60    10  detdec
21:59:22     1000     37552    1.20    0.00    0.00    0.00    1.20    15  detdec
21:59:22     1000     37553    1.60    0.00    0.00    0.00    1.60    14  detdec
21:59:22     1000     37554    1.40    0.00    0.00    0.00    1.40    15  detdec
21:59:22     1000     37555    1.00    0.40    0.00    0.00    1.40     4  detdec
21:59:22     1000     37556    1.20    0.00    0.00    0.00    1.20     9  detdec
21:59:22     1000     37557    1.20    0.40    0.00    0.00    1.60    12  detdec
21:59:22     1000     37558    1.20    0.00    0.00    0.00    1.20    15  detdec
21:59:22     1000     37559    1.40    0.00    0.00    0.00    1.40     7  detdec
21:59:22     1000     37560    1.20    0.00    0.00    0.00    1.20     3  detdec
21:59:22     1000     37561    1.20    0.00    0.00    0.00    1.20     6  detdec
21:59:22     1000     37562    1.40    0.00    0.00    0.00    1.40    11  detdec
21:59:22     1000     37563    1.20    0.00    0.00    0.00    1.20     3  detdec
21:59:22     1000     37564    1.20    0.20    0.00    0.00    1.40    14  detdec
21:59:22     1000     37565    1.20    0.20    0.00    0.00    1.40     8  detdec
21:59:22     1000     37566    1.20    0.00    0.00    0.00    1.20    10  detdec

# Time        UID       PID    %usr %system  %guest   %wait    %CPU   CPU  Command
21:59:27     1000     19830    7.80    5.80    0.00    0.00   13.60    14  mediamtx
21:59:27     1000     19846    0.20    0.20    0.00    0.00    0.40     0  srcpub
21:59:27     1000     19847    0.20    0.00    0.00    0.00    0.20    15  srcpub
21:59:27     1000     19849    0.20    0.20    0.00    0.00    0.40     2  srcpub
21:59:27     1000     19850    0.20    0.00    0.00    0.00    0.20    11  srcpub
21:59:27     1000     19854    0.20    0.20    0.00    0.00    0.40     1  srcpub
21:59:27     1000     19855    0.00    0.20    0.00    0.00    0.20    12  srcpub
21:59:27     1000     19856    0.20    0.20    0.00    1.00    0.40     7  srcpub
21:59:27     1000     19857    0.20    0.00    0.00    0.00    0.20     4  srcpub
21:59:27     1000     19858    0.20    0.20    0.00    0.00    0.40     0  srcpub
21:59:27     1000     19860    0.20    0.20    0.00    0.00    0.40     9  srcpub
21:59:27     1000     19862    0.20    0.20    0.00    0.00    0.40     1  srcpub
21:59:27     1000     19864    0.20    0.00    0.00    0.20    0.20     4  srcpub
21:59:27     1000     19865    0.20    0.20    0.00    0.00    0.40     3  srcpub
21:59:27     1000     19868    0.20    0.20    0.00    0.00    0.40     8  srcpub
21:59:27     1000     19874    0.20    0.20    0.00    0.00    0.40     7  srcpub
21:59:27     1000     19877    0.20    0.00    0.00    0.00    0.20     0  srcpub
21:59:27     1000     19878    0.20    0.20    0.00    0.00    0.40     8  srcpub
21:59:27     1000     19879    0.20    0.20    0.00    0.00    0.40    12  srcpub
21:59:27     1000     19881    0.20    0.20    0.00    0.00    0.40    10  srcpub
21:59:27     1000     19882    0.00    0.20    0.00    0.00    0.20     6  srcpub
21:59:27     1000     19884    0.20    0.20    0.00    0.00    0.40     7  srcpub
21:59:27     1000     19885    0.00    0.20    0.00    0.00    0.20    15  srcpub
21:59:27     1000     19886    0.00    0.20    0.00    0.00    0.20    11  srcpub
21:59:27     1000     19894    0.20    0.20    0.00    0.00    0.40    13  srcpub
21:59:27     1000     27919    0.20    0.00    0.00    0.00    0.20     7  chrome
21:59:27     1000     28824    0.20    0.00    0.00    0.00    0.20    10  chrome
21:59:27     1000     29045    5.60    1.00    0.00    0.00    6.60     6  chrome
21:59:27     1000     29091   11.20    1.00    0.00    0.00   12.20     6  chrome
21:59:27      997     30965    0.60    0.40    0.00    0.00    1.00     3  ffmpeg
21:59:27      997     30966    0.40    0.20    0.00    0.00    0.60     2  ffmpeg
21:59:27      997     30967    0.20    0.20    0.00    0.00    0.40     5  ffmpeg
21:59:27      997     30968    0.00    0.20    0.00    0.00    0.20     7  ffmpeg
21:59:27      997     30969    0.20    0.00    0.00    0.00    0.20     9  ffmpeg
21:59:27      997     30970    0.20    0.20    0.00    0.00    0.40     3  ffmpeg
21:59:27      997     30971    0.20    0.20    0.00    0.00    0.40     1  ffmpeg
21:59:27      997     30972    0.20    0.20    0.00    0.00    0.40     5  ffmpeg
21:59:27      997     30973    0.20    0.20    0.00    0.00    0.40     9  ffmpeg
21:59:27      997     30974    0.40    0.20    0.00    0.00    0.60    11  ffmpeg
21:59:27      997     30975    0.20    0.00    0.00    0.00    0.20    13  ffmpeg
21:59:27      997     30976    0.00    0.20    0.00    0.00    0.20     7  ffmpeg
21:59:27      997     30977    0.20    0.20    0.00    0.00    0.40     3  ffmpeg
21:59:27      997     30978    0.20    0.20    0.00    0.00    0.40     6  ffmpeg
21:59:27      997     30979    0.20    0.20    0.00    0.00    0.40     0  ffmpeg
21:59:27      997     30980    0.00    0.20    0.00    0.00    0.20    11  ffmpeg
21:59:27      997     35582    0.60    0.20    0.00    0.00    0.80     4  ffmpeg
21:59:27      997     35583    0.20    0.00    0.00    0.00    0.20     8  ffmpeg
21:59:27      997     35584    0.20    0.20    0.00    0.00    0.40     5  ffmpeg
21:59:27      997     35585    0.20    0.20    0.00    0.00    0.40     4  ffmpeg
21:59:27      997     35586    0.20    0.00    0.00    0.00    0.20     9  ffmpeg
21:59:27      997     35587    0.20    0.20    0.00    0.00    0.40    15  ffmpeg
21:59:27      997     35588    0.20    0.00    0.00    0.00    0.20     4  ffmpeg
21:59:27      997     35589    0.20    0.20    0.00    0.00    0.40     0  ffmpeg
21:59:27     1000     37551    1.40    0.00    0.00    0.00    1.40     5  detdec
21:59:27     1000     37552    1.20    0.00    0.00    0.00    1.20     0  detdec
21:59:27     1000     37553    1.40    0.00    0.00    0.00    1.40    11  detdec
21:59:27     1000     37554    1.40    0.00    0.00    0.00    1.40    12  detdec
21:59:27     1000     37555    1.00    0.20    0.00    0.00    1.20     4  detdec
21:59:27     1000     37556    1.40    0.00    0.00    0.00    1.40    15  detdec
21:59:27     1000     37557    1.20    0.00    0.00    0.00    1.20    14  detdec
21:59:27     1000     37558    1.40    0.00    0.00    0.00    1.40    12  detdec
21:59:27     1000     37559    1.40    0.00    0.00    0.00    1.40    14  detdec
21:59:27     1000     37560    1.40    0.00    0.00    0.00    1.40    15  detdec
21:59:27     1000     37561    1.20    0.20    0.00    0.00    1.40     2  detdec
21:59:27     1000     37562    1.20    0.00    0.00    0.00    1.20     4  detdec
21:59:27     1000     37563    1.20    0.00    0.00    0.00    1.20    12  detdec
21:59:27     1000     37564    1.20    0.20    0.00    0.00    1.40     9  detdec
21:59:27     1000     37565    1.40    0.00    0.00    0.00    1.40     0  detdec
21:59:27     1000     37566    1.20    0.00    0.00    0.00    1.20    12  detdec

# Time        UID       PID    %usr %system  %guest   %wait    %CPU   CPU  Command
21:59:32     1000     19830    6.60    6.00    0.00    0.00   12.60    14  mediamtx
21:59:32     1000     19846    0.00    0.20    0.00    0.00    0.20    13  srcpub
21:59:32     1000     19847    0.20    0.20    0.00    0.00    0.40     2  srcpub
21:59:32     1000     19849    0.00    0.20    0.00    0.00    0.20     2  srcpub
21:59:32     1000     19850    0.00    0.20    0.00    0.00    0.20    11  srcpub
21:59:32     1000     19851    0.20    0.20    0.00    0.00    0.40     8  srcpub
21:59:32     1000     19853    0.20    0.20    0.00    0.00    0.40    14  srcpub
21:59:32     1000     19854    0.20    0.00    0.00    0.00    0.20     2  srcpub
21:59:32     1000     19855    0.20    0.20    0.00    0.00    0.40    14  srcpub
21:59:32     1000     19857    0.20    0.20    0.00    0.00    0.40     4  srcpub
21:59:32     1000     19858    0.00    0.20    0.00    0.00    0.20     0  srcpub
21:59:32     1000     19860    0.00    0.20    0.00    0.00    0.20    10  srcpub
21:59:32     1000     19862    0.00    0.20    0.00    0.00    0.20     1  srcpub
21:59:32     1000     19863    0.20    0.20    0.00    0.00    0.40    14  srcpub
21:59:32     1000     19864    0.00    0.20    0.00    0.00    0.20     6  srcpub
21:59:32     1000     19874    0.20    0.00    0.00    0.00    0.20     1  srcpub
21:59:32     1000     19877    0.00    0.20    0.00    0.00    0.20     0  srcpub
21:59:32     1000     19878    0.20    0.20    0.00    0.00    0.40    13  srcpub
21:59:32     1000     19879    0.00    0.20    0.00    0.00    0.20    10  srcpub
21:59:32     1000     19881    0.00    0.20    0.00    0.00    0.20    11  srcpub
21:59:32     1000     19882    0.00    0.20    0.00    0.00    0.20     0  srcpub
21:59:32     1000     19884    0.20    0.00    0.00    0.00    0.20     5  srcpub
21:59:32     1000     19885    0.20    0.20    0.00    0.00    0.40    15  srcpub
21:59:32     1000     19886    0.20    0.20    0.00    0.00    0.40    12  srcpub
21:59:32     1000     19887    0.20    0.20    0.00    0.00    0.40    11  srcpub
21:59:32     1000     19894    0.20    0.20    0.00    0.00    0.40     7  srcpub
21:59:32     1000     29045    5.40    0.80    0.00    0.00    6.20     5  chrome
21:59:32     1000     29047    0.20    0.20    0.00    0.00    0.40     3  chrome
21:59:32     1000     29091   11.00    0.80    0.00    0.00   11.80    13  chrome
21:59:32      997     30965    0.40    0.40    0.00    0.00    0.80    15  ffmpeg
21:59:32      997     30966    0.60    0.20    0.00    0.00    0.80     0  ffmpeg
21:59:32      997     30967    0.20    0.00    0.00    0.00    0.20     1  ffmpeg
21:59:32      997     30968    0.20    0.20    0.00    0.00    0.40     8  ffmpeg
21:59:32      997     30969    0.20    0.20    0.00    0.00    0.40    10  ffmpeg
21:59:32      997     30970    0.20    0.20    0.00    0.00    0.40    10  ffmpeg
21:59:32      997     30971    0.00    0.20    0.00    0.00    0.20     7  ffmpeg
21:59:32      997     30972    0.20    0.20    0.00    0.00    0.40     6  ffmpeg
21:59:32      997     30973    0.20    0.20    0.00    0.00    0.40     7  ffmpeg
21:59:32      997     30974    0.20    0.00    0.00    0.00    0.20     5  ffmpeg
21:59:32      997     30975    0.20    0.20    0.00    0.00    0.40     2  ffmpeg
21:59:32      997     30976    0.40    0.00    0.00    0.00    0.40     1  ffmpeg
21:59:32      997     30977    0.20    0.00    0.00    0.00    0.20     6  ffmpeg
21:59:32      997     30978    0.20    0.00    0.00    0.00    0.20     5  ffmpeg
21:59:32      997     30979    0.20    0.00    0.00    0.00    0.20     2  ffmpeg
21:59:32      997     30980    0.40    0.20    0.00    0.00    0.60     3  ffmpeg
21:59:32      997     35582    0.40    0.00    0.00    0.00    0.40     9  ffmpeg
21:59:32      997     35583    0.20    0.00    0.00    0.00    0.20     7  ffmpeg
21:59:32      997     35584    0.20    0.00    0.00    0.00    0.20     5  ffmpeg
21:59:32      997     35588    0.20    0.20    0.00    0.00    0.40    13  ffmpeg
21:59:32      997     35589    0.20    0.00    0.00    0.00    0.20     0  ffmpeg
21:59:32      997     35590    0.20    0.20    0.00    0.00    0.40     5  ffmpeg
21:59:32     1000     37551    1.40    0.00    0.00    0.00    1.40     4  detdec
21:59:32     1000     37552    1.20    0.20    0.00    0.00    1.40     1  detdec
21:59:32     1000     37553    1.20    0.00    0.00    0.00    1.20    11  detdec
21:59:32     1000     37554    1.40    0.20    0.00    0.00    1.60     1  detdec
21:59:32     1000     37555    1.20    0.20    0.00    0.00    1.40     5  detdec
21:59:32     1000     37556    1.20    0.20    0.00    0.00    1.40     0  detdec
21:59:32     1000     37557    1.20    0.20    0.00    0.00    1.40     3  detdec
21:59:32     1000     37558    1.20    0.20    0.00    0.00    1.40     1  detdec
21:59:32     1000     37559    1.40    0.00    0.00    0.00    1.40     1  detdec
21:59:32     1000     37560    1.20    0.00    0.00    0.00    1.20     0  detdec
21:59:32     1000     37561    1.20    0.00    0.00    0.00    1.20     2  detdec
21:59:32     1000     37562    1.40    0.00    0.00    0.00    1.40     4  detdec
21:59:32     1000     37563    1.40    0.00    0.00    0.00    1.40     9  detdec
21:59:32     1000     37564    1.00    0.40    0.00    0.00    1.40     6  detdec
21:59:32     1000     37565    1.20    0.20    0.00    0.00    1.40    12  detdec
21:59:32     1000     37566    1.20    0.00    0.00    0.00    1.20    11  detdec

# Time        UID       PID    %usr %system  %guest   %wait    %CPU   CPU  Command
21:59:37     1000     19830    7.80    6.40    0.00    0.00   14.20    14  mediamtx
21:59:37     1000     19846    0.20    0.00    0.00    0.00    0.20    13  srcpub
21:59:37     1000     19850    0.20    0.00    0.00    0.00    0.20     7  srcpub
21:59:37     1000     19851    0.20    0.00    0.00    0.00    0.20    10  srcpub
21:59:37     1000     19853    0.00    0.20    0.00    0.00    0.20     8  srcpub
21:59:37     1000     19854    0.00    0.20    0.00    0.00    0.20     3  srcpub
21:59:37     1000     19855    0.00    0.20    0.00    0.00    0.20    14  srcpub
21:59:37     1000     19856    0.00    0.20    0.00    0.00    0.20    12  srcpub
21:59:37     1000     19857    0.20    0.00    0.00    0.00    0.20     5  srcpub
21:59:37     1000     19858    0.20    0.20    0.00    0.00    0.40     2  srcpub
21:59:37     1000     19860    0.00    0.20    0.00    0.00    0.20    12  srcpub
21:59:37     1000     19862    0.20    0.20    0.00    0.00    0.40     4  srcpub
21:59:37     1000     19863    0.20    0.20    0.00    0.00    0.40     1  srcpub
21:59:37     1000     19864    0.20    0.00    0.00    0.00    0.20     8  srcpub
21:59:37     1000     19865    0.20    0.20    0.00    0.00    0.40     7  srcpub
21:59:37     1000     19868    0.20    0.20    0.00    0.00    0.40     1  srcpub
21:59:37     1000     19874    0.00    0.20    0.00    0.00    0.20     1  srcpub
21:59:37     1000     19877    0.20    0.20    0.00    0.00    0.40     0  srcpub
21:59:37     1000     19878    0.40    0.00    0.00    0.00    0.40    14  srcpub
21:59:37     1000     19879    0.00    0.20    0.00    0.00    0.20    11  srcpub
21:59:37     1000     19881    0.40    0.00    0.00    0.00    0.40    10  srcpub
21:59:37     1000     19882    0.20    0.00    0.00    0.00    0.20     6  srcpub
21:59:37     1000     19884    0.20    0.20    0.00    0.00    0.40     7  srcpub
21:59:37     1000     19885    0.00    0.20    0.00    0.00    0.20    15  srcpub
21:59:37     1000     19886    0.00    0.20    0.00    0.00    0.20    12  srcpub
21:59:37     1000     19887    0.20    0.00    0.00    0.00    0.20    12  srcpub
21:59:37     1000     29045    5.80    0.60    0.00    0.00    6.40     6  chrome
21:59:37     1000     29047    0.20    0.20    0.00    0.00    0.40     3  chrome
21:59:37     1000     29091   11.60    0.60    0.00    0.00   12.20    15  chrome
21:59:37      997     30965    0.60    0.20    0.00    0.00    0.80     7  ffmpeg
21:59:37      997     30966    0.60    0.20    0.00    0.00    0.80     0  ffmpeg
21:59:37      997     30967    0.40    0.20    0.00    0.00    0.60     4  ffmpeg
21:59:37      997     30968    0.20    0.20    0.00    0.00    0.40     5  ffmpeg
21:59:37      997     30969    0.20    0.20    0.00    0.00    0.40     9  ffmpeg
21:59:37      997     30970    0.20    0.00    0.00    0.00    0.20    12  ffmpeg
21:59:37      997     30971    0.20    0.20    0.00    0.00    0.40     0  ffmpeg
21:59:37      997     30972    0.20    0.00    0.00    0.00    0.20    15  ffmpeg
21:59:37      997     30973    0.20    0.00    0.00    0.00    0.20    11  ffmpeg
21:59:37      997     30974    0.20    0.20    0.00    0.00    0.40    10  ffmpeg
21:59:37      997     30975    0.20    0.20    0.00    0.00    0.40    15  ffmpeg
21:59:37      997     30976    0.20    0.20    0.00    0.00    0.40    13  ffmpeg
21:59:37      997     30977    0.20    0.20    0.00    0.00    0.40     7  ffmpeg
21:59:37      997     30978    0.20    0.20    0.00    0.00    0.40    15  ffmpeg
21:59:37      997     30979    0.20    0.20    0.00    0.00    0.40     1  ffmpeg
21:59:37      997     30980    0.00    0.20    0.00    0.00    0.20     0  ffmpeg
21:59:37      997     35582    0.60    0.40    0.00    0.00    1.00     3  ffmpeg
21:59:37      997     35583    0.00    0.20    0.00    0.00    0.20    12  ffmpeg
21:59:37      997     35584    0.00    0.20    0.00    0.00    0.20     5  ffmpeg
21:59:37      997     35585    0.20    0.00    0.00    0.00    0.20     6  ffmpeg
21:59:37      997     35586    0.20    0.20    0.00    0.00    0.40     5  ffmpeg
21:59:37      997     35587    0.20    0.20    0.00    0.00    0.40     6  ffmpeg
21:59:37      997     35590    0.20    0.00    0.00    0.00    0.20     1  ffmpeg
21:59:37     1000     37551    1.20    0.20    0.00    0.00    1.40     2  detdec
21:59:37     1000     37552    1.40    0.00    0.00    0.00    1.40     0  detdec
21:59:37     1000     37553    1.40    0.00    0.00    0.00    1.40    14  detdec
21:59:37     1000     37554    1.40    0.00    0.00    0.00    1.40    14  detdec
21:59:37     1000     37555    1.00    0.20    0.00    0.00    1.20     5  detdec
21:59:37     1000     37556    1.20    0.00    0.00    0.00    1.20     0  detdec
21:59:37     1000     37557    1.20    0.20    0.00    0.00    1.40     8  detdec
21:59:37     1000     37558    1.20    0.00    0.00    0.00    1.20     1  detdec
21:59:37     1000     37559    1.40    0.00    0.00    0.00    1.40    10  detdec
21:59:37     1000     37560    1.40    0.00    0.00    0.00    1.40    15  detdec
21:59:37     1000     37561    1.20    0.20    0.00    0.20    1.40    14  detdec
21:59:37     1000     37562    1.40    0.00    0.00    0.00    1.40    12  detdec
21:59:37     1000     37563    1.20    0.00    0.00    0.00    1.20     0  detdec
21:59:37     1000     37564    1.00    0.20    0.00    0.00    1.20    12  detdec
21:59:37     1000     37565    1.40    0.00    0.00    0.00    1.40    12  detdec
21:59:37     1000     37566    1.20    0.00    0.00    0.00    1.20    14  detdec

# Time        UID       PID    %usr %system  %guest   %wait    %CPU   CPU  Command
21:59:42     1000     19830    7.00    5.80    0.00    0.00   12.80    14  mediamtx
21:59:42     1000     19846    0.20    0.20    0.00    0.00    0.40    14  srcpub
21:59:42     1000     19847    0.20    0.20    0.00    0.00    0.40     1  srcpub
21:59:42     1000     19849    0.20    0.20    0.00    0.00    0.40     8  srcpub
21:59:42     1000     19850    0.20    0.00    0.00    0.00    0.20    11  srcpub
21:59:42     1000     19851    0.20    0.20    0.00    0.00    0.40    10  srcpub
21:59:42     1000     19853    0.20    0.20    0.00    0.00    0.40    14  srcpub
21:59:42     1000     19854    0.20    0.20    0.00    0.00    0.40    14  srcpub
21:59:42     1000     19855    0.20    0.20    0.00    0.00    0.40    14  srcpub
21:59:42     1000     19856    0.20    0.20    0.00    0.00    0.40    13  srcpub
21:59:42     1000     19857    0.00    0.20    0.00    0.00    0.20     5  srcpub
21:59:42     1000     19860    0.20    0.20    0.00    0.00    0.40    12  srcpub
21:59:42     1000     19863    0.00    0.20    0.00    0.00    0.20     7  srcpub
21:59:42     1000     19864    0.00    0.20    0.00    0.00    0.20     4  srcpub
21:59:42     1000     19865    0.20    0.00    0.00    0.00    0.20     3  srcpub
21:59:42     1000     19868    0.00    0.20    0.00    0.00    0.20     8  srcpub
21:59:42     1000     19874    0.20    0.00    0.00    0.00    0.20     2  srcpub
21:59:42     1000     19877    0.00    0.20    0.00    0.00    0.20     7  srcpub
21:59:42     1000     19878    0.00    0.20    0.00    0.00    0.20    14  srcpub
21:59:42     1000     19879    0.20    0.20    0.00    0.00    0.40    12  srcpub
21:59:42     1000     19881    0.00    0.20    0.00    0.00    0.20    11  srcpub
21:59:42     1000     19882    0.00    0.20    0.00    0.00    0.20     2  srcpub
21:59:42     1000     19884    0.20    0.00    0.00    0.00    0.20     7  srcpub
21:59:42     1000     19885    0.20    0.00    0.00    0.00    0.20    15  srcpub
21:59:42     1000     19886    0.20    0.00    0.00    0.00    0.20    14  srcpub
21:59:42     1000     19887    0.00    0.20    0.00    0.00    0.20    12  srcpub
21:59:42     1000     19894    0.20    0.20    0.00    0.00    0.40     7  srcpub
21:59:42     1000     28824    0.20    0.00    0.00    0.00    0.20     6  chrome
21:59:42     1000     29045    5.40    1.00    0.00    0.00    6.40     9  chrome
21:59:42     1000     29047    0.20    0.20    0.00    0.00    0.40     3  chrome
21:59:42     1000     29091   11.40    0.80    0.00    0.00   12.20     6  chrome
21:59:42      997     30965    0.60    0.20    0.00    0.00    0.80    13  ffmpeg
21:59:42      997     30966    0.40    0.20    0.00    0.00    0.60    15  ffmpeg
21:59:42      997     30967    0.20    0.20    0.00    0.00    0.40     7  ffmpeg
21:59:42      997     30968    0.20    0.20    0.00    0.00    0.40     5  ffmpeg
21:59:42      997     30969    0.20    0.20    0.00    0.00    0.40     9  ffmpeg
21:59:42      997     30970    0.20    0.20    0.00    0.00    0.40    12  ffmpeg
21:59:42      997     30971    0.20    0.20    0.00    0.00    0.40     1  ffmpeg
21:59:42      997     30972    0.20    0.20    0.00    0.00    0.40     0  ffmpeg
21:59:42      997     30973    0.20    0.20    0.00    0.00    0.40     7  ffmpeg
21:59:42      997     30974    0.20    0.20    0.00    0.00    0.40    14  ffmpeg
21:59:42      997     30975    0.20    0.00    0.00    0.00    0.20    15  ffmpeg
21:59:42      997     30976    0.20    0.20    0.00    0.00    0.40    10  ffmpeg
21:59:42      997     30977    0.20    0.20    0.00    0.00    0.40     7  ffmpeg
21:59:42      997     30978    0.20    0.20    0.00    0.00    0.40    14  ffmpeg
21:59:42      997     30979    0.20    0.20    0.00    0.00    0.40    15  ffmpeg
21:59:42      997     30980    0.40    0.20    0.00    0.00    0.60     0  ffmpeg
21:59:42      997     35582    0.40    0.20    0.00    0.00    0.60     7  ffmpeg
21:59:42      997     35583    0.20    0.00    0.00    0.00    0.20    12  ffmpeg
21:59:42      997     35584    0.20    0.00    0.00    0.00    0.20     2  ffmpeg
21:59:42      997     35585    0.20    0.20    0.00    0.00    0.40     3  ffmpeg
21:59:42      997     35586    0.00    0.20    0.00    0.00    0.20     6  ffmpeg
21:59:42      997     35587    0.20    0.00    0.00    0.00    0.20     1  ffmpeg
21:59:42      997     35588    0.20    0.20    0.00    0.00    0.40     1  ffmpeg
21:59:42      997     35589    0.20    0.00    0.00    0.00    0.20     1  ffmpeg
21:59:42      997     35590    0.20    0.00    0.00    0.00    0.20     0  ffmpeg
21:59:42     1000     37551    1.20    0.00    0.00    0.00    1.20     4  detdec
21:59:42     1000     37552    1.20    0.00    0.00    0.00    1.20     9  detdec
21:59:42     1000     37553    1.40    0.00    0.00    0.00    1.40    11  detdec
21:59:42     1000     37554    1.20    0.00    0.00    0.00    1.20     8  detdec
21:59:42     1000     37555    1.00    0.40    0.00    0.00    1.40    10  detdec
21:59:42     1000     37556    1.20    0.00    0.00    0.00    1.20     0  detdec
21:59:42     1000     37557    1.00    0.20    0.00    0.00    1.20     1  detdec
21:59:42     1000     37558    1.40    0.20    0.00    0.00    1.60     0  detdec
21:59:42     1000     37559    1.40    0.00    0.00    0.00    1.40     3  detdec
21:59:42     1000     37560    1.20    0.00    0.00    0.00    1.20     2  detdec
21:59:42     1000     37561    1.20    0.00    0.00    0.00    1.20     0  detdec
21:59:42     1000     37562    1.20    0.20    0.00    0.00    1.40    15  detdec
21:59:42     1000     37563    1.20    0.00    0.00    0.00    1.20     2  detdec
21:59:42     1000     37564    1.20    0.20    0.00    0.00    1.40     4  detdec
21:59:42     1000     37565    1.20    0.20    0.00    0.00    1.40    15  detdec
21:59:42     1000     37566    1.20    0.00    0.00    0.00    1.20    11  detdec

# Time        UID       PID    %usr %system  %guest   %wait    %CPU   CPU  Command
21:59:47     1000     19830    7.20    6.20    0.00    0.00   13.40    14  mediamtx
21:59:47     1000     19846    0.00    0.40    0.00    0.00    0.40    14  srcpub
21:59:47     1000     19847    0.20    0.20    0.00    0.00    0.40     1  srcpub
21:59:47     1000     19849    0.00    0.20    0.00    0.00    0.20     3  srcpub
21:59:47     1000     19850    0.00    0.20    0.00    0.00    0.20    11  srcpub
21:59:47     1000     19853    0.20    0.20    0.00    0.00    0.40    14  srcpub
21:59:47     1000     19856    0.00    0.20    0.00    0.00    0.20    13  srcpub
21:59:47     1000     19857    0.40    0.00    0.00    0.00    0.40     5  srcpub
21:59:47     1000     19858    0.20    0.20    0.00    0.00    0.40     0  srcpub
21:59:47     1000     19860    0.00    0.20    0.00    0.00    0.20    11  srcpub
21:59:47     1000     19862    0.20    0.20    0.00    0.00    0.40     1  srcpub
21:59:47     1000     19863    0.20    0.00    0.00    0.00    0.20     4  srcpub
21:59:47     1000     19864    0.20    0.00    0.00    0.00    0.20    12  srcpub
21:59:47     1000     19865    0.00    0.20    0.00    0.00    0.20     3  srcpub
21:59:47     1000     19868    0.20    0.20    0.00    0.00    0.40     9  srcpub
21:59:47     1000     19874    0.20    0.20    0.00    0.00    0.40     5  srcpub
21:59:47     1000     19877    0.20    0.20    0.00    0.00    0.40     0  srcpub
21:59:47     1000     19878    0.20    0.20    0.00    0.00    0.40    13  srcpub
21:59:47     1000     19879    0.00    0.20    0.00    0.00    0.20    11  srcpub
21:59:47     1000     19881    0.20    0.20    0.00    0.00    0.40    11  srcpub
21:59:47     1000     19882    0.20    0.20    0.00    0.00    0.40     8  srcpub
21:59:47     1000     19884    0.00    0.20    0.00    0.00    0.20     4  srcpub
21:59:47     1000     19885    0.00    0.40    0.00    0.00    0.40     1  srcpub
21:59:47     1000     19886    0.20    0.20    0.00    0.00    0.40    14  srcpub
21:59:47     1000     19887    0.20    0.20    0.00    0.00    0.40    13  srcpub
21:59:47     1000     19894    0.20    0.00    0.00    0.00    0.20    13  srcpub
21:59:47     1000     26251    0.20    0.00    0.00    0.00    0.20    15  chrome
21:59:47     1000     29045    5.20    1.00    0.00    0.20    6.20     6  chrome
21:59:47     1000     29047    0.00    0.20    0.00    0.00    0.20     3  chrome
21:59:47     1000     29091   11.40    0.60    0.00    0.00   12.00     4  chrome
21:59:47      997     30965    0.40    0.40    0.00    0.00    0.80     8  ffmpeg
21:59:47      997     30966    0.40    0.20    0.00    0.00    0.60     0  ffmpeg
21:59:47      997     30967    0.20    0.00    0.00    0.00    0.20     9  ffmpeg
21:59:47      997     30968    0.00    0.40    0.00    0.00    0.40     3  ffmpeg
21:59:47      997     30969    0.20    0.00    0.00    0.00    0.20     9  ffmpeg
21:59:47      997     30970    0.20    0.20    0.00    0.00    0.40     0  ffmpeg
21:59:47      997     30971    0.00    0.40    0.00    0.00    0.40     9  ffmpeg
21:59:47      997     30972    0.40    0.00    0.00    0.00    0.40     1  ffmpeg
21:59:47      997     30973    0.20    0.00    0.00    0.00    0.20    13  ffmpeg
21:59:47      997     30974    0.20    0.20    0.00    0.00    0.40     0  ffmpeg
21:59:47      997     30975    0.20    0.20    0.00    0.00    0.40    15  ffmpeg
21:59:47      997     30976    0.20    0.20    0.00    0.00    0.40    13  ffmpeg
21:59:47      997     30977    0.20    0.00    0.00    0.00    0.20     2  ffmpeg
21:59:47      997     30978    0.20    0.20    0.00    0.00    0.40     0  ffmpeg
21:59:47      997     30979    0.20    0.20    0.00    0.00    0.40     3  ffmpeg
21:59:47      997     30980    0.00    0.20    0.00    0.00    0.20    10  ffmpeg
21:59:47      997     35582    0.40    0.20    0.00    0.00    0.60    10  ffmpeg
21:59:47      997     35583    0.20    0.20    0.00    0.00    0.40    12  ffmpeg
21:59:47      997     35584    0.20    0.20    0.00    0.00    0.40    10  ffmpeg
21:59:47      997     35585    0.20    0.00    0.00    0.00    0.20     0  ffmpeg
21:59:47      997     35586    0.20    0.20    0.00    0.00    0.40     0  ffmpeg
21:59:47      997     35587    0.20    0.00    0.00    0.00    0.20    10  ffmpeg
21:59:47      997     35588    0.20    0.00    0.00    0.00    0.20     1  ffmpeg
21:59:47      997     35589    0.20    0.20    0.00    0.00    0.40     4  ffmpeg
21:59:47      997     35590    0.20    0.20    0.00    0.00    0.40     1  ffmpeg
21:59:47     1000     37551    1.40    0.20    0.00    0.00    1.60    15  detdec
21:59:47     1000     37552    1.20    0.00    0.00    0.00    1.20     1  detdec
21:59:47     1000     37553    1.40    0.00    0.00    0.00    1.40    11  detdec
21:59:47     1000     37554    1.40    0.00    0.00    0.00    1.40     0  detdec
21:59:47     1000     37555    1.20    0.20    0.00    0.00    1.40     8  detdec
21:59:47     1000     37556    1.20    0.20    0.00    0.00    1.40     8  detdec
21:59:47     1000     37557    1.20    0.20    0.00    0.00    1.40     3  detdec
21:59:47     1000     37558    1.20    0.00    0.00    0.00    1.20    15  detdec
21:59:47     1000     37559    1.40    0.00    0.00    0.00    1.40    12  detdec
21:59:47     1000     37560    1.20    0.00    0.00    0.00    1.20     1  detdec
21:59:47     1000     37561    1.20    0.20    0.00    0.00    1.40     6  detdec
21:59:47     1000     37562    1.40    0.00    0.00    0.00    1.40     2  detdec
21:59:47     1000     37563    1.40    0.00    0.00    0.00    1.40     4  detdec
21:59:47     1000     37564    1.20    0.20    0.00    0.00    1.40    12  detdec
21:59:47     1000     37565    1.20    0.00    0.00    0.00    1.20    12  detdec
21:59:47     1000     37566    1.40    0.00    0.00    0.00    1.40     5  detdec

# Time        UID       PID    %usr %system  %guest   %wait    %CPU   CPU  Command
21:59:52     1000     19830    6.80    6.60    0.00    0.00   13.40    14  mediamtx
21:59:52     1000     19846    0.20    0.00    0.00    0.00    0.20    14  srcpub
21:59:52     1000     19849    0.20    0.20    0.00    0.00    0.40     7  srcpub
21:59:52     1000     19850    0.20    0.00    0.00    0.00    0.20    10  srcpub
21:59:52     1000     19851    0.20    0.20    0.00    0.00    0.40    10  srcpub
21:59:52     1000     19853    0.20    0.00    0.00    0.00    0.20    14  srcpub
21:59:52     1000     19854    0.20    0.20    0.00    0.00    0.40    14  srcpub
21:59:52     1000     19855    0.00    0.40    0.00    0.00    0.40    14  srcpub
21:59:52     1000     19858    0.00    0.20    0.00    0.00    0.20     0  srcpub
21:59:52     1000     19860    0.20    0.20    0.00    0.00    0.40    13  srcpub
21:59:52     1000     19862    0.00    0.20    0.00    0.00    0.20     2  srcpub
21:59:52     1000     19863    0.20    0.20    0.00    0.00    0.40     4  srcpub
21:59:52     1000     19864    0.20    0.20    0.00    0.00    0.40    11  srcpub
21:59:52     1000     19865    0.00    0.20    0.00    0.00    0.20     6  srcpub
21:59:52     1000     19868    0.00    0.20    0.00    0.00    0.20     9  srcpub
21:59:52     1000     19877    0.00    0.20    0.00    0.00    0.20     0  srcpub
21:59:52     1000     19878    0.20    0.00    0.00    0.00    0.20    15  srcpub
21:59:52     1000     19879    0.20    0.20    0.00    0.00    0.40     8  srcpub
21:59:52     1000     19881    0.00    0.20    0.00    0.00    0.20    11  srcpub
21:59:52     1000     19884    0.20    0.00    0.00    0.00    0.20     4  srcpub
21:59:52     1000     19885    0.20    0.00    0.00    0.00    0.20    15  srcpub
21:59:52     1000     19886    0.00    0.20    0.00    0.00    0.20    12  srcpub
21:59:52     1000     19894    0.20    0.20    0.00    0.00    0.40    13  srcpub
21:59:52     1000     26251    0.00    0.20    0.00    0.00    0.20     3  chrome
21:59:52     1000     29045    5.20    1.20    0.00    0.00    6.40    12  chrome
21:59:52     1000     29047    0.20    0.20    0.00    0.00    0.40     3  chrome
21:59:52     1000     29091   10.80    1.00    0.00    0.00   11.80     7  chrome
21:59:52      997     30965    0.60    0.20    0.00    0.00    0.80    15  ffmpeg
21:59:52      997     30966    0.60    0.40    0.00    0.00    1.00     5  ffmpeg
21:59:52      997     30967    0.20    0.20    0.00    0.00    0.40     4  ffmpeg
21:59:52      997     30968    0.20    0.00    0.00    0.00    0.20    11  ffmpeg
21:59:52      997     30969    0.00    0.40    0.00    0.00    0.40     1  ffmpeg
21:59:52      997     30970    0.20    0.20    0.00    0.00    0.40     3  ffmpeg
21:59:52      997     30971    0.20    0.20    0.00    0.00    0.40     1  ffmpeg
21:59:52      997     30972    0.00    0.20    0.00    0.00    0.20     2  ffmpeg
21:59:52      997     30973    0.20    0.20    0.00    0.00    0.40     1  ffmpeg
21:59:52      997     30974    0.20    0.00    0.00    0.00    0.20    12  ffmpeg
21:59:52      997     30975    0.20    0.20    0.00    0.00    0.40     4  ffmpeg
21:59:52      997     30976    0.20    0.00    0.00    0.00    0.20    11  ffmpeg
21:59:52      997     30977    0.20    0.20    0.00    0.00    0.40     4  ffmpeg
21:59:52      997     30978    0.20    0.00    0.00    0.00    0.20     4  ffmpeg
21:59:52      997     30979    0.20    0.00    0.00    0.00    0.20    15  ffmpeg
21:59:52      997     30980    0.20    0.20    0.00    0.00    0.40    15  ffmpeg
21:59:52      997     35582    0.40    0.20    0.00    0.00    0.60    13  ffmpeg
21:59:52      997     35583    0.20    0.00    0.00    0.00    0.20     2  ffmpeg
21:59:52      997     35585    0.00    0.20    0.00    0.00    0.20    10  ffmpeg
21:59:52      997     35587    0.20    0.20    0.00    0.00    0.40    14  ffmpeg
21:59:52      997     35588    0.00    0.20    0.00    0.00    0.20     0  ffmpeg
21:59:52      997     35589    0.20    0.20    0.00    0.00    0.40     4  ffmpeg
21:59:52     1000     37551    1.20    0.00    0.00    0.00    1.20     0  detdec
21:59:52     1000     37552    1.20    0.00    0.00    0.00    1.20    13  detdec
21:59:52     1000     37553    1.20    0.00    0.00    0.00    1.20    11  detdec
21:59:52     1000     37554    1.40    0.20    0.00    0.00    1.60     0  detdec
21:59:52     1000     37555    1.00    0.20    0.00    0.00    1.20     9  detdec
21:59:52     1000     37556    1.40    0.00    0.00    0.00    1.40     7  detdec
21:59:52     1000     37557    1.20    0.40    0.00    0.00    1.60     8  detdec
21:59:52     1000     37558    1.40    0.00    0.00    0.00    1.40     7  detdec
21:59:52     1000     37559    1.40    0.00    0.00    0.00    1.40    14  detdec
21:59:52     1000     37560    1.40    0.00    0.00    0.00    1.40     4  detdec
21:59:52     1000     37561    1.40    0.00    0.00    0.00    1.40     5  detdec
21:59:52     1000     37562    1.40    0.00    0.00    0.00    1.40    12  detdec
21:59:52     1000     37563    1.20    0.00    0.00    0.00    1.20     2  detdec
21:59:52     1000     37564    1.20    0.20    0.00    0.00    1.40    14  detdec
21:59:52     1000     37565    1.40    0.00    0.00    0.00    1.40    13  detdec
21:59:52     1000     37566    1.20    0.00    0.00    0.00    1.20    10  detdec
