Linux 7.0.0-31-generic (ausitn-garcia-ROG-Zephyrus-G14-GA402XV-GA402XV) 	09/18/26 	_x86_64_	(16 CPU)

21:29:59     CPU    %usr   %nice    %sys %iowait    %irq   %soft  %steal  %guest  %gnice   %idle
21:30:04     all    2.67    0.00    2.02    0.09    0.00    0.39    0.00    0.00    0.00   94.83
21:30:04       0    1.61    0.00    1.81    0.00    0.00    1.81    0.00    0.00    0.00   94.77
21:30:04       1    2.22    0.00    1.62    0.00    0.00    0.40    0.00    0.00    0.00   95.76
21:30:04       2    2.40    0.00    2.61    0.00    0.00    0.20    0.00    0.00    0.00   94.79
21:30:04       3    4.85    0.00    2.63    0.20    0.00    0.20    0.00    0.00    0.00   92.12
21:30:04       4    2.63    0.00    1.82    0.00    0.00    0.20    0.00    0.00    0.00   95.34
21:30:04       5    5.41    0.00    3.21    0.20    0.00    0.40    0.00    0.00    0.00   90.78
21:30:04       6    2.40    0.00    2.40    0.40    0.00    0.40    0.00    0.00    0.00   94.40
21:30:04       7    3.80    0.00    2.40    0.00    0.00    0.40    0.00    0.00    0.00   93.40
21:30:04       8    1.81    0.00    1.61    0.00    0.00    0.20    0.00    0.00    0.00   96.37
21:30:04       9    1.81    0.00    1.41    0.00    0.00    0.20    0.00    0.00    0.00   96.57
21:30:04      10    1.83    0.00    1.42    0.00    0.00    0.41    0.00    0.00    0.00   96.34
21:30:04      11    3.21    0.00    2.41    0.00    0.00    0.20    0.00    0.00    0.00   94.18
21:30:04      12    1.82    0.00    1.62    0.00    0.00    0.40    0.00    0.00    0.00   96.16
21:30:04      13    2.41    0.00    1.81    0.00    0.00    0.40    0.00    0.00    0.00   95.38
21:30:04      14    2.20    0.00    1.60    0.60    0.00    0.20    0.00    0.00    0.00   95.39
21:30:04      15    2.20    0.00    2.00    0.00    0.00    0.20    0.00    0.00    0.00   95.60

21:30:04     CPU    %usr   %nice    %sys %iowait    %irq   %soft  %steal  %guest  %gnice   %idle
21:30:09     all    1.65    0.00    0.73    0.00    0.00    0.39    0.00    0.00    0.00   97.23
21:30:09       0    0.80    0.00    0.40    0.00    0.00    2.00    0.00    0.00    0.00   96.80
21:30:09       1    0.81    0.00    0.41    0.00    0.00    0.41    0.00    0.00    0.00   98.37
21:30:09       2    1.40    0.00    0.40    0.00    0.00    0.20    0.00    0.00    0.00   98.00
21:30:09       3    4.43    0.00    1.61    0.00    0.00    0.40    0.00    0.00    0.00   93.56
21:30:09       4    1.80    0.00    0.60    0.00    0.00    0.40    0.00    0.00    0.00   97.19
21:30:09       5    4.39    0.00    2.20    0.00    0.00    0.80    0.00    0.00    0.00   92.61
21:30:09       6    1.61    0.00    1.01    0.00    0.00    0.60    0.00    0.00    0.00   96.78
21:30:09       7    2.21    0.00    1.21    0.00    0.00    0.60    0.00    0.00    0.00   95.98
21:30:09       8    1.00    0.00    0.40    0.00    0.00    0.20    0.00    0.00    0.00   98.40
21:30:09       9    0.81    0.00    0.40    0.00    0.00    0.00    0.00    0.00    0.00   98.79
21:30:09      10    0.82    0.00    0.41    0.00    0.00    0.00    0.00    0.00    0.00   98.77
21:30:09      11    1.80    0.00    0.80    0.00    0.00    0.20    0.00    0.00    0.00   97.19
21:30:09      12    1.21    0.00    0.40    0.00    0.00    0.00    0.00    0.00    0.00   98.38
21:30:09      13    2.01    0.00    0.60    0.00    0.00    0.20    0.00    0.00    0.00   97.18
21:30:09      14    0.81    0.00    0.40    0.00    0.00    0.00    0.00    0.00    0.00   98.79
21:30:09      15    0.40    0.00    0.40    0.00    0.00    0.20    0.00    0.00    0.00   98.99

21:30:09     CPU    %usr   %nice    %sys %iowait    %irq   %soft  %steal  %guest  %gnice   %idle
21:30:14     all    1.57    0.00    0.79    0.00    0.00    0.34    0.00    0.00    0.00   97.30
21:30:14       0    0.80    0.00    0.60    0.00    0.00    1.20    0.00    0.00    0.00   97.39
21:30:14       1    0.81    0.00    0.61    0.00    0.00    0.61    0.00    0.00    0.00   97.98
21:30:14       2    1.60    0.00    1.00    0.00    0.00    0.00    0.00    0.00    0.00   97.40
21:30:14       3    3.03    0.00    1.21    0.00    0.00    0.61    0.00    0.00    0.00   95.15
21:30:14       4    2.20    0.00    1.20    0.00    0.00    0.40    0.00    0.00    0.00   96.20
21:30:14       5    3.01    0.00    1.41    0.00    0.00    0.40    0.00    0.00    0.00   95.18
21:30:14       6    1.60    0.00    1.20    0.00    0.00    0.40    0.00    0.00    0.00   96.80
21:30:14       7    1.81    0.00    1.20    0.00    0.00    0.60    0.00    0.00    0.00   96.39
21:30:14       8    0.60    0.00    0.40    0.00    0.00    0.20    0.00    0.00    0.00   98.80
21:30:14       9    0.40    0.00    0.20    0.00    0.00    0.00    0.00    0.00    0.00   99.40
21:30:14      10    0.81    0.00    0.61    0.00    0.00    0.00    0.00    0.00    0.00   98.58
21:30:14      11    2.82    0.00    0.81    0.00    0.00    0.20    0.00    0.00    0.00   96.17
21:30:14      12    1.21    0.00    0.60    0.00    0.00    0.20    0.00    0.00    0.00   97.99
21:30:14      13    2.42    0.00    0.60    0.00    0.00    0.20    0.00    0.00    0.00   96.77
21:30:14      14    1.00    0.00    0.60    0.00    0.00    0.20    0.00    0.00    0.00   98.20
21:30:14      15    1.01    0.00    0.40    0.00    0.00    0.20    0.00    0.00    0.00   98.38

21:30:14     CPU    %usr   %nice    %sys %iowait    %irq   %soft  %steal  %guest  %gnice   %idle
21:30:19     all    1.58    0.00    0.78    0.13    0.00    0.39    0.00    0.00    0.00   97.12
21:30:19       0    1.00    0.00    0.80    0.20    0.00    1.59    0.00    0.00    0.00   96.41
21:30:19       1    0.81    0.00    0.61    0.00    0.00    0.61    0.00    0.00    0.00   97.98
21:30:19       2    1.99    0.00    0.80    0.40    0.00    0.20    0.00    0.00    0.00   96.61
21:30:19       3    4.01    0.00    1.60    0.00    0.00    0.60    0.00    0.00    0.00   93.79
21:30:19       4    2.20    0.00    0.80    0.00    0.00    0.40    0.00    0.00    0.00   96.59
21:30:19       5    2.83    0.00    1.41    0.40    0.00    0.40    0.00    0.00    0.00   94.95
21:30:19       6    1.41    0.00    1.01    0.40    0.00    0.40    0.00    0.00    0.00   96.78
21:30:19       7    2.01    0.00    0.80    0.40    0.00    0.40    0.00    0.00    0.00   96.38
21:30:19       8    1.39    0.00    0.80    0.00    0.00    0.00    0.00    0.00    0.00   97.81
21:30:19       9    0.60    0.00    0.40    0.00    0.00    0.20    0.00    0.00    0.00   98.79
21:30:19      10    0.81    0.00    0.41    0.00    0.00    0.20    0.00    0.00    0.00   98.58
21:30:19      11    2.22    0.00    0.81    0.00    0.00    0.20    0.00    0.00    0.00   96.77
21:30:19      12    0.81    0.00    0.61    0.00    0.00    0.20    0.00    0.00    0.00   98.38
21:30:19      13    1.80    0.00    0.80    0.00    0.00    0.40    0.00    0.00    0.00   96.99
21:30:19      14    0.60    0.00    0.40    0.00    0.00    0.20    0.00    0.00    0.00   98.79
21:30:19      15    0.80    0.00    0.40    0.20    0.00    0.20    0.00    0.00    0.00   98.39

21:30:19     CPU    %usr   %nice    %sys %iowait    %irq   %soft  %steal  %guest  %gnice   %idle
21:30:24     all    1.49    0.00    0.77    0.01    0.00    0.38    0.00    0.00    0.00   97.36
21:30:24       0    0.60    0.00    0.60    0.00    0.00    1.40    0.00    0.00    0.00   97.39
21:30:24       1    0.61    0.00    0.20    0.00    0.00    0.41    0.00    0.00    0.00   98.78
21:30:24       2    1.20    0.00    0.60    0.20    0.00    0.20    0.00    0.00    0.00   97.79
21:30:24       3    3.85    0.00    1.21    0.00    0.00    0.40    0.00    0.00    0.00   94.53
21:30:24       4    2.00    0.00    1.40    0.00    0.00    0.80    0.00    0.00    0.00   95.81
21:30:24       5    2.85    0.00    1.42    0.00    0.00    0.41    0.00    0.00    0.00   95.33
21:30:24       6    2.39    0.00    1.19    0.00    0.00    0.20    0.00    0.00    0.00   96.22
21:30:24       7    2.20    0.00    1.60    0.00    0.00    0.80    0.00    0.00    0.00   95.40
21:30:24       8    0.40    0.00    0.40    0.00    0.00    0.20    0.00    0.00    0.00   98.99
21:30:24       9    0.80    0.00    0.40    0.00    0.00    0.20    0.00    0.00    0.00   98.59
21:30:24      10    1.01    0.00    0.61    0.00    0.00    0.20    0.00    0.00    0.00   98.17
21:30:24      11    1.81    0.00    0.81    0.00    0.00    0.20    0.00    0.00    0.00   97.18
21:30:24      12    1.21    0.00    0.60    0.00    0.00    0.20    0.00    0.00    0.00   97.98
21:30:24      13    1.01    0.00    0.60    0.00    0.00    0.40    0.00    0.00    0.00   97.99
21:30:24      14    1.00    0.00    0.20    0.00    0.00    0.00    0.00    0.00    0.00   98.80
21:30:24      15    0.81    0.00    0.41    0.00    0.00    0.00    0.00    0.00    0.00   98.78

21:30:24     CPU    %usr   %nice    %sys %iowait    %irq   %soft  %steal  %guest  %gnice   %idle
21:30:29     all    1.55    0.00    0.90    0.00    0.00    0.39    0.00    0.00    0.00   97.16
21:30:29       0    0.60    0.00    0.40    0.00    0.00    1.21    0.00    0.00    0.00   97.79
21:30:29       1    0.60    0.00    0.80    0.00    0.00    0.60    0.00    0.00    0.00   97.99
21:30:29       2    1.20    0.00    0.80    0.00    0.00    0.40    0.00    0.00    0.00   97.60
21:30:29       3    3.03    0.00    1.62    0.00    0.00    0.40    0.00    0.00    0.00   94.95
21:30:29       4    1.62    0.00    1.01    0.00    0.00    0.40    0.00    0.00    0.00   96.97
21:30:29       5    3.81    0.00    1.80    0.00    0.00    0.80    0.00    0.00    0.00   93.59
21:30:29       6    2.21    0.00    0.60    0.00    0.00    0.20    0.00    0.00    0.00   96.99
21:30:29       7    2.39    0.00    1.99    0.00    0.00    0.80    0.00    0.00    0.00   94.82
21:30:29       8    1.00    0.00    0.40    0.00    0.00    0.20    0.00    0.00    0.00   98.40
21:30:29       9    0.60    0.00    0.60    0.00    0.00    0.20    0.00    0.00    0.00   98.60
21:30:29      10    1.21    0.00    0.81    0.00    0.00    0.20    0.00    0.00    0.00   97.77
21:30:29      11    2.21    0.00    1.21    0.00    0.00    0.40    0.00    0.00    0.00   96.18
21:30:29      12    1.01    0.00    0.61    0.00    0.00    0.00    0.00    0.00    0.00   98.38
21:30:29      13    1.01    0.00    0.60    0.00    0.00    0.20    0.00    0.00    0.00   98.19
21:30:29      14    0.81    0.00    0.60    0.00    0.00    0.00    0.00    0.00    0.00   98.59
21:30:29      15    1.41    0.00    0.60    0.00    0.00    0.20    0.00    0.00    0.00   97.79

21:30:29     CPU    %usr   %nice    %sys %iowait    %irq   %soft  %steal  %guest  %gnice   %idle
21:30:34     all    1.87    0.00    1.03    0.06    0.00    0.36    0.00    0.00    0.00   96.67
21:30:34       0    1.00    0.00    0.40    0.00    0.00    1.61    0.00    0.00    0.00   96.99
21:30:34       1    0.81    0.00    0.81    0.00    0.00    0.61    0.00    0.00    0.00   97.77
21:30:34       2    1.61    0.00    0.80    0.00    0.00    0.20    0.00    0.00    0.00   97.38
21:30:34       3    4.42    0.00    2.21    0.00    0.00    0.40    0.00    0.00    0.00   92.97
21:30:34       4    3.17    0.00    1.59    0.20    0.00    0.40    0.00    0.00    0.00   94.64
21:30:34       5    3.41    0.00    1.81    0.00    0.00    0.40    0.00    0.00    0.00   94.38
21:30:34       6    3.43    0.00    0.81    0.00    0.00    0.20    0.00    0.00    0.00   95.56
21:30:34       7    2.21    0.00    1.41    0.00    0.00    0.80    0.00    0.00    0.00   95.58
21:30:34       8    1.01    0.00    0.60    0.00    0.00    0.20    0.00    0.00    0.00   98.19
21:30:34       9    0.80    0.00    0.60    0.00    0.00    0.00    0.00    0.00    0.00   98.59
21:30:34      10    1.02    0.00    0.61    0.41    0.00    0.00    0.00    0.00    0.00   97.96
21:30:34      11    2.61    0.00    1.00    0.00    0.00    0.20    0.00    0.00    0.00   96.18
21:30:34      12    1.20    0.00    1.20    0.00    0.00    0.20    0.00    0.00    0.00   97.39
21:30:34      13    1.20    0.00    0.80    0.00    0.00    0.20    0.00    0.00    0.00   97.79
21:30:34      14    0.80    0.00    0.80    0.00    0.00    0.20    0.00    0.00    0.00   98.19
21:30:34      15    1.21    0.00    1.01    0.40    0.00    0.20    0.00    0.00    0.00   97.18

21:30:34     CPU    %usr   %nice    %sys %iowait    %irq   %soft  %steal  %guest  %gnice   %idle
21:30:39     all    1.71    0.00    0.82    0.03    0.00    0.42    0.00    0.00    0.00   97.03
21:30:39       0    1.00    0.00    0.60    0.00    0.00    1.60    0.00    0.00    0.00   96.80
21:30:39       1    0.81    0.00    0.40    0.00    0.00    0.81    0.00    0.00    0.00   97.98
21:30:39       2    1.21    0.00    0.60    0.00    0.00    0.20    0.00    0.00    0.00   97.98
21:30:39       3    5.01    0.00    2.00    0.00    0.00    0.60    0.00    0.00    0.00   92.38
21:30:39       4    1.81    0.00    1.41    0.00    0.00    0.60    0.00    0.00    0.00   96.18
21:30:39       5    3.83    0.00    1.61    0.00    0.00    0.60    0.00    0.00    0.00   93.95
21:30:39       6    2.00    0.00    0.80    0.00    0.00    0.40    0.00    0.00    0.00   96.80
21:30:39       7    2.79    0.00    1.40    0.40    0.00    0.40    0.00    0.00    0.00   95.01
21:30:39       8    1.01    0.00    0.80    0.00    0.00    0.00    0.00    0.00    0.00   98.19
21:30:39       9    0.80    0.00    0.20    0.00    0.00    0.00    0.00    0.00    0.00   98.99
21:30:39      10    1.22    0.00    0.41    0.00    0.00    0.20    0.00    0.00    0.00   98.17
21:30:39      11    1.01    0.00    0.80    0.00    0.00    0.20    0.00    0.00    0.00   97.99
21:30:39      12    1.21    0.00    0.60    0.00    0.00    0.20    0.00    0.00    0.00   97.98
21:30:39      13    1.61    0.00    0.40    0.00    0.00    0.40    0.00    0.00    0.00   97.58
21:30:39      14    0.81    0.00    0.40    0.00    0.00    0.20    0.00    0.00    0.00   98.59
21:30:39      15    1.21    0.00    0.61    0.00    0.00    0.20    0.00    0.00    0.00   97.98

21:30:39     CPU    %usr   %nice    %sys %iowait    %irq   %soft  %steal  %guest  %gnice   %idle
21:30:44     all    1.61    0.00    0.69    0.04    0.00    0.30    0.00    0.00    0.00   97.36
21:30:44       0    0.40    0.00    0.40    0.00    0.00    1.21    0.00    0.00    0.00   97.98
21:30:44       1    0.81    0.00    0.41    0.00    0.00    0.20    0.00    0.00    0.00   98.58
21:30:44       2    1.00    0.00    0.80    0.20    0.00    0.20    0.00    0.00    0.00   97.79
21:30:44       3    3.63    0.00    1.21    0.00    0.00    0.40    0.00    0.00    0.00   94.76
21:30:44       4    1.61    0.00    1.21    0.00    0.00    0.40    0.00    0.00    0.00   96.77
21:30:44       5    4.37    0.00    1.39    0.00    0.00    0.60    0.00    0.00    0.00   93.64
21:30:44       6    2.01    0.00    0.60    0.00    0.00    0.20    0.00    0.00    0.00   97.18
21:30:44       7    2.83    0.00    1.42    0.40    0.00    0.40    0.00    0.00    0.00   94.94
21:30:44       8    1.01    0.00    0.40    0.00    0.00    0.20    0.00    0.00    0.00   98.39
21:30:44       9    0.80    0.00    0.40    0.00    0.00    0.00    0.00    0.00    0.00   98.79
21:30:44      10    0.81    0.00    0.41    0.00    0.00    0.00    0.00    0.00    0.00   98.78
21:30:44      11    2.01    0.00    0.80    0.00    0.00    0.20    0.00    0.00    0.00   96.98
21:30:44      12    0.81    0.00    0.40    0.00    0.00    0.00    0.00    0.00    0.00   98.79
21:30:44      13    1.62    0.00    0.40    0.00    0.00    0.20    0.00    0.00    0.00   97.78
21:30:44      14    0.60    0.00    0.40    0.00    0.00    0.20    0.00    0.00    0.00   98.79
21:30:44      15    1.41    0.00    0.40    0.00    0.00    0.40    0.00    0.00    0.00   97.79

21:30:44     CPU    %usr   %nice    %sys %iowait    %irq   %soft  %steal  %guest  %gnice   %idle
21:30:49     all    1.56    0.00    0.79    0.13    0.00    0.40    0.00    0.00    0.00   97.12
21:30:49       0    0.80    0.00    0.60    0.00    0.00    1.20    0.00    0.00    0.00   97.40
21:30:49       1    1.01    0.00    0.40    0.00    0.00    0.61    0.00    0.00    0.00   97.98
21:30:49       2    0.80    0.00    0.40    0.00    0.00    0.40    0.00    0.00    0.00   98.39
21:30:49       3    3.43    0.00    1.62    0.00    0.00    0.61    0.00    0.00    0.00   94.34
21:30:49       4    1.61    0.00    1.00    0.00    0.00    0.60    0.00    0.00    0.00   96.79
21:30:49       5    3.21    0.00    1.60    0.00    0.00    0.80    0.00    0.00    0.00   94.39
21:30:49       6    2.37    0.00    0.99    0.00    0.00    0.40    0.00    0.00    0.00   96.25
21:30:49       7    2.81    0.00    1.41    0.40    0.00    0.40    0.00    0.00    0.00   94.98
21:30:49       8    0.80    0.00    0.60    0.20    0.00    0.20    0.00    0.00    0.00   98.19
21:30:49       9    0.60    0.00    0.40    0.00    0.00    0.20    0.00    0.00    0.00   98.79
21:30:49      10    0.81    0.00    0.61    0.00    0.00    0.20    0.00    0.00    0.00   98.37
21:30:49      11    1.21    0.00    0.60    0.40    0.00    0.20    0.00    0.00    0.00   97.58
21:30:49      12    1.01    0.00    0.60    0.00    0.00    0.20    0.00    0.00    0.00   98.19
21:30:49      13    2.42    0.00    0.81    0.00    0.00    0.20    0.00    0.00    0.00   96.57
21:30:49      14    1.01    0.00    0.40    0.00    0.00    0.20    0.00    0.00    0.00   98.39
21:30:49      15    1.01    0.00    0.60    1.01    0.00    0.00    0.00    0.00    0.00   97.38

21:30:49     CPU    %usr   %nice    %sys %iowait    %irq   %soft  %steal  %guest  %gnice   %idle
21:30:54     all    1.47    0.00    0.74    0.00    0.00    0.35    0.00    0.00    0.00   97.43
21:30:54       0    1.01    0.00    0.20    0.00    0.00    1.21    0.00    0.00    0.00   97.59
21:30:54       1    0.61    0.00    0.41    0.00    0.00    0.41    0.00    0.00    0.00   98.58
21:30:54       2    1.01    0.00    0.40    0.00    0.00    0.00    0.00    0.00    0.00   98.59
21:30:54       3    3.64    0.00    1.42    0.00    0.00    0.61    0.00    0.00    0.00   94.33
21:30:54       4    2.59    0.00    1.00    0.00    0.00    0.20    0.00    0.00    0.00   96.21
21:30:54       5    4.02    0.00    1.61    0.00    0.00    0.80    0.00    0.00    0.00   93.57
21:30:54       6    1.41    0.00    0.80    0.00    0.00    0.20    0.00    0.00    0.00   97.59
21:30:54       7    3.20    0.00    1.60    0.00    0.00    0.40    0.00    0.00    0.00   94.80
21:30:54       8    0.81    0.00    0.40    0.00    0.00    0.20    0.00    0.00    0.00   98.59
21:30:54       9    0.40    0.00    0.20    0.00    0.00    0.20    0.00    0.00    0.00   99.19
21:30:54      10    1.02    0.00    0.61    0.00    0.00    0.00    0.00    0.00    0.00   98.37
21:30:54      11    0.60    0.00    0.40    0.00    0.00    0.20    0.00    0.00    0.00   98.79
21:30:54      12    0.60    0.00    0.60    0.00    0.00    0.20    0.00    0.00    0.00   98.59
21:30:54      13    1.20    0.00    1.20    0.00    0.00    0.60    0.00    0.00    0.00   96.99
21:30:54      14    0.60    0.00    0.60    0.00    0.00    0.20    0.00    0.00    0.00   98.59
21:30:54      15    0.81    0.00    0.40    0.00    0.00    0.20    0.00    0.00    0.00   98.59

21:30:54     CPU    %usr   %nice    %sys %iowait    %irq   %soft  %steal  %guest  %gnice   %idle
21:30:59     all    1.50    0.00    0.86    0.04    0.00    0.34    0.00    0.00    0.00   97.27
21:30:59       0    1.58    0.00    0.79    0.00    0.00    1.78    0.00    0.00    0.00   95.84
21:30:59       1    1.01    0.00    0.60    0.00    0.00    0.60    0.00    0.00    0.00   97.78
21:30:59       2    1.21    0.00    1.01    0.20    0.00    0.40    0.00    0.00    0.00   97.18
21:30:59       3    4.44    0.00    1.41    0.20    0.00    0.40    0.00    0.00    0.00   93.55
21:30:59       4    1.81    0.00    1.21    0.00    0.00    0.20    0.00    0.00    0.00   96.78
21:30:59       5    3.23    0.00    2.42    0.00    0.00    0.20    0.00    0.00    0.00   94.14
21:30:59       6    1.79    0.00    1.20    0.00    0.00    0.40    0.00    0.00    0.00   96.61
21:30:59       7    2.42    0.00    1.21    0.20    0.00    0.40    0.00    0.00    0.00   95.76
21:30:59       8    1.00    0.00    0.80    0.00    0.00    0.00    0.00    0.00    0.00   98.19
21:30:59       9    0.60    0.00    0.40    0.00    0.00    0.00    0.00    0.00    0.00   98.99
21:30:59      10    0.41    0.00    0.41    0.00    0.00    0.20    0.00    0.00    0.00   98.98
21:30:59      11    1.01    0.00    0.60    0.00    0.00    0.00    0.00    0.00    0.00   98.39
21:30:59      12    1.20    0.00    0.40    0.00    0.00    0.20    0.00    0.00    0.00   98.19
21:30:59      13    1.02    0.00    0.61    0.00    0.00    0.20    0.00    0.00    0.00   98.17
21:30:59      14    0.60    0.00    0.40    0.00    0.00    0.20    0.00    0.00    0.00   98.79
21:30:59      15    0.61    0.00    0.20    0.00    0.00    0.20    0.00    0.00    0.00   98.99

21:30:59     CPU    %usr   %nice    %sys %iowait    %irq   %soft  %steal  %guest  %gnice   %idle
21:31:04     all    2.65    0.00    1.84    0.01    0.00    0.39    0.00    0.00    0.00   95.11
21:31:04       0    2.19    0.00    1.79    0.00    0.00    1.99    0.00    0.00    0.00   94.04
21:31:04       1    2.22    0.00    1.62    0.00    0.00    1.01    0.00    0.00    0.00   95.15
21:31:04       2    2.63    0.00    1.42    0.00    0.00    0.00    0.00    0.00    0.00   95.95
21:31:04       3    5.03    0.00    2.41    0.00    0.00    0.60    0.00    0.00    0.00   91.95
21:31:04       4    3.01    0.00    2.20    0.00    0.00    0.40    0.00    0.00    0.00   94.39
21:31:04       5    4.62    0.00    2.81    0.00    0.00    0.40    0.00    0.00    0.00   92.17
21:31:04       6    2.61    0.00    1.60    0.00    0.00    0.40    0.00    0.00    0.00   95.39
21:31:04       7    3.82    0.00    2.61    0.20    0.00    0.20    0.00    0.00    0.00   93.17
21:31:04       8    2.00    0.00    1.80    0.00    0.00    0.20    0.00    0.00    0.00   95.99
21:31:04       9    1.81    0.00    1.41    0.00    0.00    0.00    0.00    0.00    0.00   96.77
21:31:04      10    1.63    0.00    1.02    0.00    0.00    0.00    0.00    0.00    0.00   97.35
21:31:04      11    2.41    0.00    1.41    0.00    0.00    0.20    0.00    0.00    0.00   95.98
21:31:04      12    1.81    0.00    1.81    0.00    0.00    0.20    0.00    0.00    0.00   96.18
21:31:04      13    2.42    0.00    1.62    0.00    0.00    0.20    0.00    0.00    0.00   95.76
21:31:04      14    1.61    0.00    2.02    0.00    0.00    0.20    0.00    0.00    0.00   96.17
21:31:04      15    2.60    0.00    1.80    0.00    0.00    0.20    0.00    0.00    0.00   95.40

21:31:04     CPU    %usr   %nice    %sys %iowait    %irq   %soft  %steal  %guest  %gnice   %idle
21:31:09     all    1.58    0.00    0.83    0.08    0.00    0.45    0.00    0.00    0.00   97.06
21:31:09       0    0.80    0.00    0.60    0.00    0.00    1.60    0.00    0.00    0.00   96.99
21:31:09       1    1.01    0.00    0.61    0.00    0.00    0.81    0.00    0.00    0.00   97.57
21:31:09       2    1.00    0.00    0.80    0.00    0.00    0.60    0.00    0.00    0.00   97.60
21:31:09       3    4.81    0.00    2.00    0.00    0.00    0.60    0.00    0.00    0.00   92.59
21:31:09       4    2.20    0.00    1.20    0.00    0.00    0.20    0.00    0.00    0.00   96.40
21:31:09       5    4.01    0.00    1.80    0.60    0.00    0.60    0.00    0.00    0.00   92.99
21:31:09       6    1.81    0.00    0.81    0.00    0.00    0.40    0.00    0.00    0.00   96.98
21:31:09       7    3.00    0.00    1.40    0.00    0.00    0.60    0.00    0.00    0.00   95.00
21:31:09       8    0.80    0.00    0.40    0.00    0.00    0.00    0.00    0.00    0.00   98.79
21:31:09       9    0.40    0.00    0.40    0.00    0.00    0.20    0.00    0.00    0.00   98.99
21:31:09      10    0.61    0.00    0.41    0.00    0.00    0.20    0.00    0.00    0.00   98.78
21:31:09      11    1.21    0.00    0.61    0.20    0.00    0.20    0.00    0.00    0.00   97.77
21:31:09      12    0.60    0.00    0.80    0.00    0.00    0.20    0.00    0.00    0.00   98.39
21:31:09      13    1.21    0.00    0.60    0.40    0.00    0.40    0.00    0.00    0.00   97.38
21:31:09      14    1.01    0.00    0.61    0.00    0.00    0.40    0.00    0.00    0.00   97.98
21:31:09      15    0.81    0.00    0.20    0.00    0.00    0.20    0.00    0.00    0.00   98.79

21:31:09     CPU    %usr   %nice    %sys %iowait    %irq   %soft  %steal  %guest  %gnice   %idle
21:31:14     all    1.60    0.00    0.79    0.01    0.00    0.33    0.00    0.00    0.00   97.27
21:31:14       0    1.20    0.00    0.40    0.00    0.00    1.40    0.00    0.00    0.00   97.00
21:31:14       1    1.01    0.00    0.81    0.00    0.00    0.40    0.00    0.00    0.00   97.78
21:31:14       2    0.61    0.00    0.81    0.00    0.00    0.20    0.00    0.00    0.00   98.38
21:31:14       3    4.44    0.00    1.62    0.00    0.00    0.40    0.00    0.00    0.00   93.54
21:31:14       4    1.81    0.00    1.01    0.00    0.00    0.60    0.00    0.00    0.00   96.58
21:31:14       5    4.56    0.00    2.38    0.00    0.00    0.60    0.00    0.00    0.00   92.46
21:31:14       6    2.20    0.00    1.00    0.00    0.00    0.40    0.00    0.00    0.00   96.41
21:31:14       7    2.01    0.00    1.21    0.00    0.00    0.20    0.00    0.00    0.00   96.58
21:31:14       8    0.60    0.00    0.40    0.00    0.00    0.20    0.00    0.00    0.00   98.79
21:31:14       9    0.61    0.00    0.40    0.00    0.00    0.00    0.00    0.00    0.00   98.99
21:31:14      10    1.02    0.00    0.20    0.00    0.00    0.20    0.00    0.00    0.00   98.58
21:31:14      11    1.22    0.00    0.41    0.20    0.00    0.00    0.00    0.00    0.00   98.17
21:31:14      12    1.01    0.00    0.40    0.00    0.00    0.20    0.00    0.00    0.00   98.38
21:31:14      13    1.40    0.00    0.60    0.00    0.00    0.20    0.00    0.00    0.00   97.80
21:31:14      14    0.81    0.00    0.40    0.00    0.00    0.00    0.00    0.00    0.00   98.79
21:31:14      15    1.00    0.00    0.60    0.00    0.00    0.20    0.00    0.00    0.00   98.19

21:31:14     CPU    %usr   %nice    %sys %iowait    %irq   %soft  %steal  %guest  %gnice   %idle
21:31:19     all    1.48    0.00    0.79    0.16    0.00    0.39    0.00    0.00    0.00   97.17
21:31:19       0    0.60    0.00    0.80    0.00    0.00    1.40    0.00    0.00    0.00   97.20
21:31:19       1    0.81    0.00    0.40    0.00    0.00    0.61    0.00    0.00    0.00   98.18
21:31:19       2    1.59    0.00    1.00    0.00    0.00    0.60    0.00    0.00    0.00   96.81
21:31:19       3    4.03    0.00    1.21    0.00    0.00    0.60    0.00    0.00    0.00   94.15
21:31:19       4    1.81    0.00    0.81    0.00    0.00    0.40    0.00    0.00    0.00   96.98
21:31:19       5    3.81    0.00    1.80    0.00    0.00    0.60    0.00    0.00    0.00   93.79
21:31:19       6    1.41    0.00    1.21    0.20    0.00    0.20    0.00    0.00    0.00   96.98
21:31:19       7    2.00    0.00    1.00    0.00    0.00    0.40    0.00    0.00    0.00   96.59
21:31:19       8    1.00    0.00    0.20    0.00    0.00    0.20    0.00    0.00    0.00   98.60
21:31:19       9    1.00    0.00    0.40    0.00    0.00    0.20    0.00    0.00    0.00   98.40
21:31:19      10    0.81    0.00    0.61    0.20    0.00    0.00    0.00    0.00    0.00   98.37
21:31:19      11    1.01    0.00    0.61    1.22    0.00    0.20    0.00    0.00    0.00   96.96
21:31:19      12    0.80    0.00    1.00    0.00    0.00    0.40    0.00    0.00    0.00   97.80
21:31:19      13    1.41    0.00    0.81    0.40    0.00    0.00    0.00    0.00    0.00   97.38
21:31:19      14    0.80    0.00    0.40    0.60    0.00    0.20    0.00    0.00    0.00   97.99
21:31:19      15    0.80    0.00    0.40    0.00    0.00    0.20    0.00    0.00    0.00   98.59

21:31:19     CPU    %usr   %nice    %sys %iowait    %irq   %soft  %steal  %guest  %gnice   %idle
21:31:24     all    1.47    0.00    0.73    0.05    0.00    0.38    0.00    0.00    0.00   97.37
21:31:24       0    1.01    0.00    0.40    0.00    0.00    1.01    0.00    0.00    0.00   97.59
21:31:24       1    0.81    0.00    0.41    0.00    0.00    0.61    0.00    0.00    0.00   98.17
21:31:24       2    1.20    0.00    0.60    0.00    0.00    0.40    0.00    0.00    0.00   97.80
21:31:24       3    3.03    0.00    1.01    0.00    0.00    0.61    0.00    0.00    0.00   95.35
21:31:24       4    2.01    0.00    1.00    0.00    0.00    0.40    0.00    0.00    0.00   96.59
21:31:24       5    3.62    0.00    2.21    0.00    0.00    0.80    0.00    0.00    0.00   93.36
21:31:24       6    2.01    0.00    1.20    0.00    0.00    0.40    0.00    0.00    0.00   96.39
21:31:24       7    2.21    0.00    1.20    0.00    0.00    0.20    0.00    0.00    0.00   96.39
21:31:24       8    1.00    0.00    0.40    0.00    0.00    0.20    0.00    0.00    0.00   98.39
21:31:24       9    1.01    0.00    0.40    0.00    0.00    0.00    0.00    0.00    0.00   98.59
21:31:24      10    0.81    0.00    0.20    0.00    0.00    0.20    0.00    0.00    0.00   98.78
21:31:24      11    1.01    0.00    0.40    0.00    0.00    0.20    0.00    0.00    0.00   98.38
21:31:24      12    1.00    0.00    0.80    0.40    0.00    0.40    0.00    0.00    0.00   97.41
21:31:24      13    1.21    0.00    0.80    0.40    0.00    0.20    0.00    0.00    0.00   97.38
21:31:24      14    0.81    0.00    0.20    0.00    0.00    0.20    0.00    0.00    0.00   98.79
21:31:24      15    0.81    0.00    0.40    0.00    0.00    0.20    0.00    0.00    0.00   98.59

21:31:24     CPU    %usr   %nice    %sys %iowait    %irq   %soft  %steal  %guest  %gnice   %idle
21:31:29     all    1.42    0.00    0.79    0.00    0.00    0.30    0.00    0.00    0.00   97.48
21:31:29       0    0.60    0.00    0.60    0.00    0.00    0.81    0.00    0.00    0.00   97.98
21:31:29       1    1.01    0.00    0.61    0.00    0.00    0.40    0.00    0.00    0.00   97.98
21:31:29       2    1.01    0.00    0.61    0.00    0.00    0.20    0.00    0.00    0.00   98.17
21:31:29       3    2.83    0.00    1.42    0.00    0.00    0.40    0.00    0.00    0.00   95.34
21:31:29       4    2.40    0.00    1.20    0.00    0.00    0.40    0.00    0.00    0.00   95.99
21:31:29       5    3.81    0.00    1.80    0.00    0.00    0.60    0.00    0.00    0.00   93.79
21:31:29       6    1.81    0.00    1.01    0.00    0.00    0.20    0.00    0.00    0.00   96.98
21:31:29       7    1.82    0.00    0.81    0.00    0.00    0.61    0.00    0.00    0.00   96.76
21:31:29       8    0.80    0.00    0.60    0.00    0.00    0.00    0.00    0.00    0.00   98.59
21:31:29       9    0.40    0.00    0.20    0.00    0.00    0.00    0.00    0.00    0.00   99.39
21:31:29      10    0.41    0.00    0.41    0.00    0.00    0.00    0.00    0.00    0.00   99.19
21:31:29      11    2.01    0.00    1.00    0.00    0.00    0.40    0.00    0.00    0.00   96.59
21:31:29      12    1.00    0.00    0.80    0.00    0.00    0.20    0.00    0.00    0.00   97.99
21:31:29      13    1.00    0.00    0.80    0.00    0.00    0.40    0.00    0.00    0.00   97.80
21:31:29      14    0.81    0.00    0.40    0.00    0.00    0.00    0.00    0.00    0.00   98.79
21:31:29      15    1.01    0.00    0.40    0.00    0.00    0.20    0.00    0.00    0.00   98.39

21:31:29     CPU    %usr   %nice    %sys %iowait    %irq   %soft  %steal  %guest  %gnice   %idle
21:31:34     all    1.48    0.00    0.93    0.14    0.00    0.39    0.00    0.00    0.00   97.06
21:31:34       0    0.60    0.00    0.20    0.00    0.00    1.21    0.00    0.00    0.00   97.99
21:31:34       1    1.40    0.00    0.60    0.00    0.00    0.60    0.00    0.00    0.00   97.39
21:31:34       2    1.40    0.00    0.80    0.20    0.00    0.40    0.00    0.00    0.00   97.19
21:31:34       3    2.63    0.00    1.41    0.81    0.00    0.61    0.00    0.00    0.00   94.55
21:31:34       4    1.81    0.00    1.01    0.00    0.00    0.40    0.00    0.00    0.00   96.77
21:31:34       5    3.62    0.00    2.41    0.20    0.00    0.40    0.00    0.00    0.00   93.36
21:31:34       6    1.80    0.00    1.40    0.00    0.00    0.40    0.00    0.00    0.00   96.40
21:31:34       7    1.81    0.00    1.61    0.00    0.00    0.40    0.00    0.00    0.00   96.18
21:31:34       8    1.00    0.00    0.60    0.00    0.00    0.20    0.00    0.00    0.00   98.19
21:31:34       9    0.60    0.00    0.40    0.00    0.00    0.40    0.00    0.00    0.00   98.59
21:31:34      10    1.02    0.00    0.41    0.00    0.00    0.20    0.00    0.00    0.00   98.37
21:31:34      11    2.81    0.00    0.80    0.40    0.00    0.20    0.00    0.00    0.00   95.78
21:31:34      12    0.81    0.00    0.61    0.20    0.00    0.20    0.00    0.00    0.00   98.18
21:31:34      13    1.01    0.00    1.41    0.00    0.00    0.20    0.00    0.00    0.00   97.38
21:31:34      14    0.60    0.00    0.40    0.00    0.00    0.20    0.00    0.00    0.00   98.79
21:31:34      15    0.80    0.00    0.80    0.40    0.00    0.20    0.00    0.00    0.00   97.80

21:31:34     CPU    %usr   %nice    %sys %iowait    %irq   %soft  %steal  %guest  %gnice   %idle
21:31:39     all    1.62    0.00    0.84    0.03    0.00    0.31    0.00    0.00    0.00   97.19
21:31:39       0    1.20    0.00    0.60    0.00    0.00    1.00    0.00    0.00    0.00   97.19
21:31:39       1    1.01    0.00    0.81    0.00    0.00    0.61    0.00    0.00    0.00   97.58
21:31:39       2    1.00    0.00    0.80    0.00    0.00    0.20    0.00    0.00    0.00   97.99
21:31:39       3    3.66    0.00    1.42    0.00    0.00    0.41    0.00    0.00    0.00   94.51
21:31:39       4    2.59    0.00    1.40    0.00    0.00    0.20    0.00    0.00    0.00   95.81
21:31:39       5    3.61    0.00    1.61    0.00    0.00    0.40    0.00    0.00    0.00   94.38
21:31:39       6    1.41    0.00    0.80    0.20    0.00    0.40    0.00    0.00    0.00   97.18
21:31:39       7    2.21    0.00    1.21    0.00    0.00    0.20    0.00    0.00    0.00   96.38
21:31:39       8    1.00    0.00    0.60    0.00    0.00    0.20    0.00    0.00    0.00   98.19
21:31:39       9    0.60    0.00    0.40    0.20    0.00    0.00    0.00    0.00    0.00   98.79
21:31:39      10    0.81    0.00    0.41    0.00    0.00    0.20    0.00    0.00    0.00   98.57
21:31:39      11    2.23    0.00    0.40    0.00    0.00    0.20    0.00    0.00    0.00   97.17
21:31:39      12    1.00    0.00    0.40    0.00    0.00    0.00    0.00    0.00    0.00   98.59
21:31:39      13    1.61    0.00    1.00    0.00    0.00    0.40    0.00    0.00    0.00   96.99
21:31:39      14    0.61    0.00    0.61    0.00    0.00    0.20    0.00    0.00    0.00   98.59
21:31:39      15    1.41    0.00    1.01    0.00    0.00    0.40    0.00    0.00    0.00   97.18

21:31:39     CPU    %usr   %nice    %sys %iowait    %irq   %soft  %steal  %guest  %gnice   %idle
21:31:44     all    1.65    0.00    0.82    0.01    0.00    0.33    0.00    0.00    0.00   97.20
21:31:44       0    1.01    0.00    0.60    0.00    0.00    1.01    0.00    0.00    0.00   97.38
21:31:44       1    0.81    0.00    0.61    0.00    0.00    0.40    0.00    0.00    0.00   98.18
21:31:44       2    1.00    0.00    0.40    0.00    0.00    0.40    0.00    0.00    0.00   98.19
21:31:44       3    3.64    0.00    1.41    0.00    0.00    0.40    0.00    0.00    0.00   94.55
21:31:44       4    1.99    0.00    1.19    0.00    0.00    0.60    0.00    0.00    0.00   96.22
21:31:44       5    3.83    0.00    1.61    0.00    0.00    0.40    0.00    0.00    0.00   94.15
21:31:44       6    1.21    0.00    0.81    0.00    0.00    0.20    0.00    0.00    0.00   97.78
21:31:44       7    2.40    0.00    1.20    0.20    0.00    0.40    0.00    0.00    0.00   95.80
21:31:44       8    0.60    0.00    0.60    0.00    0.00    0.00    0.00    0.00    0.00   98.80
21:31:44       9    0.60    0.00    0.20    0.00    0.00    0.00    0.00    0.00    0.00   99.20
21:31:44      10    0.81    0.00    0.41    0.00    0.00    0.00    0.00    0.00    0.00   98.78
21:31:44      11    2.80    0.00    1.00    0.00    0.00    0.40    0.00    0.00    0.00   95.80
21:31:44      12    1.01    0.00    0.20    0.00    0.00    0.20    0.00    0.00    0.00   98.59
21:31:44      13    1.60    0.00    1.00    0.00    0.00    0.40    0.00    0.00    0.00   96.99
21:31:44      14    0.60    0.00    0.60    0.00    0.00    0.00    0.00    0.00    0.00   98.80
21:31:44      15    2.41    0.00    1.21    0.00    0.00    0.40    0.00    0.00    0.00   95.98

21:31:44     CPU    %usr   %nice    %sys %iowait    %irq   %soft  %steal  %guest  %gnice   %idle
21:31:49     all    1.54    0.00    0.79    0.15    0.00    0.37    0.00    0.00    0.00   97.16
21:31:49       0    1.01    0.00    0.81    0.00    0.00    1.21    0.00    0.00    0.00   96.98
21:31:49       1    0.81    0.00    0.81    0.00    0.00    0.60    0.00    0.00    0.00   97.78
21:31:49       2    1.20    0.00    1.20    0.20    0.00    0.40    0.00    0.00    0.00   97.01
21:31:49       3    3.63    0.00    1.21    0.00    0.00    0.40    0.00    0.00    0.00   94.76
21:31:49       4    2.01    0.00    1.01    0.00    0.00    0.20    0.00    0.00    0.00   96.78
21:31:49       5    3.64    0.00    1.82    0.40    0.00    0.40    0.00    0.00    0.00   93.74
21:31:49       6    1.41    0.00    0.40    0.00    0.00    0.20    0.00    0.00    0.00   97.98
21:31:49       7    2.01    0.00    1.21    0.00    0.00    0.40    0.00    0.00    0.00   96.38
21:31:49       8    1.00    0.00    0.40    0.00    0.00    0.20    0.00    0.00    0.00   98.39
21:31:49       9    0.60    0.00    0.20    0.00    0.00    0.20    0.00    0.00    0.00   99.00
21:31:49      10    0.61    0.00    0.41    0.41    0.00    0.20    0.00    0.00    0.00   98.38
21:31:49      11    1.61    0.00    1.00    0.80    0.00    0.40    0.00    0.00    0.00   96.18
21:31:49      12    1.00    0.00    0.40    0.00    0.00    0.00    0.00    0.00    0.00   98.59
21:31:49      13    1.01    0.00    0.20    0.00    0.00    0.41    0.00    0.00    0.00   98.38
21:31:49      14    0.61    0.00    0.40    0.00    0.00    0.20    0.00    0.00    0.00   98.79
21:31:49      15    2.41    0.00    1.21    0.60    0.00    0.40    0.00    0.00    0.00   95.37

21:31:49     CPU    %usr   %nice    %sys %iowait    %irq   %soft  %steal  %guest  %gnice   %idle
21:31:54     all    1.42    0.00    0.81    0.00    0.00    0.37    0.00    0.00    0.00   97.41
21:31:54       0    0.80    0.00    0.80    0.00    0.00    1.60    0.00    0.00    0.00   96.79
21:31:54       1    0.81    0.00    0.81    0.00    0.00    0.40    0.00    0.00    0.00   97.98
21:31:54       2    1.01    0.00    0.80    0.00    0.00    0.20    0.00    0.00    0.00   97.99
21:31:54       3    3.23    0.00    1.41    0.00    0.00    0.40    0.00    0.00    0.00   94.95
21:31:54       4    1.81    0.00    1.20    0.00    0.00    0.40    0.00    0.00    0.00   96.59
21:31:54       5    4.23    0.00    2.01    0.00    0.00    0.40    0.00    0.00    0.00   93.36
21:31:54       6    1.21    0.00    0.81    0.00    0.00    0.40    0.00    0.00    0.00   97.58
21:31:54       7    2.21    0.00    0.80    0.00    0.00    0.40    0.00    0.00    0.00   96.58
21:31:54       8    0.40    0.00    0.40    0.00    0.00    0.20    0.00    0.00    0.00   99.00
21:31:54       9    0.60    0.00    0.20    0.00    0.00    0.00    0.00    0.00    0.00   99.20
21:31:54      10    0.61    0.00    0.20    0.00    0.00    0.00    0.00    0.00    0.00   99.18
21:31:54      11    1.21    0.00    0.61    0.00    0.00    0.20    0.00    0.00    0.00   97.98
21:31:54      12    1.21    0.00    0.40    0.00    0.00    0.40    0.00    0.00    0.00   97.99
21:31:54      13    1.20    0.00    0.80    0.00    0.00    0.20    0.00    0.00    0.00   97.79
21:31:54      14    0.81    0.00    0.40    0.00    0.00    0.20    0.00    0.00    0.00   98.59
21:31:54      15    1.40    0.00    1.20    0.00    0.00    0.40    0.00    0.00    0.00   96.99

21:31:54     CPU    %usr   %nice    %sys %iowait    %irq   %soft  %steal  %guest  %gnice   %idle
21:31:59     all    2.30    0.00    1.12    0.08    0.00    0.50    0.00    0.00    0.00   96.00
21:31:59       0    0.60    0.00    0.60    0.00    0.00    2.98    0.00    0.00    0.00   95.83
21:31:59       1    1.61    0.00    0.80    0.00    0.00    1.00    0.00    0.00    0.00   96.59
21:31:59       2    1.40    0.00    0.80    0.00    0.00    0.20    0.00    0.00    0.00   97.60
21:31:59       3   10.00    0.00    3.80    0.40    0.00    0.60    0.00    0.00    0.00   85.20
21:31:59       4    1.82    0.00    0.81    0.00    0.00    0.61    0.00    0.00    0.00   96.76
21:31:59       5    3.81    0.00    2.40    0.20    0.00    0.60    0.00    0.00    0.00   92.99
21:31:59       6    2.22    0.00    1.41    0.00    0.00    0.40    0.00    0.00    0.00   95.97
21:31:59       7    3.04    0.00    1.01    0.00    0.00    0.40    0.00    0.00    0.00   95.55
21:31:59       8    0.61    0.00    0.41    0.00    0.00    0.00    0.00    0.00    0.00   98.98
21:31:59       9    0.60    0.00    0.40    0.00    0.00    0.00    0.00    0.00    0.00   98.99
21:31:59      10    0.81    0.00    0.41    0.20    0.00    0.00    0.00    0.00    0.00   98.57
21:31:59      11    1.20    0.00    1.00    0.20    0.00    0.40    0.00    0.00    0.00   97.19
21:31:59      12    1.00    0.00    1.40    0.00    0.00    0.20    0.00    0.00    0.00   97.39
21:31:59      13    5.79    0.00    1.40    0.00    0.00    0.00    0.00    0.00    0.00   92.81
21:31:59      14    1.01    0.00    0.40    0.00    0.00    0.00    0.00    0.00    0.00   98.59
21:31:59      15    1.21    0.00    0.81    0.20    0.00    0.60    0.00    0.00    0.00   97.18

21:31:59     CPU    %usr   %nice    %sys %iowait    %irq   %soft  %steal  %guest  %gnice   %idle
21:32:04     all    2.87    0.00    2.04    0.03    0.00    0.42    0.00    0.00    0.00   94.65
21:32:04       0    2.20    0.00    1.80    0.00    0.00    1.80    0.00    0.00    0.00   94.19
21:32:04       1    2.23    0.00    2.02    0.00    0.00    0.61    0.00    0.00    0.00   95.14
21:32:04       2    2.22    0.00    2.22    0.00    0.00    0.40    0.00    0.00    0.00   95.16
21:32:04       3    5.03    0.00    3.22    0.00    0.00    0.40    0.00    0.00    0.00   91.35
21:32:04       4    3.41    0.00    2.81    0.00    0.00    0.40    0.00    0.00    0.00   93.37
21:32:04       5    4.02    0.00    2.21    0.00    0.00    0.80    0.00    0.00    0.00   92.97
21:32:04       6    3.23    0.00    1.82    0.00    0.00    0.20    0.00    0.00    0.00   94.75
21:32:04       7    3.43    0.00    2.02    0.00    0.00    0.40    0.00    0.00    0.00   94.15
21:32:04       8    2.22    0.00    1.62    0.00    0.00    0.20    0.00    0.00    0.00   95.96
21:32:04       9    2.21    0.00    1.21    0.00    0.00    0.00    0.00    0.00    0.00   96.58
21:32:04      10    2.02    0.00    2.02    0.00    0.00    0.20    0.00    0.00    0.00   95.76
21:32:04      11    3.82    0.00    2.21    0.40    0.00    0.20    0.00    0.00    0.00   93.36
21:32:04      12    2.41    0.00    1.61    0.00    0.00    0.00    0.00    0.00    0.00   95.98
21:32:04      13    3.02    0.00    1.81    0.00    0.00    0.20    0.00    0.00    0.00   94.97
21:32:04      14    2.21    0.00    2.01    0.00    0.00    0.40    0.00    0.00    0.00   95.38
21:32:04      15    2.21    0.00    2.01    0.00    0.00    0.40    0.00    0.00    0.00   95.37

21:32:04     CPU    %usr   %nice    %sys %iowait    %irq   %soft  %steal  %guest  %gnice   %idle
21:32:09     all    1.72    0.00    0.86    0.06    0.00    0.40    0.00    0.00    0.00   96.96
21:32:09       0    0.60    0.00    0.80    0.00    0.00    1.80    0.00    0.00    0.00   96.79
21:32:09       1    1.22    0.00    0.61    0.00    0.00    0.41    0.00    0.00    0.00   97.76
21:32:09       2    1.21    0.00    0.60    0.00    0.00    0.40    0.00    0.00    0.00   97.79
21:32:09       3    3.59    0.00    2.00    0.80    0.00    0.40    0.00    0.00    0.00   93.21
21:32:09       4    2.99    0.00    1.20    0.00    0.00    0.40    0.00    0.00    0.00   95.41
21:32:09       5    4.24    0.00    1.82    0.00    0.00    0.40    0.00    0.00    0.00   93.54
21:32:09       6    1.81    0.00    1.00    0.00    0.00    0.40    0.00    0.00    0.00   96.79
21:32:09       7    2.61    0.00    1.40    0.00    0.00    0.60    0.00    0.00    0.00   95.39
21:32:09       8    0.81    0.00    0.60    0.00    0.00    0.00    0.00    0.00    0.00   98.59
21:32:09       9    0.60    0.00    0.40    0.00    0.00    0.20    0.00    0.00    0.00   98.80
21:32:09      10    0.61    0.00    0.61    0.00    0.00    0.20    0.00    0.00    0.00   98.57
21:32:09      11    3.41    0.00    1.00    0.00    0.00    0.60    0.00    0.00    0.00   94.98
21:32:09      12    1.00    0.00    0.40    0.00    0.00    0.20    0.00    0.00    0.00   98.40
21:32:09      13    1.01    0.00    0.20    0.20    0.00    0.00    0.00    0.00    0.00   98.58
21:32:09      14    0.80    0.00    0.60    0.00    0.00    0.20    0.00    0.00    0.00   98.39
21:32:09      15    1.01    0.00    0.41    0.00    0.00    0.20    0.00    0.00    0.00   98.38

21:32:09     CPU    %usr   %nice    %sys %iowait    %irq   %soft  %steal  %guest  %gnice   %idle
21:32:14     all    1.46    0.00    0.86    0.00    0.00    0.36    0.00    0.00    0.00   97.32
21:32:14       0    1.00    0.00    0.60    0.00    0.00    1.80    0.00    0.00    0.00   96.61
21:32:14       1    1.21    0.00    0.61    0.00    0.00    0.61    0.00    0.00    0.00   97.57
21:32:14       2    1.41    0.00    0.80    0.00    0.00    0.20    0.00    0.00    0.00   97.59
21:32:14       3    3.83    0.00    1.41    0.00    0.00    0.20    0.00    0.00    0.00   94.56
21:32:14       4    2.21    0.00    1.01    0.00    0.00    0.20    0.00    0.00    0.00   96.58
21:32:14       5    3.83    0.00    1.61    0.00    0.00    0.40    0.00    0.00    0.00   94.15
21:32:14       6    1.41    0.00    1.20    0.00    0.00    0.20    0.00    0.00    0.00   97.19
21:32:14       7    1.62    0.00    1.21    0.00    0.00    0.40    0.00    0.00    0.00   96.76
21:32:14       8    0.40    0.00    0.40    0.00    0.00    0.20    0.00    0.00    0.00   98.99
21:32:14       9    0.60    0.00    0.40    0.00    0.00    0.20    0.00    0.00    0.00   98.80
21:32:14      10    0.61    0.00    0.41    0.00    0.00    0.00    0.00    0.00    0.00   98.98
21:32:14      11    1.40    0.00    1.20    0.00    0.00    0.60    0.00    0.00    0.00   96.81
21:32:14      12    0.60    0.00    0.60    0.00    0.00    0.00    0.00    0.00    0.00   98.79
21:32:14      13    1.00    0.00    0.80    0.00    0.00    0.40    0.00    0.00    0.00   97.80
21:32:14      14    1.01    0.00    0.60    0.00    0.00    0.00    0.00    0.00    0.00   98.39
21:32:14      15    1.21    0.00    0.80    0.00    0.00    0.40    0.00    0.00    0.00   97.59

21:32:14     CPU    %usr   %nice    %sys %iowait    %irq   %soft  %steal  %guest  %gnice   %idle
21:32:19     all    1.39    0.00    0.79    0.10    0.00    0.31    0.00    0.00    0.00   97.40
21:32:19       0    0.60    0.00    0.40    0.00    0.00    1.21    0.00    0.00    0.00   97.78
21:32:19       1    0.81    0.00    0.61    0.00    0.00    0.81    0.00    0.00    0.00   97.78
21:32:19       2    1.01    0.00    0.81    0.40    0.00    0.40    0.00    0.00    0.00   97.37
21:32:19       3    3.64    0.00    1.21    0.20    0.00    0.61    0.00    0.00    0.00   94.33
21:32:19       4    2.79    0.00    1.00    0.20    0.00    0.20    0.00    0.00    0.00   95.81
21:32:19       5    3.64    0.00    1.62    0.00    0.00    0.40    0.00    0.00    0.00   94.33
21:32:19       6    1.80    0.00    1.40    0.20    0.00    0.20    0.00    0.00    0.00   96.40
21:32:19       7    1.22    0.00    1.22    0.00    0.00    0.20    0.00    0.00    0.00   97.36
21:32:19       8    0.80    0.00    0.40    0.00    0.00    0.20    0.00    0.00    0.00   98.59
21:32:19       9    0.60    0.00    0.40    0.00    0.00    0.00    0.00    0.00    0.00   98.99
21:32:19      10    0.61    0.00    0.41    0.00    0.00    0.00    0.00    0.00    0.00   98.98
21:32:19      11    1.00    0.00    1.00    0.60    0.00    0.20    0.00    0.00    0.00   97.19
21:32:19      12    1.00    0.00    0.40    0.00    0.00    0.20    0.00    0.00    0.00   98.39
21:32:19      13    0.81    0.00    0.40    0.00    0.00    0.00    0.00    0.00    0.00   98.79
21:32:19      14    0.80    0.00    0.80    0.00    0.00    0.40    0.00    0.00    0.00   97.99
21:32:19      15    1.01    0.00    0.60    0.00    0.00    0.00    0.00    0.00    0.00   98.39

21:32:19     CPU    %usr   %nice    %sys %iowait    %irq   %soft  %steal  %guest  %gnice   %idle
21:32:24     all    1.53    0.00    0.87    0.00    0.00    0.35    0.00    0.00    0.00   97.25
21:32:24       0    0.80    0.00    0.40    0.00    0.00    1.41    0.00    0.00    0.00   97.38
21:32:24       1    0.81    0.00    0.41    0.00    0.00    0.61    0.00    0.00    0.00   98.17
21:32:24       2    1.21    0.00    0.80    0.00    0.00    0.20    0.00    0.00    0.00   97.79
21:32:24       3    3.43    0.00    1.61    0.00    0.00    0.20    0.00    0.00    0.00   94.76
21:32:24       4    2.79    0.00    1.59    0.00    0.00    0.40    0.00    0.00    0.00   95.22
21:32:24       5    4.80    0.00    1.80    0.00    0.00    0.40    0.00    0.00    0.00   93.00
21:32:24       6    1.99    0.00    1.39    0.00    0.00    0.40    0.00    0.00    0.00   96.22
21:32:24       7    1.81    0.00    1.21    0.00    0.00    0.60    0.00    0.00    0.00   96.37
21:32:24       8    0.80    0.00    0.80    0.00    0.00    0.20    0.00    0.00    0.00   98.19
21:32:24       9    0.60    0.00    0.40    0.00    0.00    0.20    0.00    0.00    0.00   98.79
21:32:24      10    0.61    0.00    0.20    0.00    0.00    0.20    0.00    0.00    0.00   98.98
21:32:24      11    0.80    0.00    1.20    0.00    0.00    0.40    0.00    0.00    0.00   97.60
21:32:24      12    1.00    0.00    0.40    0.00    0.00    0.00    0.00    0.00    0.00   98.59
21:32:24      13    1.20    0.00    0.80    0.00    0.00    0.20    0.00    0.00    0.00   97.80
21:32:24      14    0.81    0.00    0.40    0.00    0.00    0.00    0.00    0.00    0.00   98.79
21:32:24      15    1.00    0.00    0.40    0.00    0.00    0.20    0.00    0.00    0.00   98.40

21:32:24     CPU    %usr   %nice    %sys %iowait    %irq   %soft  %steal  %guest  %gnice   %idle
21:32:29     all    1.46    0.00    0.78    0.03    0.00    0.38    0.00    0.00    0.00   97.36
21:32:29       0    0.81    0.00    0.60    0.00    0.00    1.01    0.00    0.00    0.00   97.58
21:32:29       1    0.81    0.00    0.41    0.00    0.00    0.41    0.00    0.00    0.00   98.37
21:32:29       2    1.41    0.00    0.60    0.00    0.00    0.40    0.00    0.00    0.00   97.59
21:32:29       3    3.23    0.00    1.61    0.20    0.00    0.60    0.00    0.00    0.00   94.35
21:32:29       4    1.61    0.00    1.00    0.00    0.00    0.60    0.00    0.00    0.00   96.79
21:32:29       5    4.00    0.00    1.80    0.00    0.00    0.60    0.00    0.00    0.00   93.60
21:32:29       6    1.62    0.00    0.81    0.00    0.00    0.40    0.00    0.00    0.00   97.17
21:32:29       7    2.22    0.00    1.01    0.00    0.00    0.40    0.00    0.00    0.00   96.36
21:32:29       8    0.80    0.00    0.40    0.00    0.00    0.20    0.00    0.00    0.00   98.59
21:32:29       9    0.61    0.00    0.40    0.00    0.00    0.00    0.00    0.00    0.00   98.99
21:32:29      10    0.81    0.00    0.61    0.00    0.00    0.20    0.00    0.00    0.00   98.38
21:32:29      11    0.61    0.00    0.81    0.00    0.00    0.20    0.00    0.00    0.00   98.38
21:32:29      12    1.00    0.00    0.60    0.00    0.00    0.20    0.00    0.00    0.00   98.19
21:32:29      13    1.60    0.00    0.80    0.00    0.00    0.40    0.00    0.00    0.00   97.19
21:32:29      14    0.80    0.00    0.60    0.00    0.00    0.20    0.00    0.00    0.00   98.39
21:32:29      15    1.40    0.00    0.40    0.20    0.00    0.20    0.00    0.00    0.00   97.80

21:32:29     CPU    %usr   %nice    %sys %iowait    %irq   %soft  %steal  %guest  %gnice   %idle
21:32:34     all    1.52    0.00    0.90    0.09    0.00    0.39    0.00    0.00    0.00   97.10
21:32:34       0    0.60    0.00    0.60    0.00    0.00    1.20    0.00    0.00    0.00   97.60
21:32:34       1    0.81    0.00    0.60    0.00    0.00    0.60    0.00    0.00    0.00   97.98
21:32:34       2    1.21    0.00    0.81    0.00    0.00    0.20    0.00    0.00    0.00   97.78
21:32:34       3    3.83    0.00    1.61    0.20    0.00    0.60    0.00    0.00    0.00   93.75
21:32:34       4    1.80    0.00    1.60    0.00    0.00    0.40    0.00    0.00    0.00   96.20
21:32:34       5    4.22    0.00    2.01    0.00    0.00    0.40    0.00    0.00    0.00   93.37
21:32:34       6    2.20    0.00    1.20    0.00    0.00    0.40    0.00    0.00    0.00   96.20
21:32:34       7    1.80    0.00    1.40    0.00    0.00    0.60    0.00    0.00    0.00   96.19
21:32:34       8    0.80    0.00    0.40    0.00    0.00    0.20    0.00    0.00    0.00   98.59
21:32:34       9    0.80    0.00    0.20    0.00    0.00    0.20    0.00    0.00    0.00   98.80
21:32:34      10    0.61    0.00    0.41    0.00    0.00    0.20    0.00    0.00    0.00   98.78
21:32:34      11    1.20    0.00    1.00    0.40    0.00    0.40    0.00    0.00    0.00   96.99
21:32:34      12    1.01    0.00    0.80    0.60    0.00    0.00    0.00    0.00    0.00   97.59
21:32:34      13    1.81    0.00    1.00    0.00    0.00    0.40    0.00    0.00    0.00   96.79
21:32:34      14    1.00    0.00    0.40    0.00    0.00    0.40    0.00    0.00    0.00   98.19
21:32:34      15    0.60    0.00    0.40    0.20    0.00    0.00    0.00    0.00    0.00   98.79

21:32:34     CPU    %usr   %nice    %sys %iowait    %irq   %soft  %steal  %guest  %gnice   %idle
21:32:39     all    1.72    0.00    0.87    0.11    0.00    0.42    0.00    0.00    0.00   96.88
21:32:39       0    0.60    0.00    0.40    0.00    0.00    1.61    0.00    0.00    0.00   97.38
21:32:39       1    0.81    0.00    0.61    0.00    0.00    0.61    0.00    0.00    0.00   97.97
21:32:39       2    1.00    0.00    1.00    0.00    0.00    0.20    0.00    0.00    0.00   97.79
21:32:39       3    4.85    0.00    1.82    1.01    0.00    0.20    0.00    0.00    0.00   92.12
21:32:39       4    2.60    0.00    1.00    0.00    0.00    0.40    0.00    0.00    0.00   96.00
21:32:39       5    4.00    0.00    1.60    0.20    0.00    0.60    0.00    0.00    0.00   93.60
21:32:39       6    2.21    0.00    1.20    0.00    0.00    0.40    0.00    0.00    0.00   96.18
21:32:39       7    1.82    0.00    1.01    0.00    0.00    0.61    0.00    0.00    0.00   96.57
21:32:39       8    0.81    0.00    0.40    0.00    0.00    0.20    0.00    0.00    0.00   98.59
21:32:39       9    0.60    0.00    0.40    0.00    0.00    0.00    0.00    0.00    0.00   98.99
21:32:39      10    0.81    0.00    0.20    0.00    0.00    0.20    0.00    0.00    0.00   98.78
21:32:39      11    1.00    0.00    1.00    0.20    0.00    0.60    0.00    0.00    0.00   97.19
21:32:39      12    1.01    0.00    0.40    0.00    0.00    0.20    0.00    0.00    0.00   98.39
21:32:39      13    2.81    0.00    1.40    0.00    0.00    0.40    0.00    0.00    0.00   95.39
21:32:39      14    1.41    0.00    0.80    0.00    0.00    0.20    0.00    0.00    0.00   97.59
21:32:39      15    1.20    0.00    0.60    0.40    0.00    0.20    0.00    0.00    0.00   97.59

21:32:39     CPU    %usr   %nice    %sys %iowait    %irq   %soft  %steal  %guest  %gnice   %idle
21:32:44     all    1.45    0.00    0.69    0.01    0.00    0.39    0.00    0.00    0.00   97.46
21:32:44       0    0.80    0.00    0.40    0.00    0.00    1.20    0.00    0.00    0.00   97.59
21:32:44       1    0.81    0.00    0.60    0.00    0.00    0.60    0.00    0.00    0.00   97.98
21:32:44       2    0.81    0.00    0.60    0.00    0.00    0.40    0.00    0.00    0.00   98.19
21:32:44       3    3.62    0.00    1.61    0.00    0.00    0.60    0.00    0.00    0.00   94.16
21:32:44       4    2.40    0.00    0.80    0.00    0.00    0.20    0.00    0.00    0.00   96.60
21:32:44       5    2.63    0.00    1.21    0.00    0.00    0.40    0.00    0.00    0.00   95.75
21:32:44       6    1.80    0.00    1.00    0.00    0.00    0.40    0.00    0.00    0.00   96.79
21:32:44       7    1.60    0.00    1.40    0.00    0.00    0.80    0.00    0.00    0.00   96.21
21:32:44       8    0.60    0.00    0.20    0.00    0.00    0.00    0.00    0.00    0.00   99.19
21:32:44       9    0.40    0.00    0.20    0.00    0.00    0.20    0.00    0.00    0.00   99.20
21:32:44      10    0.81    0.00    0.20    0.00    0.00    0.00    0.00    0.00    0.00   98.98
21:32:44      11    1.01    0.00    0.40    0.20    0.00    0.20    0.00    0.00    0.00   98.19
21:32:44      12    0.60    0.00    0.20    0.00    0.00    0.20    0.00    0.00    0.00   98.99
21:32:44      13    3.04    0.00    1.21    0.00    0.00    0.61    0.00    0.00    0.00   95.14
21:32:44      14    1.21    0.00    0.60    0.00    0.00    0.20    0.00    0.00    0.00   97.99
21:32:44      15    1.01    0.00    0.40    0.00    0.00    0.20    0.00    0.00    0.00   98.38

21:32:44     CPU    %usr   %nice    %sys %iowait    %irq   %soft  %steal  %guest  %gnice   %idle
21:32:49     all    1.51    0.00    0.82    0.15    0.00    0.35    0.00    0.00    0.00   97.17
21:32:49       0    0.60    0.00    0.20    0.00    0.00    1.01    0.00    0.00    0.00   98.19
21:32:49       1    0.61    0.00    0.41    0.00    0.00    0.41    0.00    0.00    0.00   98.58
21:32:49       2    1.41    0.00    0.40    0.00    0.00    0.20    0.00    0.00    0.00   97.98
21:32:49       3    3.42    0.00    1.61    0.60    0.00    0.60    0.00    0.00    0.00   93.76
21:32:49       4    1.80    0.00    0.80    0.00    0.00    0.40    0.00    0.00    0.00   96.99
21:32:49       5    3.43    0.00    1.61    1.01    0.00    0.40    0.00    0.00    0.00   93.55
21:32:49       6    1.41    0.00    1.00    0.20    0.00    0.20    0.00    0.00    0.00   97.19
21:32:49       7    1.60    0.00    1.20    0.00    0.00    0.40    0.00    0.00    0.00   96.79
21:32:49       8    0.80    0.00    0.40    0.00    0.00    0.20    0.00    0.00    0.00   98.59
21:32:49       9    0.41    0.00    0.41    0.00    0.00    0.00    0.00    0.00    0.00   99.19
21:32:49      10    0.81    0.00    0.61    0.00    0.00    0.20    0.00    0.00    0.00   98.37
21:32:49      11    1.61    0.00    1.21    0.40    0.00    0.40    0.00    0.00    0.00   96.38
21:32:49      12    1.01    0.00    0.60    0.00    0.00    0.20    0.00    0.00    0.00   98.19
21:32:49      13    3.02    0.00    1.41    0.00    0.00    0.40    0.00    0.00    0.00   95.17
21:32:49      14    1.21    0.00    0.60    0.00    0.00    0.20    0.00    0.00    0.00   97.98
21:32:49      15    1.01    0.00    0.60    0.20    0.00    0.40    0.00    0.00    0.00   97.78

21:32:49     CPU    %usr   %nice    %sys %iowait    %irq   %soft  %steal  %guest  %gnice   %idle
21:32:54     all    1.56    0.00    0.83    0.00    0.00    0.35    0.00    0.00    0.00   97.26
21:32:54       0    0.60    0.00    0.40    0.00    0.00    1.20    0.00    0.00    0.00   97.80
21:32:54       1    1.01    0.00    0.60    0.00    0.00    0.40    0.00    0.00    0.00   97.99
21:32:54       2    0.81    0.00    0.61    0.00    0.00    0.00    0.00    0.00    0.00   98.59
21:32:54       3    3.64    0.00    1.21    0.00    0.00    0.61    0.00    0.00    0.00   94.55
21:32:54       4    1.60    0.00    1.00    0.00    0.00    0.20    0.00    0.00    0.00   97.19
21:32:54       5    3.62    0.00    1.41    0.00    0.00    0.40    0.00    0.00    0.00   94.57
21:32:54       6    2.40    0.00    1.00    0.00    0.00    0.40    0.00    0.00    0.00   96.21
21:32:54       7    1.81    0.00    1.00    0.00    0.00    0.40    0.00    0.00    0.00   96.79
21:32:54       8    0.80    0.00    0.80    0.00    0.00    0.20    0.00    0.00    0.00   98.20
21:32:54       9    0.60    0.00    0.40    0.00    0.00    0.20    0.00    0.00    0.00   98.79
21:32:54      10    0.61    0.00    0.41    0.00    0.00    0.20    0.00    0.00    0.00   98.78
21:32:54      11    1.01    0.00    0.81    0.00    0.00    0.20    0.00    0.00    0.00   97.98
21:32:54      12    0.80    0.00    0.80    0.00    0.00    0.20    0.00    0.00    0.00   98.19
21:32:54      13    2.99    0.00    1.40    0.00    0.00    0.60    0.00    0.00    0.00   95.01
21:32:54      14    1.20    0.00    0.60    0.00    0.00    0.20    0.00    0.00    0.00   98.00
21:32:54      15    1.40    0.00    0.80    0.00    0.00    0.20    0.00    0.00    0.00   97.60

21:32:54     CPU    %usr   %nice    %sys %iowait    %irq   %soft  %steal  %guest  %gnice   %idle
21:32:59     all    1.65    0.00    0.87    0.01    0.00    0.34    0.00    0.00    0.00   97.13
21:32:59       0    0.80    0.00    0.80    0.00    0.00    1.00    0.00    0.00    0.00   97.39
21:32:59       1    0.81    0.00    0.61    0.00    0.00    0.61    0.00    0.00    0.00   97.98
21:32:59       2    1.20    0.00    0.80    0.00    0.00    0.20    0.00    0.00    0.00   97.80
21:32:59       3    2.81    0.00    1.81    0.00    0.00    0.80    0.00    0.00    0.00   94.58
21:32:59       4    1.81    0.00    1.01    0.00    0.00    0.40    0.00    0.00    0.00   96.77
21:32:59       5    4.80    0.00    1.40    0.00    0.00    0.40    0.00    0.00    0.00   93.40
21:32:59       6    2.01    0.00    1.00    0.00    0.00    0.40    0.00    0.00    0.00   96.59
21:32:59       7    2.41    0.00    1.01    0.00    0.00    0.20    0.00    0.00    0.00   96.38
21:32:59       8    1.00    0.00    0.80    0.00    0.00    0.00    0.00    0.00    0.00   98.20
21:32:59       9    0.80    0.00    0.60    0.00    0.00    0.00    0.00    0.00    0.00   98.59
21:32:59      10    0.81    0.00    0.41    0.00    0.00    0.20    0.00    0.00    0.00   98.58
21:32:59      11    2.42    0.00    0.61    0.20    0.00    0.40    0.00    0.00    0.00   96.36
21:32:59      12    0.81    0.00    0.60    0.00    0.00    0.20    0.00    0.00    0.00   98.39
21:32:59      13    1.41    0.00    1.41    0.00    0.00    0.40    0.00    0.00    0.00   96.78
21:32:59      14    0.80    0.00    0.40    0.00    0.00    0.20    0.00    0.00    0.00   98.59
21:32:59      15    1.61    0.00    0.60    0.00    0.00    0.00    0.00    0.00    0.00   97.79

21:32:59     CPU    %usr   %nice    %sys %iowait    %irq   %soft  %steal  %guest  %gnice   %idle
21:33:04     all    2.64    0.00    1.87    0.04    0.00    0.41    0.00    0.00    0.00   95.03
21:33:04       0    2.01    0.00    2.01    0.00    0.00    1.81    0.00    0.00    0.00   94.18
21:33:04       1    2.03    0.00    1.62    0.00    0.00    0.61    0.00    0.00    0.00   95.74
21:33:04       2    2.01    0.00    1.61    0.00    0.00    0.40    0.00    0.00    0.00   95.98
21:33:04       3    4.77    0.00    3.18    0.00    0.00    0.80    0.00    0.00    0.00   91.25
21:33:04       4    3.19    0.00    2.40    0.20    0.00    0.40    0.00    0.00    0.00   93.81
21:33:04       5    5.02    0.00    2.81    0.00    0.00    0.20    0.00    0.00    0.00   91.97
21:33:04       6    2.99    0.00    2.20    0.00    0.00    0.40    0.00    0.00    0.00   94.41
21:33:04       7    2.62    0.00    2.02    0.00    0.00    0.60    0.00    0.00    0.00   94.76
21:33:04       8    1.81    0.00    1.21    0.00    0.00    0.20    0.00    0.00    0.00   96.78
21:33:04       9    1.60    0.00    1.20    0.00    0.00    0.20    0.00    0.00    0.00   96.99
21:33:04      10    1.63    0.00    1.43    0.00    0.00    0.41    0.00    0.00    0.00   96.54
21:33:04      11    3.02    0.00    2.01    0.20    0.00    0.00    0.00    0.00    0.00   94.77
21:33:04      12    2.23    0.00    1.21    0.00    0.00    0.20    0.00    0.00    0.00   96.36
21:33:04      13    3.22    0.00    1.81    0.00    0.00    0.20    0.00    0.00    0.00   94.77
21:33:04      14    2.02    0.00    1.61    0.00    0.00    0.00    0.00    0.00    0.00   96.37
21:33:04      15    2.02    0.00    1.62    0.20    0.00    0.20    0.00    0.00    0.00   95.96

21:33:04     CPU    %usr   %nice    %sys %iowait    %irq   %soft  %steal  %guest  %gnice   %idle
21:33:09     all    1.65    0.00    0.79    0.13    0.00    0.40    0.00    0.00    0.00   97.03
21:33:09       0    0.60    0.00    0.40    0.20    0.00    2.19    0.00    0.00    0.00   96.61
21:33:09       1    1.00    0.00    0.60    0.00    0.00    0.60    0.00    0.00    0.00   97.79
21:33:09       2    1.01    0.00    0.40    0.00    0.00    0.20    0.00    0.00    0.00   98.38
21:33:09       3    2.82    0.00    1.61    0.40    0.00    0.60    0.00    0.00    0.00   94.57
21:33:09       4    2.01    0.00    1.21    0.40    0.00    0.40    0.00    0.00    0.00   95.98
21:33:09       5    4.20    0.00    1.80    0.20    0.00    0.60    0.00    0.00    0.00   93.20
21:33:09       6    2.40    0.00    0.80    0.00    0.00    0.40    0.00    0.00    0.00   96.39
21:33:09       7    2.20    0.00    1.40    0.20    0.00    0.20    0.00    0.00    0.00   96.01
21:33:09       8    0.80    0.00    0.40    0.00    0.00    0.00    0.00    0.00    0.00   98.79
21:33:09       9    0.60    0.00    0.60    0.00    0.00    0.00    0.00    0.00    0.00   98.79
21:33:09      10    1.02    0.00    0.61    0.00    0.00    0.20    0.00    0.00    0.00   98.17
21:33:09      11    3.03    0.00    0.61    0.20    0.00    0.20    0.00    0.00    0.00   95.96
21:33:09      12    1.22    0.00    0.41    0.00    0.00    0.20    0.00    0.00    0.00   98.17
21:33:09      13    1.82    0.00    0.81    0.00    0.00    0.20    0.00    0.00    0.00   97.17
21:33:09      14    0.61    0.00    0.40    0.00    0.00    0.20    0.00    0.00    0.00   98.79
21:33:09      15    1.01    0.00    0.60    0.40    0.00    0.20    0.00    0.00    0.00   97.79

21:33:09     CPU    %usr   %nice    %sys %iowait    %irq   %soft  %steal  %guest  %gnice   %idle
21:33:14     all    1.66    0.00    0.84    0.00    0.00    0.36    0.00    0.00    0.00   97.13
21:33:14       0    0.80    0.00    0.40    0.00    0.00    1.41    0.00    0.00    0.00   97.39
21:33:14       1    0.81    0.00    0.41    0.00    0.00    1.01    0.00    0.00    0.00   97.77
21:33:14       2    1.41    0.00    1.00    0.00    0.00    0.20    0.00    0.00    0.00   97.39
21:33:14       3    4.61    0.00    2.20    0.00    0.00    0.60    0.00    0.00    0.00   92.59
21:33:14       4    2.59    0.00    1.20    0.00    0.00    0.60    0.00    0.00    0.00   95.62
21:33:14       5    3.43    0.00    1.41    0.00    0.00    0.60    0.00    0.00    0.00   94.56
21:33:14       6    1.61    0.00    1.00    0.00    0.00    0.20    0.00    0.00    0.00   97.19
21:33:14       7    1.81    0.00    1.21    0.00    0.00    0.20    0.00    0.00    0.00   96.78
21:33:14       8    0.80    0.00    0.40    0.00    0.00    0.20    0.00    0.00    0.00   98.60
21:33:14       9    1.00    0.00    0.40    0.00    0.00    0.20    0.00    0.00    0.00   98.39
21:33:14      10    0.61    0.00    0.61    0.00    0.00    0.00    0.00    0.00    0.00   98.77
21:33:14      11    2.41    0.00    1.01    0.00    0.00    0.20    0.00    0.00    0.00   96.38
21:33:14      12    1.01    0.00    0.40    0.00    0.00    0.00    0.00    0.00    0.00   98.58
21:33:14      13    1.61    0.00    0.80    0.00    0.00    0.40    0.00    0.00    0.00   97.18
21:33:14      14    1.00    0.00    0.60    0.00    0.00    0.00    0.00    0.00    0.00   98.39
21:33:14      15    1.01    0.00    0.41    0.00    0.00    0.00    0.00    0.00    0.00   98.58

21:33:14     CPU    %usr   %nice    %sys %iowait    %irq   %soft  %steal  %guest  %gnice   %idle
21:33:19     all    1.57    0.00    0.72    0.10    0.00    0.43    0.00    0.00    0.00   97.18
21:33:19       0    0.60    0.00    0.60    0.60    0.00    2.00    0.00    0.00    0.00   96.20
21:33:19       1    0.81    0.00    0.60    0.00    0.00    1.01    0.00    0.00    0.00   97.58
21:33:19       2    1.01    0.00    0.60    0.00    0.00    0.20    0.00    0.00    0.00   98.19
21:33:19       3    2.83    0.00    1.21    0.00    0.00    0.61    0.00    0.00    0.00   95.34
21:33:19       4    1.81    0.00    1.21    0.80    0.00    0.60    0.00    0.00    0.00   95.57
21:33:19       5    2.81    0.00    2.21    0.00    0.00    0.40    0.00    0.00    0.00   94.58
21:33:19       6    1.40    0.00    0.80    0.00    0.00    0.40    0.00    0.00    0.00   97.40
21:33:19       7    2.20    0.00    0.80    0.00    0.00    0.40    0.00    0.00    0.00   96.60
21:33:19       8    0.80    0.00    0.20    0.00    0.00    0.20    0.00    0.00    0.00   98.80
21:33:19       9    0.60    0.00    0.20    0.00    0.00    0.00    0.00    0.00    0.00   99.19
21:33:19      10    0.61    0.00    0.20    0.00    0.00    0.00    0.00    0.00    0.00   99.18
21:33:19      11    3.83    0.00    0.60    0.00    0.00    0.20    0.00    0.00    0.00   95.36
21:33:19      12    0.81    0.00    0.40    0.00    0.00    0.20    0.00    0.00    0.00   98.59
21:33:19      13    2.61    0.00    0.80    0.20    0.00    0.20    0.00    0.00    0.00   96.19
21:33:19      14    1.00    0.00    0.60    0.00    0.00    0.20    0.00    0.00    0.00   98.19
21:33:19      15    1.40    0.00    0.40    0.00    0.00    0.20    0.00    0.00    0.00   98.00

21:33:19     CPU    %usr   %nice    %sys %iowait    %irq   %soft  %steal  %guest  %gnice   %idle
21:33:24     all    1.47    0.00    0.84    0.03    0.00    0.34    0.00    0.00    0.00   97.32
21:33:24       0    0.60    0.00    0.40    0.00    0.00    1.60    0.00    0.00    0.00   97.39
21:33:24       1    0.81    0.00    0.61    0.00    0.00    0.41    0.00    0.00    0.00   98.17
21:33:24       2    1.01    0.00    0.60    0.00    0.00    0.00    0.00    0.00    0.00   98.39
21:33:24       3    3.23    0.00    1.41    0.40    0.00    0.61    0.00    0.00    0.00   94.34
21:33:24       4    2.01    0.00    1.01    0.00    0.00    0.20    0.00    0.00    0.00   96.78
21:33:24       5    3.02    0.00    2.02    0.00    0.00    0.40    0.00    0.00    0.00   94.56
21:33:24       6    1.80    0.00    1.40    0.00    0.00    0.40    0.00    0.00    0.00   96.40
21:33:24       7    1.81    0.00    1.01    0.00    0.00    0.20    0.00    0.00    0.00   96.98
21:33:24       8    0.40    0.00    0.60    0.00    0.00    0.20    0.00    0.00    0.00   98.79
21:33:24       9    0.40    0.00    0.60    0.00    0.00    0.00    0.00    0.00    0.00   98.99
21:33:24      10    0.82    0.00    0.41    0.00    0.00    0.20    0.00    0.00    0.00   98.57
21:33:24      11    2.42    0.00    1.01    0.00    0.00    0.20    0.00    0.00    0.00   96.37
21:33:24      12    0.81    0.00    0.60    0.00    0.00    0.20    0.00    0.00    0.00   98.39
21:33:24      13    2.78    0.00    1.19    0.00    0.00    0.40    0.00    0.00    0.00   95.63
21:33:24      14    0.80    0.00    0.40    0.00    0.00    0.20    0.00    0.00    0.00   98.59
21:33:24      15    0.80    0.00    0.20    0.00    0.00    0.20    0.00    0.00    0.00   98.79

21:33:24     CPU    %usr   %nice    %sys %iowait    %irq   %soft  %steal  %guest  %gnice   %idle
21:33:29     all    1.51    0.00    0.70    0.04    0.00    0.48    0.00    0.00    0.00   97.27
21:33:29       0    0.80    0.00    0.20    0.00    0.00    1.81    0.00    0.00    0.00   97.19
21:33:29       1    0.61    0.00    0.61    0.00    0.00    0.81    0.00    0.00    0.00   97.98
21:33:29       2    0.80    0.00    0.60    0.00    0.00    0.20    0.00    0.00    0.00   98.39
21:33:29       3    3.82    0.00    1.21    0.00    0.00    0.60    0.00    0.00    0.00   94.37
21:33:29       4    1.61    0.00    1.20    0.20    0.00    0.60    0.00    0.00    0.00   96.39
21:33:29       5    3.02    0.00    1.41    0.00    0.00    0.60    0.00    0.00    0.00   94.97
21:33:29       6    1.82    0.00    0.81    0.00    0.00    0.40    0.00    0.00    0.00   96.97
21:33:29       7    2.19    0.00    1.79    0.00    0.00    0.60    0.00    0.00    0.00   95.42
21:33:29       8    0.80    0.00    0.20    0.00    0.00    0.20    0.00    0.00    0.00   98.79
21:33:29       9    0.60    0.00    0.40    0.00    0.00    0.20    0.00    0.00    0.00   98.79
21:33:29      10    0.61    0.00    0.41    0.00    0.00    0.20    0.00    0.00    0.00   98.78
21:33:29      11    1.62    0.00    0.40    0.20    0.00    0.20    0.00    0.00    0.00   97.58
21:33:29      12    0.61    0.00    0.20    0.00    0.00    0.00    0.00    0.00    0.00   99.19
21:33:29      13    2.19    0.00    0.80    0.00    0.00    0.80    0.00    0.00    0.00   96.22
21:33:29      14    1.01    0.00    0.20    0.00    0.00    0.20    0.00    0.00    0.00   98.59
21:33:29      15    1.98    0.00    0.79    0.20    0.00    0.20    0.00    0.00    0.00   96.83

21:33:29     CPU    %usr   %nice    %sys %iowait    %irq   %soft  %steal  %guest  %gnice   %idle
21:33:34     all    1.55    0.00    0.80    0.05    0.00    0.44    0.00    0.00    0.00   97.16
21:33:34       0    0.60    0.00    0.40    0.00    0.00    2.00    0.00    0.00    0.00   97.01
21:33:34       1    0.81    0.00    0.61    0.40    0.00    0.40    0.00    0.00    0.00   97.78
21:33:34       2    1.01    0.00    0.20    0.00    0.00    0.40    0.00    0.00    0.00   98.38
21:33:34       3    2.62    0.00    1.41    0.20    0.00    0.40    0.00    0.00    0.00   95.36
21:33:34       4    2.01    0.00    1.20    0.00    0.00    0.40    0.00    0.00    0.00   96.39
21:33:34       5    3.01    0.00    2.21    0.00    0.00    0.60    0.00    0.00    0.00   94.18
21:33:34       6    1.61    0.00    0.81    0.20    0.00    0.20    0.00    0.00    0.00   97.18
21:33:34       7    1.62    0.00    1.01    0.00    0.00    0.40    0.00    0.00    0.00   96.97
21:33:34       8    0.80    0.00    0.40    0.00    0.00    0.20    0.00    0.00    0.00   98.60
21:33:34       9    0.40    0.00    0.61    0.00    0.00    0.00    0.00    0.00    0.00   98.99
21:33:34      10    1.01    0.00    0.61    0.00    0.00    0.40    0.00    0.00    0.00   97.98
21:33:34      11    2.82    0.00    0.80    0.00    0.00    0.40    0.00    0.00    0.00   95.98
21:33:34      12    1.40    0.00    0.80    0.00    0.00    0.40    0.00    0.00    0.00   97.39
21:33:34      13    2.22    0.00    1.01    0.00    0.00    0.40    0.00    0.00    0.00   96.37
21:33:34      14    0.81    0.00    0.40    0.00    0.00    0.20    0.00    0.00    0.00   98.59
21:33:34      15    1.99    0.00    0.40    0.00    0.00    0.20    0.00    0.00    0.00   97.42

21:33:34     CPU    %usr   %nice    %sys %iowait    %irq   %soft  %steal  %guest  %gnice   %idle
21:33:39     all    1.67    0.00    0.88    0.00    0.00    0.40    0.00    0.00    0.00   97.04
21:33:39       0    0.80    0.00    0.60    0.00    0.00    1.80    0.00    0.00    0.00   96.80
21:33:39       1    0.81    0.00    0.61    0.00    0.00    0.61    0.00    0.00    0.00   97.97
21:33:39       2    1.21    0.00    0.81    0.00    0.00    0.40    0.00    0.00    0.00   97.58
21:33:39       3    3.22    0.00    1.61    0.00    0.00    0.60    0.00    0.00    0.00   94.57
21:33:39       4    2.01    0.00    1.20    0.00    0.00    0.40    0.00    0.00    0.00   96.39
21:33:39       5    4.42    0.00    1.81    0.00    0.00    0.60    0.00    0.00    0.00   93.17
21:33:39       6    1.82    0.00    0.81    0.00    0.00    0.20    0.00    0.00    0.00   97.17
21:33:39       7    2.22    0.00    1.41    0.00    0.00    0.60    0.00    0.00    0.00   95.77
21:33:39       8    0.60    0.00    0.60    0.00    0.00    0.20    0.00    0.00    0.00   98.59
21:33:39       9    0.60    0.00    0.60    0.00    0.00    0.20    0.00    0.00    0.00   98.60
21:33:39      10    0.61    0.00    0.61    0.00    0.00    0.00    0.00    0.00    0.00   98.78
21:33:39      11    2.41    0.00    1.01    0.00    0.00    0.40    0.00    0.00    0.00   96.18
21:33:39      12    1.01    0.00    0.80    0.00    0.00    0.20    0.00    0.00    0.00   97.99
21:33:39      13    1.61    0.00    0.81    0.00    0.00    0.20    0.00    0.00    0.00   97.38
21:33:39      14    1.21    0.00    0.40    0.00    0.00    0.00    0.00    0.00    0.00   98.38
21:33:39      15    2.19    0.00    0.40    0.00    0.00    0.00    0.00    0.00    0.00   97.41

21:33:39     CPU    %usr   %nice    %sys %iowait    %irq   %soft  %steal  %guest  %gnice   %idle
21:33:44     all    1.51    0.00    0.81    0.01    0.00    0.36    0.00    0.00    0.00   97.31
21:33:44       0    0.60    0.00    0.40    0.00    0.00    1.41    0.00    0.00    0.00   97.59
21:33:44       1    0.61    0.00    0.61    0.00    0.00    0.61    0.00    0.00    0.00   98.17
21:33:44       2    0.80    0.00    0.80    0.00    0.00    0.40    0.00    0.00    0.00   97.99
21:33:44       3    3.03    0.00    1.62    0.00    0.00    0.20    0.00    0.00    0.00   95.15
21:33:44       4    1.62    0.00    1.01    0.00    0.00    0.40    0.00    0.00    0.00   96.97
21:33:44       5    4.00    0.00    2.00    0.00    0.00    0.80    0.00    0.00    0.00   93.20
21:33:44       6    1.61    0.00    0.60    0.00    0.00    0.20    0.00    0.00    0.00   97.58
21:33:44       7    1.83    0.00    0.81    0.00    0.00    0.20    0.00    0.00    0.00   97.16
21:33:44       8    0.81    0.00    0.40    0.00    0.00    0.00    0.00    0.00    0.00   98.79
21:33:44       9    0.80    0.00    0.60    0.20    0.00    0.20    0.00    0.00    0.00   98.19
21:33:44      10    0.81    0.00    0.41    0.00    0.00    0.20    0.00    0.00    0.00   98.58
21:33:44      11    2.20    0.00    1.20    0.00    0.00    0.20    0.00    0.00    0.00   96.39
21:33:44      12    1.01    0.00    0.40    0.00    0.00    0.20    0.00    0.00    0.00   98.38
21:33:44      13    1.60    0.00    1.00    0.00    0.00    0.40    0.00    0.00    0.00   97.00
21:33:44      14    0.80    0.00    0.40    0.00    0.00    0.20    0.00    0.00    0.00   98.59
21:33:44      15    1.98    0.00    0.60    0.00    0.00    0.20    0.00    0.00    0.00   97.22

21:33:44     CPU    %usr   %nice    %sys %iowait    %irq   %soft  %steal  %guest  %gnice   %idle
21:33:49     all    1.61    0.00    0.80    0.25    0.00    0.40    0.00    0.00    0.00   96.93
21:33:49       0    1.00    0.00    0.60    0.00    0.00    1.39    0.00    0.00    0.00   97.01
21:33:49       1    1.02    0.00    0.41    0.00    0.00    0.61    0.00    0.00    0.00   97.97
21:33:49       2    1.20    0.00    0.80    0.20    0.00    0.20    0.00    0.00    0.00   97.59
21:33:49       3    3.82    0.00    1.41    0.40    0.00    0.40    0.00    0.00    0.00   93.98
21:33:49       4    2.20    0.00    1.00    0.60    0.00    0.40    0.00    0.00    0.00   95.79
21:33:49       5    4.21    0.00    1.80    0.80    0.00    0.80    0.00    0.00    0.00   92.38
21:33:49       6    1.61    0.00    1.00    0.40    0.00    0.40    0.00    0.00    0.00   96.59
21:33:49       7    2.01    0.00    1.20    0.60    0.00    0.60    0.00    0.00    0.00   95.58
21:33:49       8    0.81    0.00    0.40    0.40    0.00    0.20    0.00    0.00    0.00   98.19
21:33:49       9    0.80    0.00    0.40    0.00    0.00    0.20    0.00    0.00    0.00   98.60
21:33:49      10    0.81    0.00    0.41    0.00    0.00    0.00    0.00    0.00    0.00   98.78
21:33:49      11    2.21    0.00    1.00    0.00    0.00    0.20    0.00    0.00    0.00   96.59
21:33:49      12    0.81    0.00    0.60    0.00    0.00    0.20    0.00    0.00    0.00   98.39
21:33:49      13    1.61    0.00    1.01    0.20    0.00    0.40    0.00    0.00    0.00   96.78
21:33:49      14    0.61    0.00    0.40    0.00    0.00    0.20    0.00    0.00    0.00   98.79
21:33:49      15    1.00    0.00    0.40    0.40    0.00    0.20    0.00    0.00    0.00   98.00

21:33:49     CPU    %usr   %nice    %sys %iowait    %irq   %soft  %steal  %guest  %gnice   %idle
21:33:54     all    1.57    0.00    0.83    0.00    0.00    0.43    0.00    0.00    0.00   97.18
21:33:54       0    0.40    0.00    0.40    0.00    0.00    2.40    0.00    0.00    0.00   96.81
21:33:54       1    1.61    0.00    1.01    0.00    0.00    0.60    0.00    0.00    0.00   96.78
21:33:54       2    1.01    0.00    1.01    0.00    0.00    0.40    0.00    0.00    0.00   97.59
21:33:54       3    3.42    0.00    1.41    0.00    0.00    0.40    0.00    0.00    0.00   94.77
21:33:54       4    2.19    0.00    1.19    0.00    0.00    0.60    0.00    0.00    0.00   96.02
21:33:54       5    4.02    0.00    1.41    0.00    0.00    0.40    0.00    0.00    0.00   94.18
21:33:54       6    2.19    0.00    1.19    0.00    0.00    0.40    0.00    0.00    0.00   96.22
21:33:54       7    2.20    0.00    1.00    0.00    0.00    0.40    0.00    0.00    0.00   96.40
21:33:54       8    0.61    0.00    0.61    0.00    0.00    0.00    0.00    0.00    0.00   98.79
21:33:54       9    0.60    0.00    0.20    0.00    0.00    0.00    0.00    0.00    0.00   99.20
21:33:54      10    0.61    0.00    0.41    0.00    0.00    0.20    0.00    0.00    0.00   98.78
21:33:54      11    1.40    0.00    0.60    0.00    0.00    0.40    0.00    0.00    0.00   97.60
21:33:54      12    1.41    0.00    0.80    0.00    0.00    0.20    0.00    0.00    0.00   97.59
21:33:54      13    2.02    0.00    1.01    0.00    0.00    0.20    0.00    0.00    0.00   96.77
21:33:54      14    0.60    0.00    0.40    0.00    0.00    0.00    0.00    0.00    0.00   98.99
21:33:54      15    0.80    0.00    0.60    0.00    0.00    0.20    0.00    0.00    0.00   98.39

21:33:54     CPU    %usr   %nice    %sys %iowait    %irq   %soft  %steal  %guest  %gnice   %idle
21:33:59     all    1.62    0.00    0.82    0.04    0.00    0.45    0.00    0.00    0.00   97.07
21:33:59       0    1.00    0.00    0.60    0.00    0.00    1.80    0.00    0.00    0.00   96.60
21:33:59       1    1.01    0.00    0.61    0.00    0.00    0.61    0.00    0.00    0.00   97.78
21:33:59       2    1.00    0.00    0.80    0.00    0.00    0.80    0.00    0.00    0.00   97.41
21:33:59       3    2.83    0.00    1.82    0.00    0.00    0.61    0.00    0.00    0.00   94.74
21:33:59       4    2.81    0.00    1.20    0.20    0.00    0.40    0.00    0.00    0.00   95.39
21:33:59       5    3.81    0.00    1.40    0.00    0.00    0.80    0.00    0.00    0.00   93.99
21:33:59       6    2.00    0.00    1.00    0.20    0.00    0.40    0.00    0.00    0.00   96.39
21:33:59       7    2.21    0.00    1.41    0.00    0.00    0.40    0.00    0.00    0.00   95.98
21:33:59       8    1.00    0.00    0.60    0.00    0.00    0.20    0.00    0.00    0.00   98.20
21:33:59       9    0.60    0.00    0.40    0.00    0.00    0.20    0.00    0.00    0.00   98.79
21:33:59      10    0.61    0.00    0.41    0.00    0.00    0.20    0.00    0.00    0.00   98.77
21:33:59      11    1.79    0.00    1.00    0.00    0.00    0.20    0.00    0.00    0.00   97.01
21:33:59      12    1.01    0.00    0.40    0.00    0.00    0.00    0.00    0.00    0.00   98.59
21:33:59      13    2.62    0.00    0.80    0.00    0.00    0.40    0.00    0.00    0.00   96.18
21:33:59      14    0.60    0.00    0.20    0.00    0.00    0.00    0.00    0.00    0.00   99.19
21:33:59      15    1.01    0.00    0.40    0.20    0.00    0.20    0.00    0.00    0.00   98.19

21:33:59     CPU    %usr   %nice    %sys %iowait    %irq   %soft  %steal  %guest  %gnice   %idle
21:34:04     all    2.63    0.00    1.84    0.04    0.00    0.39    0.00    0.00    0.00   95.11
21:34:04       0    1.81    0.00    1.61    0.00    0.00    0.81    0.00    0.00    0.00   95.77
21:34:04       1    2.01    0.00    1.61    0.00    0.00    0.80    0.00    0.00    0.00   95.57
21:34:04       2    2.42    0.00    1.81    0.00    0.00    0.20    0.00    0.00    0.00   95.56
21:34:04       3    4.79    0.00    1.80    0.20    0.00    0.60    0.00    0.00    0.00   92.61
21:34:04       4    4.01    0.00    2.61    0.00    0.00    0.20    0.00    0.00    0.00   93.19
21:34:04       5    4.44    0.00    2.62    0.00    0.00    0.40    0.00    0.00    0.00   92.54
21:34:04       6    2.80    0.00    2.00    0.20    0.00    0.60    0.00    0.00    0.00   94.40
21:34:04       7    3.02    0.00    2.62    0.20    0.00    0.60    0.00    0.00    0.00   93.56
21:34:04       8    2.21    0.00    1.41    0.00    0.00    0.20    0.00    0.00    0.00   96.18
21:34:04       9    1.61    0.00    1.61    0.00    0.00    0.00    0.00    0.00    0.00   96.78
21:34:04      10    1.84    0.00    1.22    0.00    0.00    0.00    0.00    0.00    0.00   96.94
21:34:04      11    3.22    0.00    2.21    0.00    0.00    0.40    0.00    0.00    0.00   94.16
21:34:04      12    1.41    0.00    1.21    0.00    0.00    0.40    0.00    0.00    0.00   96.98
21:34:04      13    2.41    0.00    2.21    0.00    0.00    0.60    0.00    0.00    0.00   94.77
21:34:04      14    2.01    0.00    1.41    0.00    0.00    0.20    0.00    0.00    0.00   96.38
21:34:04      15    2.02    0.00    1.41    0.00    0.00    0.20    0.00    0.00    0.00   96.37

21:34:04     CPU    %usr   %nice    %sys %iowait    %irq   %soft  %steal  %guest  %gnice   %idle
21:34:09     all    1.66    0.00    0.89    0.03    0.00    0.38    0.00    0.00    0.00   97.05
21:34:09       0    0.80    0.00    0.80    0.00    0.00    1.40    0.00    0.00    0.00   97.00
21:34:09       1    1.21    0.00    0.60    0.00    0.00    0.60    0.00    0.00    0.00   97.58
21:34:09       2    1.60    0.00    1.00    0.00    0.00    0.20    0.00    0.00    0.00   97.20
21:34:09       3    3.04    0.00    2.02    0.00    0.00    0.61    0.00    0.00    0.00   94.33
21:34:09       4    1.20    0.00    1.00    0.00    0.00    0.60    0.00    0.00    0.00   97.19
21:34:09       5    4.42    0.00    1.61    0.00    0.00    0.40    0.00    0.00    0.00   93.57
21:34:09       6    1.81    0.00    1.01    0.00    0.00    0.20    0.00    0.00    0.00   96.98
21:34:09       7    3.01    0.00    1.40    0.00    0.00    0.60    0.00    0.00    0.00   94.99
21:34:09       8    0.81    0.00    0.40    0.00    0.00    0.20    0.00    0.00    0.00   98.59
21:34:09       9    0.81    0.00    0.20    0.00    0.00    0.20    0.00    0.00    0.00   98.79
21:34:09      10    0.81    0.00    0.61    0.00    0.00    0.20    0.00    0.00    0.00   98.37
21:34:09      11    2.58    0.00    0.99    0.20    0.00    0.20    0.00    0.00    0.00   96.03
21:34:09      12    1.21    0.00    0.80    0.20    0.00    0.20    0.00    0.00    0.00   97.59
21:34:09      13    1.21    0.00    0.61    0.00    0.00    0.20    0.00    0.00    0.00   97.98
21:34:09      14    1.20    0.00    0.80    0.00    0.00    0.20    0.00    0.00    0.00   97.80
21:34:09      15    0.81    0.00    0.40    0.00    0.00    0.00    0.00    0.00    0.00   98.79

21:34:09     CPU    %usr   %nice    %sys %iowait    %irq   %soft  %steal  %guest  %gnice   %idle
21:34:14     all    1.52    0.00    0.87    0.05    0.00    0.38    0.00    0.00    0.00   97.19
21:34:14       0    1.00    0.00    0.40    0.00    0.00    1.20    0.00    0.00    0.00   97.39
21:34:14       1    0.60    0.00    0.81    0.00    0.00    0.60    0.00    0.00    0.00   97.98
21:34:14       2    1.21    0.00    0.60    0.00    0.00    0.00    0.00    0.00    0.00   98.19
21:34:14       3    3.63    0.00    1.81    0.00    0.00    0.40    0.00    0.00    0.00   94.15
21:34:14       4    2.01    0.00    1.00    0.00    0.00    0.40    0.00    0.00    0.00   96.59
21:34:14       5    3.60    0.00    1.60    0.20    0.00    0.60    0.00    0.00    0.00   94.00
21:34:14       6    1.81    0.00    0.80    0.00    0.00    0.40    0.00    0.00    0.00   96.99
21:34:14       7    2.00    0.00    1.40    0.00    0.00    0.40    0.00    0.00    0.00   96.19
21:34:14       8    1.41    0.00    0.60    0.00    0.00    0.20    0.00    0.00    0.00   97.79
21:34:14       9    0.40    0.00    0.80    0.00    0.00    0.00    0.00    0.00    0.00   98.79
21:34:14      10    0.61    0.00    0.41    0.00    0.00    0.20    0.00    0.00    0.00   98.78
21:34:14      11    1.41    0.00    0.40    0.00    0.00    0.20    0.00    0.00    0.00   97.99
21:34:14      12    1.21    0.00    0.60    0.60    0.00    0.20    0.00    0.00    0.00   97.38
21:34:14      13    1.21    0.00    1.01    0.00    0.00    0.40    0.00    0.00    0.00   97.37
21:34:14      14    1.00    0.00    0.80    0.00    0.00    0.40    0.00    0.00    0.00   97.80
21:34:14      15    1.20    0.00    0.80    0.00    0.00    0.40    0.00    0.00    0.00   97.60

21:34:14     CPU    %usr   %nice    %sys %iowait    %irq   %soft  %steal  %guest  %gnice   %idle
21:34:19     all    1.56    0.00    0.75    0.00    0.00    0.40    0.00    0.00    0.00   97.29
21:34:19       0    0.60    0.00    0.40    0.00    0.00    1.60    0.00    0.00    0.00   97.40
21:34:19       1    0.81    0.00    0.41    0.00    0.00    0.61    0.00    0.00    0.00   98.17
21:34:19       2    1.01    0.00    0.60    0.00    0.00    0.20    0.00    0.00    0.00   98.19
21:34:19       3    5.19    0.00    1.80    0.00    0.00    0.80    0.00    0.00    0.00   92.22
21:34:19       4    2.59    0.00    1.00    0.00    0.00    0.20    0.00    0.00    0.00   96.21
21:34:19       5    2.22    0.00    1.21    0.00    0.00    0.60    0.00    0.00    0.00   95.97
21:34:19       6    1.80    0.00    0.80    0.00    0.00    0.20    0.00    0.00    0.00   97.19
21:34:19       7    1.82    0.00    0.81    0.00    0.00    0.20    0.00    0.00    0.00   97.17
21:34:19       8    0.80    0.00    0.40    0.00    0.00    0.20    0.00    0.00    0.00   98.59
21:34:19       9    0.40    0.00    0.20    0.00    0.00    0.00    0.00    0.00    0.00   99.40
21:34:19      10    1.62    0.00    0.61    0.00    0.00    0.20    0.00    0.00    0.00   97.57
21:34:19      11    1.41    0.00    0.60    0.00    0.00    0.20    0.00    0.00    0.00   97.79
21:34:19      12    1.20    0.00    0.80    0.00    0.00    0.20    0.00    0.00    0.00   97.80
21:34:19      13    1.81    0.00    1.20    0.00    0.00    0.80    0.00    0.00    0.00   96.18
21:34:19      14    0.60    0.00    0.60    0.00    0.00    0.20    0.00    0.00    0.00   98.59
21:34:19      15    1.01    0.00    0.60    0.00    0.00    0.20    0.00    0.00    0.00   98.19

21:34:19     CPU    %usr   %nice    %sys %iowait    %irq   %soft  %steal  %guest  %gnice   %idle
21:34:24     all    1.52    0.00    0.74    0.10    0.00    0.30    0.00    0.00    0.00   97.33
21:34:24       0    0.60    0.00    0.40    0.00    0.00    1.01    0.00    0.00    0.00   97.98
21:34:24       1    0.81    0.00    0.40    0.00    0.00    0.61    0.00    0.00    0.00   98.18
21:34:24       2    0.81    0.00    0.81    0.20    0.00    0.20    0.00    0.00    0.00   97.98
21:34:24       3    3.25    0.00    1.02    0.41    0.00    0.41    0.00    0.00    0.00   94.92
21:34:24       4    1.41    0.00    1.00    0.00    0.00    0.60    0.00    0.00    0.00   96.99
21:34:24       5    3.04    0.00    1.42    0.20    0.00    0.40    0.00    0.00    0.00   94.94
21:34:24       6    2.20    0.00    0.60    0.20    0.00    0.00    0.00    0.00    0.00   97.01
21:34:24       7    2.79    0.00    1.40    0.00    0.00    0.60    0.00    0.00    0.00   95.21
21:34:24       8    0.61    0.00    0.40    0.00    0.00    0.00    0.00    0.00    0.00   98.99
21:34:24       9    0.40    0.00    0.20    0.00    0.00    0.00    0.00    0.00    0.00   99.40
21:34:24      10    1.61    0.00    0.60    0.20    0.00    0.40    0.00    0.00    0.00   97.18
21:34:24      11    2.00    0.00    0.80    0.20    0.00    0.20    0.00    0.00    0.00   96.81
21:34:24      12    1.01    0.00    0.80    0.00    0.00    0.20    0.00    0.00    0.00   97.99
21:34:24      13    2.02    0.00    1.21    0.20    0.00    0.20    0.00    0.00    0.00   96.37
21:34:24      14    1.01    0.00    0.40    0.00    0.00    0.00    0.00    0.00    0.00   98.59
21:34:24      15    0.81    0.00    0.40    0.00    0.00    0.00    0.00    0.00    0.00   98.79

21:34:24     CPU    %usr   %nice    %sys %iowait    %irq   %soft  %steal  %guest  %gnice   %idle
21:34:29     all    1.56    0.00    0.74    0.00    0.00    0.34    0.00    0.00    0.00   97.36
21:34:29       0    0.60    0.00    0.20    0.00    0.00    1.01    0.00    0.00    0.00   98.19
21:34:29       1    0.81    0.00    0.60    0.00    0.00    0.60    0.00    0.00    0.00   97.98
21:34:29       2    1.00    0.00    0.40    0.00    0.00    0.20    0.00    0.00    0.00   98.39
21:34:29       3    3.02    0.00    1.41    0.00    0.00    0.40    0.00    0.00    0.00   95.16
21:34:29       4    2.40    0.00    1.40    0.00    0.00    0.40    0.00    0.00    0.00   95.81
21:34:29       5    4.80    0.00    1.40    0.00    0.00    0.60    0.00    0.00    0.00   93.20
21:34:29       6    1.80    0.00    0.80    0.00    0.00    0.40    0.00    0.00    0.00   96.99
21:34:29       7    2.20    0.00    0.80    0.00    0.00    0.20    0.00    0.00    0.00   96.79
21:34:29       8    0.80    0.00    0.20    0.00    0.00    0.20    0.00    0.00    0.00   98.80
21:34:29       9    1.00    0.00    0.60    0.00    0.00    0.20    0.00    0.00    0.00   98.20
21:34:29      10    0.82    0.00    0.61    0.00    0.00    0.00    0.00    0.00    0.00   98.57
21:34:29      11    1.41    0.00    0.81    0.00    0.00    0.20    0.00    0.00    0.00   97.58
21:34:29      12    1.01    0.00    0.60    0.00    0.00    0.20    0.00    0.00    0.00   98.19
21:34:29      13    1.01    0.00    0.81    0.00    0.00    0.40    0.00    0.00    0.00   97.78
21:34:29      14    1.01    0.00    0.61    0.00    0.00    0.20    0.00    0.00    0.00   98.18
21:34:29      15    1.21    0.00    0.61    0.00    0.00    0.20    0.00    0.00    0.00   97.98

21:34:29     CPU    %usr   %nice    %sys %iowait    %irq   %soft  %steal  %guest  %gnice   %idle
21:34:34     all    1.55    0.00    0.89    0.09    0.00    0.29    0.00    0.00    0.00   97.18
21:34:34       0    0.81    0.00    0.40    0.00    0.00    0.60    0.00    0.00    0.00   98.19
21:34:34       1    0.81    0.00    0.40    0.00    0.00    0.60    0.00    0.00    0.00   98.19
21:34:34       2    1.59    0.00    0.80    0.00    0.00    0.40    0.00    0.00    0.00   97.22
21:34:34       3    4.03    0.00    2.02    0.20    0.00    0.60    0.00    0.00    0.00   93.15
21:34:34       4    2.40    0.00    1.00    0.20    0.00    0.40    0.00    0.00    0.00   96.00
21:34:34       5    3.42    0.00    2.01    0.00    0.00    0.40    0.00    0.00    0.00   94.16
21:34:34       6    1.80    0.00    1.20    0.60    0.00    0.40    0.00    0.00    0.00   96.00
21:34:34       7    3.22    0.00    1.01    0.20    0.00    0.40    0.00    0.00    0.00   95.17
21:34:34       8    0.40    0.00    0.60    0.00    0.00    0.00    0.00    0.00    0.00   98.99
21:34:34       9    0.60    0.00    0.40    0.00    0.00    0.00    0.00    0.00    0.00   99.00
21:34:34      10    0.82    0.00    0.82    0.20    0.00    0.20    0.00    0.00    0.00   97.96
21:34:34      11    0.81    0.00    0.60    0.00    0.00    0.20    0.00    0.00    0.00   98.39
21:34:34      12    1.01    0.00    0.60    0.00    0.00    0.00    0.00    0.00    0.00   98.39
21:34:34      13    1.41    0.00    1.21    0.00    0.00    0.20    0.00    0.00    0.00   97.18
21:34:34      14    0.61    0.00    0.81    0.00    0.00    0.20    0.00    0.00    0.00   98.38
21:34:34      15    1.01    0.00    0.40    0.00    0.00    0.00    0.00    0.00    0.00   98.59

21:34:34     CPU    %usr   %nice    %sys %iowait    %irq   %soft  %steal  %guest  %gnice   %idle
21:34:39     all    1.55    0.00    0.82    0.00    0.00    0.33    0.00    0.00    0.00   97.30
21:34:39       0    0.40    0.00    0.40    0.00    0.00    1.21    0.00    0.00    0.00   97.98
21:34:39       1    0.81    0.00    0.40    0.00    0.00    0.61    0.00    0.00    0.00   98.18
21:34:39       2    1.41    0.00    0.80    0.00    0.00    0.40    0.00    0.00    0.00   97.38
21:34:39       3    3.42    0.00    1.81    0.00    0.00    0.60    0.00    0.00    0.00   94.16
21:34:39       4    2.39    0.00    1.20    0.00    0.00    0.40    0.00    0.00    0.00   96.02
21:34:39       5    3.83    0.00    1.81    0.00    0.00    0.20    0.00    0.00    0.00   94.15
21:34:39       6    1.41    0.00    1.01    0.00    0.00    0.20    0.00    0.00    0.00   97.38
21:34:39       7    2.23    0.00    1.22    0.00    0.00    0.41    0.00    0.00    0.00   96.15
21:34:39       8    1.01    0.00    0.40    0.00    0.00    0.20    0.00    0.00    0.00   98.39
21:34:39       9    0.40    0.00    0.40    0.00    0.00    0.00    0.00    0.00    0.00   99.20
21:34:39      10    1.22    0.00    0.61    0.00    0.00    0.20    0.00    0.00    0.00   97.96
21:34:39      11    1.22    0.00    0.61    0.00    0.00    0.00    0.00    0.00    0.00   98.17
21:34:39      12    1.00    0.00    0.60    0.00    0.00    0.20    0.00    0.00    0.00   98.19
21:34:39      13    2.02    0.00    0.81    0.00    0.00    0.20    0.00    0.00    0.00   96.98
21:34:39      14    1.21    0.00    0.40    0.00    0.00    0.20    0.00    0.00    0.00   98.19
21:34:39      15    0.81    0.00    0.60    0.00    0.00    0.20    0.00    0.00    0.00   98.39

21:34:39     CPU    %usr   %nice    %sys %iowait    %irq   %soft  %steal  %guest  %gnice   %idle
21:34:44     all    1.56    0.00    0.83    0.00    0.00    0.40    0.00    0.00    0.00   97.21
21:34:44       0    0.60    0.00    0.40    0.00    0.00    1.20    0.00    0.00    0.00   97.79
21:34:44       1    1.01    0.00    0.61    0.00    0.00    0.61    0.00    0.00    0.00   97.77
21:34:44       2    1.20    0.00    0.80    0.00    0.00    0.40    0.00    0.00    0.00   97.60
21:34:44       3    4.03    0.00    1.81    0.00    0.00    0.81    0.00    0.00    0.00   93.35
21:34:44       4    2.21    0.00    1.00    0.00    0.00    0.20    0.00    0.00    0.00   96.59
21:34:44       5    3.02    0.00    1.61    0.00    0.00    0.60    0.00    0.00    0.00   94.77
21:34:44       6    2.58    0.00    1.19    0.00    0.00    0.40    0.00    0.00    0.00   95.83
21:34:44       7    2.41    0.00    1.01    0.00    0.00    0.40    0.00    0.00    0.00   96.18
21:34:44       8    0.80    0.00    0.60    0.00    0.00    0.20    0.00    0.00    0.00   98.39
21:34:44       9    0.60    0.00    0.40    0.00    0.00    0.20    0.00    0.00    0.00   98.80
21:34:44      10    1.02    0.00    0.41    0.00    0.00    0.00    0.00    0.00    0.00   98.57
21:34:44      11    1.01    0.00    0.40    0.00    0.00    0.20    0.00    0.00    0.00   98.39
21:34:44      12    0.81    0.00    0.60    0.00    0.00    0.20    0.00    0.00    0.00   98.39
21:34:44      13    1.80    0.00    1.00    0.00    0.00    0.40    0.00    0.00    0.00   96.79
21:34:44      14    1.01    0.00    0.60    0.00    0.00    0.40    0.00    0.00    0.00   97.98
21:34:44      15    0.81    0.00    0.81    0.00    0.00    0.20    0.00    0.00    0.00   98.19

21:34:44     CPU    %usr   %nice    %sys %iowait    %irq   %soft  %steal  %guest  %gnice   %idle
21:34:49     all    1.57    0.00    0.87    0.09    0.00    0.39    0.00    0.00    0.00   97.08
21:34:49       0    0.60    0.00    0.60    0.00    0.00    1.41    0.00    0.00    0.00   97.39
21:34:49       1    0.81    0.00    0.61    0.00    0.00    0.61    0.00    0.00    0.00   97.97
21:34:49       2    1.41    0.00    1.01    0.00    0.00    0.40    0.00    0.00    0.00   97.18
21:34:49       3    3.43    0.00    1.61    0.20    0.00    0.40    0.00    0.00    0.00   94.35
21:34:49       4    2.40    0.00    0.80    0.20    0.00    0.40    0.00    0.00    0.00   96.21
21:34:49       5    2.64    0.00    1.42    0.00    0.00    0.41    0.00    0.00    0.00   95.53
21:34:49       6    2.58    0.00    1.39    0.00    0.00    0.20    0.00    0.00    0.00   95.83
21:34:49       7    2.22    0.00    1.21    0.40    0.00    0.20    0.00    0.00    0.00   95.97
21:34:49       8    0.80    0.00    0.60    0.00    0.00    0.20    0.00    0.00    0.00   98.39
21:34:49       9    0.60    0.00    0.40    0.00    0.00    0.00    0.00    0.00    0.00   98.99
21:34:49      10    1.22    0.00    0.41    0.00    0.00    0.41    0.00    0.00    0.00   97.96
21:34:49      11    1.61    0.00    0.60    0.00    0.00    0.20    0.00    0.00    0.00   97.59
21:34:49      12    0.80    0.00    0.80    0.20    0.00    0.20    0.00    0.00    0.00   97.99
21:34:49      13    1.80    0.00    1.00    0.00    0.00    0.60    0.00    0.00    0.00   96.60
21:34:49      14    1.00    0.00    1.00    0.40    0.00    0.40    0.00    0.00    0.00   97.21
21:34:49      15    1.21    0.00    0.40    0.00    0.00    0.20    0.00    0.00    0.00   98.19

21:34:49     CPU    %usr   %nice    %sys %iowait    %irq   %soft  %steal  %guest  %gnice   %idle
21:34:54     all    1.50    0.00    0.76    0.04    0.00    0.35    0.00    0.00    0.00   97.36
21:34:54       0    0.60    0.00    0.60    0.00    0.00    1.21    0.00    0.00    0.00   97.59
21:34:54       1    1.01    0.00    0.40    0.00    0.00    0.40    0.00    0.00    0.00   98.18
21:34:54       2    1.80    0.00    0.60    0.00    0.00    0.40    0.00    0.00    0.00   97.21
21:34:54       3    3.22    0.00    1.61    0.00    0.00    0.60    0.00    0.00    0.00   94.57
21:34:54       4    2.40    0.00    1.60    0.00    0.00    0.60    0.00    0.00    0.00   95.41
21:34:54       5    3.43    0.00    1.61    0.00    0.00    0.40    0.00    0.00    0.00   94.56
21:34:54       6    1.21    0.00    0.40    0.00    0.00    0.40    0.00    0.00    0.00   97.99
21:34:54       7    2.21    0.00    0.80    0.00    0.00    0.60    0.00    0.00    0.00   96.39
21:34:54       8    0.81    0.00    0.20    0.20    0.00    0.00    0.00    0.00    0.00   98.79
21:34:54       9    0.40    0.00    0.20    0.20    0.00    0.20    0.00    0.00    0.00   98.99
21:34:54      10    0.81    0.00    0.61    0.00    0.00    0.20    0.00    0.00    0.00   98.37
21:34:54      11    2.61    0.00    0.80    0.00    0.00    0.20    0.00    0.00    0.00   96.39
21:34:54      12    0.81    0.00    0.81    0.20    0.00    0.00    0.00    0.00    0.00   98.18
21:34:54      13    1.01    0.00    0.40    0.00    0.00    0.20    0.00    0.00    0.00   98.38
21:34:54      14    0.61    0.00    0.61    0.00    0.00    0.00    0.00    0.00    0.00   98.79
21:34:54      15    1.00    0.00    0.80    0.00    0.00    0.20    0.00    0.00    0.00   97.99

21:34:54     CPU    %usr   %nice    %sys %iowait    %irq   %soft  %steal  %guest  %gnice   %idle
21:34:59     all    1.58    0.00    0.88    0.03    0.00    0.34    0.00    0.00    0.00   97.17
21:34:59       0    0.80    0.00    0.60    0.00    0.00    1.60    0.00    0.00    0.00   97.00
21:34:59       1    0.81    0.00    0.61    0.00    0.00    0.40    0.00    0.00    0.00   98.18
21:34:59       2    1.01    0.00    0.81    0.00    0.00    0.00    0.00    0.00    0.00   98.19
21:34:59       3    4.02    0.00    2.01    0.00    0.00    0.60    0.00    0.00    0.00   93.37
21:34:59       4    2.81    0.00    1.20    0.00    0.00    0.20    0.00    0.00    0.00   95.78
21:34:59       5    2.82    0.00    2.01    0.00    0.00    0.60    0.00    0.00    0.00   94.57
21:34:59       6    1.80    0.00    1.00    0.00    0.00    0.40    0.00    0.00    0.00   96.79
21:34:59       7    2.21    0.00    1.41    0.00    0.00    0.40    0.00    0.00    0.00   95.98
21:34:59       8    0.80    0.00    0.60    0.40    0.00    0.20    0.00    0.00    0.00   98.00
21:34:59       9    0.40    0.00    0.20    0.00    0.00    0.00    0.00    0.00    0.00   99.40
21:34:59      10    0.81    0.00    0.61    0.00    0.00    0.20    0.00    0.00    0.00   98.37
21:34:59      11    2.81    0.00    0.80    0.00    0.00    0.00    0.00    0.00    0.00   96.39
21:34:59      12    0.80    0.00    0.60    0.00    0.00    0.20    0.00    0.00    0.00   98.39
21:34:59      13    1.60    0.00    0.80    0.00    0.00    0.40    0.00    0.00    0.00   97.19
21:34:59      14    0.80    0.00    0.40    0.00    0.00    0.20    0.00    0.00    0.00   98.59
21:34:59      15    1.01    0.00    0.40    0.00    0.00    0.00    0.00    0.00    0.00   98.58

Average:     CPU    %usr   %nice    %sys %iowait    %irq   %soft  %steal  %guest  %gnice   %idle
Average:     all    1.67    0.00    0.91    0.05    0.00    0.38    0.00    0.00    0.00   96.99
Average:       0    0.87    0.00    0.62    0.02    0.00    1.45    0.00    0.00    0.00   97.04
Average:       1    0.99    0.00    0.67    0.01    0.00    0.59    0.00    0.00    0.00   97.74
Average:       2    1.28    0.00    0.83    0.04    0.00    0.27    0.00    0.00    0.00   97.59
Average:       3    3.83    0.00    1.70    0.12    0.00    0.51    0.00    0.00    0.00   93.84
Average:       4    2.21    0.00    1.22    0.05    0.00    0.40    0.00    0.00    0.00   96.12
Average:       5    3.76    0.00    1.82    0.08    0.00    0.52    0.00    0.00    0.00   93.83
Average:       6    1.94    0.00    1.06    0.06    0.00    0.33    0.00    0.00    0.00   96.61
Average:       7    2.29    0.00    1.30    0.06    0.00    0.44    0.00    0.00    0.00   95.90
Average:       8    0.91    0.00    0.57    0.02    0.00    0.15    0.00    0.00    0.00   98.35
Average:       9    0.72    0.00    0.47    0.01    0.00    0.09    0.00    0.00    0.00   98.71
Average:      10    0.91    0.00    0.55    0.03    0.00    0.15    0.00    0.00    0.00   98.37
Average:      11    1.90    0.00    0.90    0.11    0.00    0.25    0.00    0.00    0.00   96.84
Average:      12    1.06    0.00    0.68    0.04    0.00    0.17    0.00    0.00    0.00   98.05
Average:      13    1.83    0.00    0.95    0.03    0.00    0.33    0.00    0.00    0.00   96.86
Average:      14    0.96    0.00    0.61    0.03    0.00    0.17    0.00    0.00    0.00   98.23
Average:      15    1.24    0.00    0.67    0.09    0.00    0.20    0.00    0.00    0.00   97.80
