Linux 7.0.0-31-generic (ausitn-garcia-ROG-Zephyrus-G14-GA402XV-GA402XV) 	09/18/26 	_x86_64_	(16 CPU)

# Time        UID       PID    %usr %system  %guest   %wait    %CPU   CPU  Command
21:30:04     1000     19830    8.96    6.37    0.00    0.00   15.34    14  mediamtx
21:30:04     1000     19846    0.40    0.20    0.00    0.00    0.60    13  srcpub
21:30:04     1000     19847    0.20    0.20    0.00    0.00    0.40    11  srcpub
21:30:04     1000     19849    0.20    0.40    0.00    0.00    0.60     9  srcpub
21:30:04     1000     19850    0.20    0.20    0.00    0.00    0.40    13  srcpub
21:30:04     1000     19851    0.40    0.00    0.00    0.00    0.40     5  srcpub
21:30:04     1000     19853    0.20    0.20    0.00    0.00    0.40    11  srcpub
21:30:04     1000     19854    0.20    0.20    0.00    0.00    0.40    14  srcpub
21:30:04     1000     19855    0.00    0.20    0.00    0.00    0.20     6  srcpub
21:30:04     1000     19856    0.00    0.40    0.00    0.00    0.40    11  srcpub
21:30:04     1000     19857    0.40    0.20    0.00    0.00    0.60    15  srcpub
21:30:04     1000     19858    0.20    0.20    0.00    0.00    0.40    14  srcpub
21:30:04     1000     19860    0.20    0.40    0.00    0.00    0.60    13  srcpub
21:30:04     1000     19862    0.20    0.20    0.00    0.00    0.40    12  srcpub
21:30:04     1000     19863    0.40    0.20    0.00    0.00    0.60     0  srcpub
21:30:04     1000     19864    0.20    0.20    0.00    0.00    0.40    11  srcpub
21:30:04     1000     19865    0.20    0.20    0.00    0.00    0.40    12  srcpub
21:30:04     1000     19868    0.20    0.40    0.00    0.00    0.60    15  srcpub
21:30:04     1000     19874    0.00    0.20    0.00    0.00    0.20     9  srcpub
21:30:04     1000     19877    0.00    0.40    0.00    0.00    0.40     8  srcpub
21:30:04     1000     19878    0.00    0.40    0.00    0.00    0.40     6  srcpub
21:30:04     1000     19879    0.20    0.20    0.00    0.00    0.40     1  srcpub
21:30:04     1000     19881    0.20    0.20    0.00    0.00    0.40     5  srcpub
21:30:04     1000     19882    0.00    0.20    0.00    0.00    0.20     8  srcpub
21:30:04     1000     19884    0.20    0.40    0.00    0.00    0.60     9  srcpub
21:30:04     1000     19885    0.20    0.40    0.00    0.00    0.60    12  srcpub
21:30:04     1000     19886    0.20    0.20    0.00    0.00    0.40     0  srcpub
21:30:04     1000     19887    0.20    0.20    0.00    0.00    0.40     4  srcpub
21:30:04     1000     19894    0.20    0.00    0.00    0.00    0.20     4  srcpub
21:30:04      997     20086    0.60    0.40    0.00    0.00    1.00    13  ffmpeg
21:30:04      997     20088    0.80    0.40    0.00    0.00    1.20     0  ffmpeg
21:30:04      997     20089    0.40    0.00    0.00    0.00    0.40     9  ffmpeg
21:30:04      997     20090    0.20    0.40    0.00    0.00    0.60    12  ffmpeg
21:30:04      997     20091    0.20    0.20    0.00    0.00    0.40    12  ffmpeg
21:30:04      997     20092    0.20    0.20    0.00    0.00    0.40     9  ffmpeg
21:30:04      997     20093    0.20    0.20    0.00    0.00    0.40    13  ffmpeg
21:30:04      997     20094    0.20    0.20    0.00    0.00    0.40    10  ffmpeg
21:30:04      997     20095    0.40    0.20    0.00    0.00    0.60    15  ffmpeg
21:30:04      997     20098    0.40    0.20    0.00    0.00    0.60     3  ffmpeg
21:30:04      997     20100    0.20    0.20    0.00    0.00    0.40     9  ffmpeg
21:30:04      997     20101    0.20    0.20    0.00    0.00    0.40     3  ffmpeg
21:30:04      997     20102    0.20    0.40    0.00    0.00    0.60    13  ffmpeg
21:30:04      997     20103    0.20    0.20    0.00    0.00    0.40     9  ffmpeg
21:30:04      997     20104    0.40    0.00    0.00    0.00    0.40     8  ffmpeg
21:30:04      997     20105    0.00    0.40    0.00    0.00    0.40    14  ffmpeg

# Time        UID       PID    %usr %system  %guest   %wait    %CPU   CPU  Command
21:30:09     1000     19830    8.60    5.80    0.00    0.00   14.40    14  mediamtx
21:30:09     1000     19846    0.40    0.20    0.00    0.00    0.60     2  srcpub
21:30:09     1000     19847    0.20    0.40    0.00    0.00    0.60    11  srcpub
21:30:09     1000     19849    0.00    0.40    0.00    0.00    0.40     9  srcpub
21:30:09     1000     19850    0.40    0.20    0.00    0.00    0.60    14  srcpub
21:30:09     1000     19851    0.40    0.20    0.00    0.00    0.60    12  srcpub
21:30:09     1000     19853    0.20    0.40    0.00    0.00    0.60     7  srcpub
21:30:09     1000     19854    0.20    0.00    0.00    0.00    0.20    15  srcpub
21:30:09     1000     19855    0.20    0.40    0.00    0.00    0.60     1  srcpub
21:30:09     1000     19856    0.00    0.40    0.00    0.00    0.40     0  srcpub
21:30:09     1000     19857    0.20    0.20    0.00    0.00    0.40     0  srcpub
21:30:09     1000     19858    0.00    0.20    0.00    0.00    0.20    14  srcpub
21:30:09     1000     19860    0.20    0.20    0.00    0.00    0.40    12  srcpub
21:30:09     1000     19862    0.00    0.40    0.00    0.00    0.40     2  srcpub
21:30:09     1000     19863    0.20    0.40    0.00    0.00    0.60    12  srcpub
21:30:09     1000     19864    0.40    0.00    0.00    0.00    0.40    14  srcpub
21:30:09     1000     19865    0.20    0.40    0.00    0.00    0.60     0  srcpub
21:30:09     1000     19868    0.20    0.40    0.00    0.00    0.60    15  srcpub
21:30:09     1000     19874    0.20    0.00    0.00    0.00    0.20    13  srcpub
21:30:09     1000     19877    0.20    0.20    0.00    0.00    0.40     2  srcpub
21:30:09     1000     19878    0.20    0.40    0.00    0.00    0.60     7  srcpub
21:30:09     1000     19879    0.00    0.20    0.00    0.00    0.20     1  srcpub
21:30:09     1000     19881    0.20    0.40    0.00    0.00    0.60     5  srcpub
21:30:09     1000     19882    0.20    0.20    0.00    0.00    0.40     7  srcpub
21:30:09     1000     19884    0.40    0.20    0.00    0.00    0.60     9  srcpub
21:30:09     1000     19885    0.20    0.40    0.00    0.00    0.60     4  srcpub
21:30:09     1000     19886    0.20    0.20    0.00    0.00    0.40    15  srcpub
21:30:09     1000     19887    0.00    0.20    0.00    0.00    0.20     4  srcpub
21:30:09     1000     19894    0.40    0.40    0.00    0.00    0.80     5  srcpub
21:30:09      997     20086    0.80    0.20    0.00    0.00    1.00    13  ffmpeg
21:30:09      997     20088    0.60    0.20    0.00    0.00    0.80     7  ffmpeg
21:30:09      997     20089    0.20    0.20    0.00    0.00    0.40    14  ffmpeg
21:30:09      997     20090    0.40    0.20    0.00    0.00    0.60    12  ffmpeg
21:30:09      997     20091    0.40    0.00    0.00    0.00    0.40    12  ffmpeg
21:30:09      997     20092    0.20    0.20    0.00    0.00    0.40     9  ffmpeg
21:30:09      997     20093    0.20    0.20    0.00    0.00    0.40    14  ffmpeg
21:30:09      997     20094    0.40    0.00    0.00    0.00    0.40    10  ffmpeg
21:30:09      997     20095    0.20    0.20    0.00    0.00    0.40    15  ffmpeg
21:30:09      997     20098    0.20    0.00    0.00    0.00    0.20    14  ffmpeg
21:30:09      997     20100    0.40    0.20    0.00    0.00    0.60     9  ffmpeg
21:30:09      997     20101    0.40    0.20    0.00    0.00    0.60     4  ffmpeg
21:30:09      997     20102    0.20    0.20    0.00    0.00    0.40    13  ffmpeg
21:30:09      997     20103    0.40    0.20    0.00    0.00    0.60    10  ffmpeg
21:30:09      997     20104    0.20    0.20    0.00    0.00    0.40     8  ffmpeg
21:30:09      997     20105    0.40    0.00    0.00    0.00    0.40    14  ffmpeg

# Time        UID       PID    %usr %system  %guest   %wait    %CPU   CPU  Command
21:30:14     1000     19830    9.60    5.60    0.00    0.00   15.20    14  mediamtx
21:30:14     1000     19846    0.20    0.20    0.00    0.00    0.40    13  srcpub
21:30:14     1000     19847    0.00    0.20    0.00    0.00    0.20    10  srcpub
21:30:14     1000     19849    0.20    0.40    0.00    0.00    0.60     9  srcpub
21:30:14     1000     19850    0.20    0.20    0.00    0.00    0.40    12  srcpub
21:30:14     1000     19851    0.20    0.20    0.00    0.00    0.40    12  srcpub
21:30:14     1000     19853    0.20    0.40    0.00    0.00    0.60    11  srcpub
21:30:14     1000     19854    0.20    0.00    0.00    0.00    0.20     2  srcpub
21:30:14     1000     19855    0.00    0.40    0.00    0.00    0.40    11  srcpub
21:30:14     1000     19856    0.20    0.20    0.00    0.00    0.40     0  srcpub
21:30:14     1000     19857    0.40    0.00    0.00    0.00    0.40     0  srcpub
21:30:14     1000     19858    0.00    0.40    0.00    0.00    0.40    13  srcpub
21:30:14     1000     19860    0.00    0.40    0.00    0.00    0.40    11  srcpub
21:30:14     1000     19862    0.20    0.20    0.00    0.00    0.40    14  srcpub
21:30:14     1000     19863    0.00    0.40    0.00    0.00    0.40    10  srcpub
21:30:14     1000     19864    0.20    0.00    0.00    0.00    0.20    11  srcpub
21:30:14     1000     19865    0.20    0.20    0.00    0.00    0.40     0  srcpub
21:30:14     1000     19868    0.40    0.20    0.00    0.00    0.60    15  srcpub
21:30:14     1000     19874    0.20    0.20    0.00    0.00    0.40    13  srcpub
21:30:14     1000     19877    0.40    0.20    0.00    0.00    0.60     2  srcpub
21:30:14     1000     19878    0.40    0.20    0.00    0.00    0.60     4  srcpub
21:30:14     1000     19879    0.20    0.20    0.00    0.00    0.40     1  srcpub
21:30:14     1000     19881    0.20    0.20    0.00    0.00    0.40     6  srcpub
21:30:14     1000     19882    0.20    0.20    0.00    0.00    0.40     9  srcpub
21:30:14     1000     19884    0.00    0.20    0.00    0.00    0.20     6  srcpub
21:30:14     1000     19885    0.20    0.20    0.00    0.00    0.40     4  srcpub
21:30:14     1000     19886    0.40    0.20    0.00    0.00    0.60    15  srcpub
21:30:14     1000     19887    0.20    0.40    0.00    0.00    0.60     6  srcpub
21:30:14     1000     19894    0.20    0.20    0.00    0.00    0.40     6  srcpub
21:30:14      997     20086    0.60    0.20    0.00    0.00    0.80     3  ffmpeg
21:30:14      997     20088    0.80    0.40    0.00    0.00    1.20    13  ffmpeg
21:30:14      997     20089    0.40    0.20    0.00    0.00    0.60     0  ffmpeg
21:30:14      997     20090    0.40    0.00    0.00    0.00    0.40    11  ffmpeg
21:30:14      997     20091    0.20    0.40    0.00    0.00    0.60    14  ffmpeg
21:30:14      997     20092    0.20    0.20    0.00    0.00    0.40     9  ffmpeg
21:30:14      997     20093    0.20    0.20    0.00    0.00    0.40     1  ffmpeg
21:30:14      997     20094    0.40    0.00    0.00    0.00    0.40     9  ffmpeg
21:30:14      997     20095    0.20    0.20    0.00    0.00    0.40     0  ffmpeg
21:30:14      997     20098    0.40    0.20    0.00    0.00    0.60    14  ffmpeg
21:30:14      997     20100    0.20    0.20    0.00    0.00    0.40    10  ffmpeg
21:30:14      997     20101    0.20    0.20    0.00    0.00    0.40    15  ffmpeg
21:30:14      997     20102    0.40    0.20    0.00    0.00    0.60    13  ffmpeg
21:30:14      997     20103    0.20    0.20    0.00    0.00    0.40     9  ffmpeg
21:30:14      997     20104    0.20    0.20    0.00    0.00    0.40    10  ffmpeg
21:30:14      997     20105    0.40    0.20    0.00    0.00    0.60    14  ffmpeg

# Time        UID       PID    %usr %system  %guest   %wait    %CPU   CPU  Command
21:30:19     1000     19830    8.60    5.80    0.00    0.00   14.40    14  mediamtx
21:30:19     1000     19846    0.20    0.40    0.00    0.00    0.60     6  srcpub
21:30:19     1000     19847    0.20    0.40    0.00    0.00    0.60    11  srcpub
21:30:19     1000     19849    0.20    0.20    0.00    0.00    0.40     9  srcpub
21:30:19     1000     19850    0.20    0.20    0.00    0.00    0.40     7  srcpub
21:30:19     1000     19851    0.20    0.20    0.00    0.00    0.40    12  srcpub
21:30:19     1000     19853    0.40    0.20    0.00    0.00    0.60    11  srcpub
21:30:19     1000     19854    0.20    0.20    0.00    0.00    0.40     4  srcpub
21:30:19     1000     19855    0.00    0.20    0.00    0.00    0.20    11  srcpub
21:30:19     1000     19856    0.20    0.20    0.00    0.00    0.40     0  srcpub
21:30:19     1000     19857    0.40    0.20    0.00    0.00    0.60     8  srcpub
21:30:19     1000     19858    0.40    0.00    0.00    0.00    0.40     2  srcpub
21:30:19     1000     19860    0.20    0.20    0.00    0.00    0.40    11  srcpub
21:30:19     1000     19862    0.20    0.20    0.00    0.00    0.40    13  srcpub
21:30:19     1000     19863    0.40    0.20    0.00    0.00    0.60    12  srcpub
21:30:19     1000     19864    0.40    0.00    0.00    0.00    0.40     3  srcpub
21:30:19     1000     19865    0.20    0.20    0.00    0.00    0.40     6  srcpub
21:30:19     1000     19868    0.20    0.20    0.00    0.00    0.40    14  srcpub
21:30:19     1000     19874    0.20    0.20    0.00    0.00    0.40     0  srcpub
21:30:19     1000     19877    0.20    0.20    0.00    0.00    0.40     2  srcpub
21:30:19     1000     19878    0.00    0.40    0.00    0.00    0.40     7  srcpub
21:30:19     1000     19879    0.20    0.00    0.00    0.00    0.20     9  srcpub
21:30:19     1000     19881    0.20    0.20    0.00    0.00    0.40     7  srcpub
21:30:19     1000     19882    0.20    0.20    0.00    0.00    0.40     9  srcpub
21:30:19     1000     19884    0.40    0.20    0.00    0.00    0.60     6  srcpub
21:30:19     1000     19885    0.20    0.40    0.00    0.00    0.60     4  srcpub
21:30:19     1000     19886    0.20    0.20    0.00    0.00    0.40    15  srcpub
21:30:19     1000     19887    0.20    0.20    0.00    0.00    0.40     4  srcpub
21:30:19     1000     19894    0.40    0.20    0.00    0.00    0.60     4  srcpub
21:30:19      997     20086    0.80    0.20    0.00    0.00    1.00     4  ffmpeg
21:30:19      997     20088    0.60    0.40    0.00    0.00    1.00    11  ffmpeg
21:30:19      997     20089    0.20    0.20    0.00    0.00    0.40    14  ffmpeg
21:30:19      997     20090    0.20    0.20    0.00    0.00    0.40     6  ffmpeg
21:30:19      997     20091    0.40    0.00    0.00    0.00    0.40    14  ffmpeg
21:30:19      997     20092    0.20    0.40    0.00    0.00    0.60     1  ffmpeg
21:30:19      997     20093    0.40    0.00    0.00    0.00    0.40     3  ffmpeg
21:30:19      997     20094    0.20    0.20    0.00    0.00    0.40    15  ffmpeg
21:30:19      997     20095    0.40    0.20    0.00    0.00    0.60     7  ffmpeg
21:30:19      997     20098    0.20    0.20    0.00    0.00    0.40    14  ffmpeg
21:30:19      997     20100    0.20    0.20    0.00    0.00    0.40    12  ffmpeg
21:30:19      997     20101    0.40    0.00    0.00    0.00    0.40     4  ffmpeg
21:30:19      997     20102    0.20    0.00    0.00    0.00    0.20     4  ffmpeg
21:30:19      997     20103    0.20    0.20    0.00    0.00    0.40     9  ffmpeg
21:30:19      997     20104    0.40    0.00    0.00    0.00    0.40    10  ffmpeg
21:30:19      997     20105    0.40    0.00    0.00    0.00    0.40     5  ffmpeg

# Time        UID       PID    %usr %system  %guest   %wait    %CPU   CPU  Command
21:30:24     1000     19830    8.80    6.00    0.00    0.00   14.80    14  mediamtx
21:30:24     1000     19846    0.20    0.20    0.00    0.00    0.40    13  srcpub
21:30:24     1000     19847    0.20    0.40    0.00    0.00    0.60    11  srcpub
21:30:24     1000     19849    0.20    0.40    0.00    0.00    0.60    12  srcpub
21:30:24     1000     19850    0.20    0.20    0.00    0.00    0.40    12  srcpub
21:30:24     1000     19851    0.40    0.00    0.00    0.00    0.40    14  srcpub
21:30:24     1000     19853    0.20    0.20    0.00    0.00    0.40     6  srcpub
21:30:24     1000     19854    0.20    0.00    0.00    0.00    0.20     8  srcpub
21:30:24     1000     19855    0.20    0.40    0.00    0.00    0.60    11  srcpub
21:30:24     1000     19856    0.00    0.40    0.00    0.00    0.40     1  srcpub
21:30:24     1000     19857    0.40    0.20    0.00    0.00    0.60     4  srcpub
21:30:24     1000     19858    0.00    0.40    0.00    0.00    0.40    11  srcpub
21:30:24     1000     19860    0.20    0.20    0.00    0.00    0.40    13  srcpub
21:30:24     1000     19862    0.20    0.20    0.00    0.00    0.40    13  srcpub
21:30:24     1000     19863    0.20    0.40    0.00    0.00    0.60    12  srcpub
21:30:24     1000     19864    0.20    0.00    0.00    0.00    0.20     5  srcpub
21:30:24     1000     19865    0.20    0.20    0.00    0.00    0.40     4  srcpub
21:30:24     1000     19868    0.40    0.20    0.00    0.00    0.60    14  srcpub
21:30:24     1000     19874    0.20    0.00    0.00    0.00    0.20    13  srcpub
21:30:24     1000     19877    0.40    0.40    0.00    0.00    0.80     2  srcpub
21:30:24     1000     19878    0.40    0.40    0.00    0.00    0.80     7  srcpub
21:30:24     1000     19879    0.20    0.20    0.00    0.00    0.40     9  srcpub
21:30:24     1000     19881    0.20    0.20    0.00    0.00    0.40     7  srcpub
21:30:24     1000     19882    0.00    0.20    0.00    0.00    0.20     9  srcpub
21:30:24     1000     19884    0.40    0.20    0.00    0.00    0.60     6  srcpub
21:30:24     1000     19885    0.20    0.20    0.00    0.00    0.40    12  srcpub
21:30:24     1000     19886    0.20    0.20    0.00    0.00    0.40    15  srcpub
21:30:24     1000     19887    0.20    0.20    0.00    0.00    0.40    10  srcpub
21:30:24     1000     19894    0.20    0.40    0.00    0.00    0.60     4  srcpub
21:30:24      997     20086    0.60    0.20    0.00    0.00    0.80     4  ffmpeg
21:30:24      997     20088    0.60    0.40    0.00    0.00    1.00    14  ffmpeg
21:30:24      997     20089    0.40    0.20    0.00    0.00    0.60    14  ffmpeg
21:30:24      997     20090    0.20    0.20    0.00    0.00    0.40     9  ffmpeg
21:30:24      997     20091    0.20    0.20    0.00    0.00    0.40    14  ffmpeg
21:30:24      997     20092    0.20    0.00    0.00    0.00    0.20     9  ffmpeg
21:30:24      997     20093    0.20    0.20    0.00    0.00    0.40    11  ffmpeg
21:30:24      997     20094    0.20    0.20    0.00    0.00    0.40     9  ffmpeg
21:30:24      997     20095    0.20    0.20    0.00    0.00    0.40     7  ffmpeg
21:30:24      997     20098    0.40    0.00    0.00    0.00    0.40    12  ffmpeg
21:30:24      997     20100    0.40    0.00    0.00    0.00    0.40     0  ffmpeg
21:30:24      997     20101    0.20    0.20    0.00    0.00    0.40    15  ffmpeg
21:30:24      997     20102    0.40    0.20    0.00    0.00    0.60     2  ffmpeg
21:30:24      997     20103    0.20    0.40    0.00    0.00    0.60    13  ffmpeg
21:30:24      997     20104    0.20    0.20    0.00    0.00    0.40    15  ffmpeg
21:30:24      997     20105    0.20    0.20    0.00    0.00    0.40     5  ffmpeg

# Time        UID       PID    %usr %system  %guest   %wait    %CPU   CPU  Command
21:30:29     1000     19830    8.40    6.20    0.00    0.00   14.60    14  mediamtx
21:30:29     1000     19846    0.20    0.40    0.00    0.00    0.60     6  srcpub
21:30:29     1000     19847    0.00    0.40    0.00    0.00    0.40    11  srcpub
21:30:29     1000     19849    0.20    0.20    0.00    0.00    0.40    13  srcpub
21:30:29     1000     19850    0.40    0.20    0.00    0.00    0.60    12  srcpub
21:30:29     1000     19851    0.40    0.20    0.00    0.00    0.60    14  srcpub
21:30:29     1000     19853    0.20    0.40    0.00    0.00    0.60    11  srcpub
21:30:29     1000     19854    0.20    0.20    0.00    0.00    0.40     5  srcpub
21:30:29     1000     19855    0.20    0.20    0.00    0.00    0.40    11  srcpub
21:30:29     1000     19856    0.20    0.20    0.00    0.00    0.40     6  srcpub
21:30:29     1000     19857    0.20    0.20    0.00    0.00    0.40     5  srcpub
21:30:29     1000     19858    0.20    0.20    0.00    0.00    0.40    11  srcpub
21:30:29     1000     19860    0.20    0.20    0.00    0.00    0.40    13  srcpub
21:30:29     1000     19862    0.20    0.20    0.00    0.00    0.40    13  srcpub
21:30:29     1000     19863    0.00    0.40    0.00    0.00    0.40     7  srcpub
21:30:29     1000     19864    0.20    0.20    0.00    0.00    0.40     3  srcpub
21:30:29     1000     19865    0.20    0.40    0.00    0.00    0.60     7  srcpub
21:30:29     1000     19868    0.20    0.20    0.00    0.00    0.40    14  srcpub
21:30:29     1000     19874    0.20    0.20    0.00    0.00    0.40    13  srcpub
21:30:29     1000     19877    0.20    0.20    0.00    0.00    0.40     2  srcpub
21:30:29     1000     19878    0.20    0.20    0.00    0.00    0.40     6  srcpub
21:30:29     1000     19879    0.20    0.20    0.00    0.00    0.40     9  srcpub
21:30:29     1000     19881    0.00    0.40    0.00    0.00    0.40     7  srcpub
21:30:29     1000     19882    0.20    0.20    0.00    0.00    0.40    11  srcpub
21:30:29     1000     19884    0.20    0.20    0.00    0.00    0.40     8  srcpub
21:30:29     1000     19885    0.20    0.40    0.00    0.00    0.60     7  srcpub
21:30:29     1000     19886    0.40    0.20    0.00    0.00    0.60    15  srcpub
21:30:29     1000     19887    0.20    0.20    0.00    0.00    0.40    10  srcpub
21:30:29     1000     19894    0.40    0.20    0.00    0.00    0.60     4  srcpub
21:30:29      997     20086    0.60    0.40    0.00    0.00    1.00    11  ffmpeg
21:30:29      997     20088    0.80    0.40    0.00    0.00    1.20     8  ffmpeg
21:30:29      997     20089    0.20    0.20    0.00    0.00    0.40     3  ffmpeg
21:30:29      997     20090    0.40    0.20    0.00    0.00    0.60     9  ffmpeg
21:30:29      997     20091    0.20    0.20    0.00    0.00    0.40    12  ffmpeg
21:30:29      997     20092    0.20    0.40    0.00    0.00    0.60    15  ffmpeg
21:30:29      997     20093    0.20    0.20    0.00    0.00    0.40     9  ffmpeg
21:30:29      997     20094    0.20    0.20    0.00    0.00    0.40     9  ffmpeg
21:30:29      997     20095    0.20    0.20    0.00    0.00    0.40     1  ffmpeg
21:30:29      997     20098    0.20    0.20    0.00    0.00    0.40    14  ffmpeg
21:30:29      997     20100    0.40    0.20    0.00    0.00    0.60     2  ffmpeg
21:30:29      997     20101    0.40    0.00    0.00    0.00    0.40    15  ffmpeg
21:30:29      997     20102    0.20    0.20    0.00    0.00    0.40     1  ffmpeg
21:30:29      997     20103    0.20    0.00    0.00    0.00    0.20    14  ffmpeg
21:30:29      997     20104    0.40    0.00    0.00    0.00    0.40    12  ffmpeg
21:30:29      997     20105    0.20    0.20    0.00    0.00    0.40     5  ffmpeg

# Time        UID       PID    %usr %system  %guest   %wait    %CPU   CPU  Command
21:30:34     1000     19830    9.20    5.40    0.00    0.00   14.60    14  mediamtx
21:30:34     1000     19846    0.20    0.20    0.00    0.00    0.40    10  srcpub
21:30:34     1000     19847    0.00    0.40    0.00    0.00    0.40     6  srcpub
21:30:34     1000     19849    0.20    0.40    0.00    0.00    0.60    12  srcpub
21:30:34     1000     19850    0.20    0.00    0.00    0.00    0.20     7  srcpub
21:30:34     1000     19851    0.00    0.40    0.00    0.00    0.40     5  srcpub
21:30:34     1000     19853    0.20    0.60    0.00    0.00    0.80     8  srcpub
21:30:34     1000     19854    0.20    0.20    0.00    0.00    0.40     5  srcpub
21:30:34     1000     19855    0.00    0.20    0.00    0.00    0.20     2  srcpub
21:30:34     1000     19856    0.20    0.20    0.00    0.00    0.40     6  srcpub
21:30:34     1000     19857    0.40    0.00    0.00    0.00    0.40     6  srcpub
21:30:34     1000     19858    0.20    0.00    0.00    0.00    0.20    11  srcpub
21:30:34     1000     19860    0.00    0.40    0.00    0.00    0.40    12  srcpub
21:30:34     1000     19862    0.20    0.20    0.00    0.00    0.40     3  srcpub
21:30:34     1000     19863    0.40    0.40    0.00    0.00    0.80     7  srcpub
21:30:34     1000     19864    0.40    0.00    0.00    0.00    0.40     8  srcpub
21:30:34     1000     19865    0.20    0.20    0.00    0.00    0.40     8  srcpub
21:30:34     1000     19868    0.20    0.40    0.00    0.00    0.60    15  srcpub
21:30:34     1000     19874    0.20    0.00    0.00    0.00    0.20     1  srcpub
21:30:34     1000     19877    0.20    0.40    0.00    0.00    0.60     2  srcpub
21:30:34     1000     19878    0.20    0.20    0.00    0.00    0.40     6  srcpub
21:30:34     1000     19879    0.20    0.20    0.00    0.00    0.40    10  srcpub
21:30:34     1000     19881    0.20    0.20    0.00    0.00    0.40     7  srcpub
21:30:34     1000     19882    0.20    0.20    0.00    0.00    0.40    11  srcpub
21:30:34     1000     19884    0.20    0.20    0.00    0.00    0.40     8  srcpub
21:30:34     1000     19885    0.20    0.20    0.00    0.00    0.40     5  srcpub
21:30:34     1000     19886    0.20    0.20    0.00    0.00    0.40    15  srcpub
21:30:34     1000     19887    0.20    0.20    0.00    0.00    0.40    15  srcpub
21:30:34     1000     19894    0.20    0.20    0.00    0.00    0.40     6  srcpub
21:30:34      997     20086    0.80    0.40    0.00    0.00    1.20    12  ffmpeg
21:30:34      997     20088    0.80    0.20    0.00    0.00    1.00     7  ffmpeg
21:30:34      997     20089    0.40    0.20    0.00    0.00    0.60    12  ffmpeg
21:30:34      997     20090    0.20    0.20    0.00    0.00    0.40     0  ffmpeg
21:30:34      997     20091    0.20    0.20    0.00    0.00    0.40    13  ffmpeg
21:30:34      997     20092    0.40    0.20    0.00    0.00    0.60     9  ffmpeg
21:30:34      997     20093    0.40    0.20    0.00    0.00    0.60     9  ffmpeg
21:30:34      997     20094    0.20    0.20    0.00    0.00    0.40    14  ffmpeg
21:30:34      997     20095    0.40    0.20    0.00    0.00    0.60     6  ffmpeg
21:30:34      997     20098    0.40    0.20    0.00    0.00    0.60    12  ffmpeg
21:30:34      997     20100    0.20    0.20    0.00    0.00    0.40     0  ffmpeg
21:30:34      997     20101    0.40    0.20    0.00    0.00    0.60     9  ffmpeg
21:30:34      997     20102    0.40    0.20    0.00    0.00    0.60     2  ffmpeg
21:30:34      997     20103    0.40    0.20    0.00    0.00    0.60    14  ffmpeg
21:30:34      997     20104    0.20    0.20    0.00    0.00    0.40    10  ffmpeg
21:30:34      997     20105    0.40    0.20    0.00    0.00    0.60    15  ffmpeg

# Time        UID       PID    %usr %system  %guest   %wait    %CPU   CPU  Command
21:30:39     1000     19830    9.60    5.80    0.00    0.00   15.40    14  mediamtx
21:30:39     1000     19846    0.20    0.20    0.00    0.00    0.40    12  srcpub
21:30:39     1000     19847    0.20    0.20    0.00    0.00    0.40     0  srcpub
21:30:39     1000     19849    0.20    0.00    0.00    0.00    0.20    13  srcpub
21:30:39     1000     19850    0.40    0.40    0.00    0.00    0.80    12  srcpub
21:30:39     1000     19851    0.40    0.20    0.00    0.00    0.60     7  srcpub
21:30:39     1000     19853    0.00    0.40    0.00    0.00    0.40     6  srcpub
21:30:39     1000     19854    0.20    0.00    0.00    0.00    0.20     5  srcpub
21:30:39     1000     19855    0.20    0.40    0.00    0.00    0.60     2  srcpub
21:30:39     1000     19856    0.00    0.20    0.00    0.00    0.20    12  srcpub
21:30:39     1000     19857    0.40    0.20    0.00    0.00    0.60     5  srcpub
21:30:39     1000     19858    0.20    0.20    0.00    0.00    0.40     2  srcpub
21:30:39     1000     19860    0.20    0.40    0.00    0.00    0.60    13  srcpub
21:30:39     1000     19862    0.20    0.20    0.00    0.00    0.40     9  srcpub
21:30:39     1000     19863    0.00    0.40    0.00    0.00    0.40    12  srcpub
21:30:39     1000     19864    0.20    0.00    0.00    0.00    0.20     2  srcpub
21:30:39     1000     19865    0.00    0.20    0.00    0.00    0.20    12  srcpub
21:30:39     1000     19868    0.20    0.20    0.00    0.00    0.40    15  srcpub
21:30:39     1000     19874    0.00    0.20    0.00    0.00    0.20     9  srcpub
21:30:39     1000     19877    0.20    0.20    0.00    0.00    0.40     2  srcpub
21:30:39     1000     19878    0.20    0.40    0.00    0.00    0.60     7  srcpub
21:30:39     1000     19879    0.20    0.20    0.00    0.00    0.40     9  srcpub
21:30:39     1000     19881    0.20    0.40    0.00    0.00    0.60     1  srcpub
21:30:39     1000     19882    0.00    0.20    0.00    0.00    0.20    13  srcpub
21:30:39     1000     19884    0.40    0.20    0.00    0.00    0.60     8  srcpub
21:30:39     1000     19885    0.00    0.40    0.00    0.00    0.40     2  srcpub
21:30:39     1000     19886    0.20    0.40    0.00    0.00    0.60     3  srcpub
21:30:39     1000     19887    0.20    0.20    0.00    0.00    0.40    15  srcpub
21:30:39     1000     19894    0.20    0.40    0.00    0.00    0.60     4  srcpub
21:30:39      997     20086    0.60    0.40    0.00    0.00    1.00    15  ffmpeg
21:30:39      997     20088    0.60    0.20    0.00    0.00    0.80     6  ffmpeg
21:30:39      997     20089    0.20    0.20    0.00    0.00    0.40    12  ffmpeg
21:30:39      997     20090    0.20    0.20    0.00    0.00    0.40     0  ffmpeg
21:30:39      997     20091    0.40    0.20    0.00    0.00    0.60    11  ffmpeg
21:30:39      997     20092    0.20    0.00    0.00    0.00    0.20    14  ffmpeg
21:30:39      997     20093    0.40    0.00    0.00    0.00    0.40    10  ffmpeg
21:30:39      997     20094    0.40    0.20    0.00    0.00    0.60    14  ffmpeg
21:30:39      997     20095    0.20    0.20    0.00    0.00    0.40    15  ffmpeg
21:30:39      997     20098    0.40    0.00    0.00    0.00    0.40    12  ffmpeg
21:30:39      997     20100    0.40    0.00    0.00    0.00    0.40     1  ffmpeg
21:30:39      997     20101    0.40    0.00    0.00    0.00    0.40     5  ffmpeg
21:30:39      997     20102    0.20    0.20    0.00    0.00    0.40     8  ffmpeg
21:30:39      997     20103    0.40    0.00    0.00    0.00    0.40    12  ffmpeg
21:30:39      997     20104    0.40    0.00    0.00    0.00    0.40    13  ffmpeg
21:30:39      997     20105    0.20    0.20    0.00    0.00    0.40    14  ffmpeg

# Time        UID       PID    %usr %system  %guest   %wait    %CPU   CPU  Command
21:30:44     1000     19830    9.60    5.20    0.00    0.00   14.80    14  mediamtx
21:30:44     1000     19846    0.40    0.20    0.00    0.00    0.60    12  srcpub
21:30:44     1000     19847    0.20    0.40    0.00    0.00    0.60    15  srcpub
21:30:44     1000     19849    0.20    0.40    0.00    0.00    0.60    12  srcpub
21:30:44     1000     19850    0.20    0.20    0.00    0.00    0.40     9  srcpub
21:30:44     1000     19851    0.20    0.20    0.00    0.00    0.40     2  srcpub
21:30:44     1000     19853    0.40    0.20    0.00    0.00    0.60     6  srcpub
21:30:44     1000     19854    0.00    0.20    0.00    0.00    0.20     2  srcpub
21:30:44     1000     19855    0.00    0.20    0.00    0.00    0.20    11  srcpub
21:30:44     1000     19856    0.20    0.20    0.00    0.00    0.40     0  srcpub
21:30:44     1000     19857    0.40    0.20    0.00    0.00    0.60    13  srcpub
21:30:44     1000     19858    0.20    0.20    0.00    0.00    0.40    11  srcpub
21:30:44     1000     19860    0.20    0.20    0.00    0.00    0.40    13  srcpub
21:30:44     1000     19862    0.00    0.20    0.00    0.20    0.20     3  srcpub
21:30:44     1000     19863    0.40    0.20    0.00    0.00    0.60     7  srcpub
21:30:44     1000     19864    0.20    0.20    0.00    0.00    0.40     7  srcpub
21:30:44     1000     19865    0.20    0.20    0.00    0.00    0.40     4  srcpub
21:30:44     1000     19868    0.40    0.20    0.00    0.00    0.60    15  srcpub
21:30:44     1000     19874    0.20    0.20    0.00    0.00    0.40     1  srcpub
21:30:44     1000     19877    0.20    0.20    0.00    0.00    0.40     7  srcpub
21:30:44     1000     19878    0.20    0.40    0.00    0.00    0.60     4  srcpub
21:30:44     1000     19879    0.20    0.20    0.00    0.00    0.40    10  srcpub
21:30:44     1000     19881    0.20    0.20    0.00    0.00    0.40     1  srcpub
21:30:44     1000     19882    0.00    0.20    0.00    0.00    0.20    13  srcpub
21:30:44     1000     19884    0.40    0.20    0.00    0.00    0.60     9  srcpub
21:30:44     1000     19885    0.40    0.20    0.00    0.00    0.60     0  srcpub
21:30:44     1000     19886    0.20    0.20    0.00    0.00    0.40     3  srcpub
21:30:44     1000     19887    0.20    0.20    0.00    0.00    0.40    15  srcpub
21:30:44     1000     19894    0.20    0.40    0.00    0.00    0.60     4  srcpub
21:30:44      997     20086    0.80    0.40    0.00    0.00    1.20     6  ffmpeg
21:30:44      997     20088    0.80    0.40    0.00    0.00    1.20     3  ffmpeg
21:30:44      997     20089    0.40    0.00    0.00    0.00    0.40    13  ffmpeg
21:30:44      997     20090    0.40    0.20    0.00    0.00    0.60     0  ffmpeg
21:30:44      997     20091    0.20    0.20    0.00    0.00    0.40    12  ffmpeg
21:30:44      997     20092    0.20    0.20    0.00    0.00    0.40     1  ffmpeg
21:30:44      997     20093    0.20    0.20    0.00    0.00    0.40    10  ffmpeg
21:30:44      997     20094    0.20    0.20    0.00    0.00    0.40     1  ffmpeg
21:30:44      997     20095    0.20    0.00    0.00    0.00    0.20    15  ffmpeg
21:30:44      997     20098    0.20    0.20    0.00    0.00    0.40    12  ffmpeg
21:30:44      997     20100    0.20    0.20    0.00    0.00    0.40     8  ffmpeg
21:30:44      997     20101    0.20    0.20    0.00    0.00    0.40     5  ffmpeg
21:30:44      997     20102    0.40    0.00    0.00    0.00    0.40     7  ffmpeg
21:30:44      997     20103    0.20    0.20    0.00    0.00    0.40    12  ffmpeg
21:30:44      997     20104    0.40    0.20    0.00    0.00    0.60    12  ffmpeg
21:30:44      997     20105    0.20    0.00    0.00    0.00    0.20     1  ffmpeg

# Time        UID       PID    %usr %system  %guest   %wait    %CPU   CPU  Command
21:30:49     1000     19830    9.20    6.40    0.00    0.00   15.60    14  mediamtx
21:30:49     1000     19846    0.20    0.20    0.00    0.00    0.40     0  srcpub
21:30:49     1000     19847    0.20    0.20    0.00    0.00    0.40     7  srcpub
21:30:49     1000     19849    0.00    0.40    0.00    0.00    0.40    12  srcpub
21:30:49     1000     19850    0.20    0.20    0.00    0.00    0.40     4  srcpub
21:30:49     1000     19851    0.20    0.20    0.00    0.00    0.40     7  srcpub
21:30:49     1000     19853    0.20    0.40    0.00    0.00    0.60    11  srcpub
21:30:49     1000     19854    0.20    0.20    0.00    0.00    0.40     6  srcpub
21:30:49     1000     19855    0.20    0.40    0.00    0.00    0.60    11  srcpub
21:30:49     1000     19856    0.20    0.20    0.00    0.00    0.40     0  srcpub
21:30:49     1000     19857    0.40    0.00    0.00    0.00    0.40    13  srcpub
21:30:49     1000     19858    0.20    0.20    0.00    0.00    0.40    14  srcpub
21:30:49     1000     19860    0.00    0.40    0.00    0.00    0.40    13  srcpub
21:30:49     1000     19862    0.20    0.20    0.00    0.00    0.40     3  srcpub
21:30:49     1000     19863    0.20    0.40    0.00    0.00    0.60    13  srcpub
21:30:49     1000     19864    0.40    0.00    0.00    0.00    0.40     9  srcpub
21:30:49     1000     19865    0.20    0.40    0.00    0.00    0.60     6  srcpub
21:30:49     1000     19868    0.20    0.20    0.00    0.00    0.40     2  srcpub
21:30:49     1000     19874    0.20    0.20    0.00    0.00    0.40     9  srcpub
21:30:49     1000     19877    0.40    0.20    0.00    0.00    0.60     7  srcpub
21:30:49     1000     19878    0.20    0.20    0.00    0.00    0.40     6  srcpub
21:30:49     1000     19879    0.20    0.20    0.00    0.00    0.40    10  srcpub
21:30:49     1000     19881    0.20    0.20    0.00    0.00    0.40     1  srcpub
21:30:49     1000     19882    0.20    0.20    0.00    0.00    0.40     9  srcpub
21:30:49     1000     19884    0.20    0.20    0.00    0.00    0.40     4  srcpub
21:30:49     1000     19885    0.00    0.40    0.00    0.00    0.40     9  srcpub
21:30:49     1000     19886    0.20    0.40    0.00    0.00    0.60     3  srcpub
21:30:49     1000     19887    0.20    0.20    0.00    0.00    0.40    15  srcpub
21:30:49     1000     19894    0.20    0.20    0.00    0.00    0.40     4  srcpub
21:30:49      997     20086    0.60    0.20    0.00    0.00    0.80     7  ffmpeg
21:30:49      997     20088    0.80    0.40    0.00    0.00    1.20     3  ffmpeg
21:30:49      997     20089    0.20    0.20    0.00    0.00    0.40    13  ffmpeg
21:30:49      997     20090    0.20    0.00    0.00    0.00    0.20     0  ffmpeg
21:30:49      997     20091    0.20    0.20    0.00    0.00    0.40     0  ffmpeg
21:30:49      997     20092    0.40    0.20    0.00    0.00    0.60     2  ffmpeg
21:30:49      997     20093    0.20    0.20    0.00    0.00    0.40    13  ffmpeg
21:30:49      997     20094    0.20    0.20    0.00    0.00    0.40    15  ffmpeg
21:30:49      997     20095    0.40    0.40    0.00    0.00    0.80    12  ffmpeg
21:30:49      997     20098    0.20    0.20    0.00    0.00    0.40     7  ffmpeg
21:30:49      997     20100    0.40    0.20    0.00    0.00    0.60     2  ffmpeg
21:30:49      997     20101    0.40    0.20    0.00    0.00    0.60     8  ffmpeg
21:30:49      997     20102    0.20    0.40    0.00    0.00    0.60    14  ffmpeg
21:30:49      997     20103    0.40    0.20    0.00    0.00    0.60     2  ffmpeg
21:30:49      997     20104    0.20    0.00    0.00    0.00    0.20    12  ffmpeg
21:30:49      997     20105    0.40    0.20    0.00    0.00    0.60     7  ffmpeg

# Time        UID       PID    %usr %system  %guest   %wait    %CPU   CPU  Command
21:30:54     1000     19830    8.80    5.60    0.00    0.00   14.40    14  mediamtx
21:30:54     1000     19846    0.40    0.20    0.00    0.00    0.60     0  srcpub
21:30:54     1000     19847    0.20    0.20    0.00    0.00    0.40     6  srcpub
21:30:54     1000     19849    0.20    0.20    0.00    0.00    0.40    12  srcpub
21:30:54     1000     19850    0.20    0.00    0.00    0.00    0.20     4  srcpub
21:30:54     1000     19851    0.40    0.00    0.00    0.00    0.40     7  srcpub
21:30:54     1000     19853    0.20    0.20    0.00    0.00    0.40    12  srcpub
21:30:54     1000     19854    0.20    0.00    0.00    0.00    0.20    10  srcpub
21:30:54     1000     19855    0.00    0.20    0.00    0.00    0.20     0  srcpub
21:30:54     1000     19856    0.20    0.40    0.00    0.00    0.60     0  srcpub
21:30:54     1000     19857    0.20    0.20    0.00    0.00    0.40    13  srcpub
21:30:54     1000     19858    0.00    0.40    0.00    0.00    0.40    14  srcpub
21:30:54     1000     19860    0.20    0.20    0.00    0.00    0.40    12  srcpub
21:30:54     1000     19862    0.20    0.40    0.00    0.00    0.60     6  srcpub
21:30:54     1000     19863    0.20    0.40    0.00    0.00    0.60    13  srcpub
21:30:54     1000     19864    0.20    0.00    0.00    0.00    0.20     1  srcpub
21:30:54     1000     19865    0.20    0.20    0.00    0.00    0.40     0  srcpub
21:30:54     1000     19868    0.40    0.40    0.00    0.00    0.80     1  srcpub
21:30:54     1000     19877    0.20    0.40    0.00    0.00    0.60     9  srcpub
21:30:54     1000     19878    0.20    0.40    0.00    0.00    0.60     6  srcpub
21:30:54     1000     19879    0.20    0.00    0.00    0.00    0.20    11  srcpub
21:30:54     1000     19881    0.20    0.40    0.00    0.00    0.60     7  srcpub
21:30:54     1000     19882    0.20    0.40    0.00    0.00    0.60     9  srcpub
21:30:54     1000     19884    0.20    0.20    0.00    0.00    0.40     8  srcpub
21:30:54     1000     19885    0.20    0.40    0.00    0.00    0.60    11  srcpub
21:30:54     1000     19886    0.20    0.20    0.00    0.00    0.40     3  srcpub
21:30:54     1000     19887    0.20    0.00    0.00    0.00    0.20    15  srcpub
21:30:54     1000     19894    0.20    0.40    0.00    0.00    0.60     4  srcpub
21:30:54      997     20086    0.60    0.40    0.00    0.00    1.00     2  ffmpeg
21:30:54      997     20088    0.60    0.20    0.00    0.00    0.80     3  ffmpeg
21:30:54      997     20089    0.20    0.20    0.00    0.00    0.40     0  ffmpeg
21:30:54      997     20090    0.40    0.20    0.00    0.00    0.60     0  ffmpeg
21:30:54      997     20091    0.20    0.20    0.00    0.00    0.40    12  ffmpeg
21:30:54      997     20092    0.20    0.40    0.00    0.00    0.60     9  ffmpeg
21:30:54      997     20093    0.40    0.00    0.00    0.00    0.40    13  ffmpeg
21:30:54      997     20094    0.40    0.00    0.00    0.00    0.40     9  ffmpeg
21:30:54      997     20095    0.00    0.20    0.00    0.00    0.20    15  ffmpeg
21:30:54      997     20098    0.40    0.20    0.00    0.00    0.60    15  ffmpeg
21:30:54      997     20100    0.20    0.00    0.00    0.00    0.20     2  ffmpeg
21:30:54      997     20101    0.40    0.00    0.00    0.00    0.40     6  ffmpeg
21:30:54      997     20102    0.20    0.00    0.00    0.00    0.20    14  ffmpeg
21:30:54      997     20103    0.40    0.20    0.00    0.00    0.60     4  ffmpeg
21:30:54      997     20104    0.40    0.20    0.00    0.00    0.60     4  ffmpeg
21:30:54      997     20105    0.00    0.40    0.00    0.00    0.40     0  ffmpeg

# Time        UID       PID    %usr %system  %guest   %wait    %CPU   CPU  Command
21:30:59     1000     19830    9.20    5.60    0.00    0.00   14.80    14  mediamtx
21:30:59     1000     19846    0.20    0.20    0.00    0.00    0.40     0  srcpub
21:30:59     1000     19847    0.40    0.20    0.00    0.00    0.60    15  srcpub
21:30:59     1000     19849    0.20    0.40    0.00    0.00    0.60    13  srcpub
21:30:59     1000     19850    0.40    0.20    0.00    0.00    0.60     7  srcpub
21:30:59     1000     19851    0.20    0.40    0.00    0.00    0.60     7  srcpub
21:30:59     1000     19853    0.20    0.40    0.00    0.00    0.60    11  srcpub
21:30:59     1000     19854    0.00    0.20    0.00    0.00    0.20     6  srcpub
21:30:59     1000     19855    0.20    0.40    0.00    0.00    0.60     0  srcpub
21:30:59     1000     19856    0.20    0.20    0.00    0.00    0.40     7  srcpub
21:30:59     1000     19857    0.40    0.20    0.00    0.00    0.60    13  srcpub
21:30:59     1000     19858    0.20    0.20    0.00    0.00    0.40     0  srcpub
21:30:59     1000     19860    0.00    0.20    0.00    0.00    0.20     8  srcpub
21:30:59     1000     19862    0.20    0.20    0.00    0.00    0.40     6  srcpub
21:30:59     1000     19863    0.40    0.20    0.00    0.00    0.60    13  srcpub
21:30:59     1000     19864    0.40    0.20    0.00    0.00    0.60    11  srcpub
21:30:59     1000     19865    0.00    0.40    0.00    0.00    0.40    14  srcpub
21:30:59     1000     19868    0.20    0.00    0.00    0.00    0.20    15  srcpub
21:30:59     1000     19874    0.20    0.20    0.00    0.00    0.40     9  srcpub
21:30:59     1000     19877    0.20    0.20    0.00    0.00    0.40     5  srcpub
21:30:59     1000     19878    0.20    0.20    0.00    0.00    0.40     6  srcpub
21:30:59     1000     19879    0.40    0.20    0.00    0.00    0.60    11  srcpub
21:30:59     1000     19881    0.20    0.20    0.00    0.00    0.40     8  srcpub
21:30:59     1000     19884    0.40    0.20    0.00    0.00    0.60     8  srcpub
21:30:59     1000     19885    0.00    0.60    0.00    0.00    0.60    11  srcpub
21:30:59     1000     19886    0.40    0.20    0.00    0.00    0.60    15  srcpub
21:30:59     1000     19887    0.20    0.20    0.00    0.00    0.40    15  srcpub
21:30:59     1000     19894    0.20    0.40    0.00    0.00    0.60     4  srcpub
21:30:59      997     20086    0.80    0.40    0.00    0.00    1.20    15  ffmpeg
21:30:59      997     20088    0.80    0.20    0.00    0.00    1.00    13  ffmpeg
21:30:59      997     20089    0.20    0.20    0.00    0.00    0.40    10  ffmpeg
21:30:59      997     20090    0.20    0.20    0.00    0.00    0.40     2  ffmpeg
21:30:59      997     20091    0.40    0.20    0.00    0.00    0.60    12  ffmpeg
21:30:59      997     20092    0.20    0.00    0.00    0.00    0.20     9  ffmpeg
21:30:59      997     20093    0.40    0.00    0.00    0.00    0.40    14  ffmpeg
21:30:59      997     20094    0.20    0.20    0.00    0.00    0.40     8  ffmpeg
21:30:59      997     20095    0.40    0.00    0.00    0.00    0.40    15  ffmpeg
21:30:59      997     20098    0.20    0.00    0.00    0.00    0.20     3  ffmpeg
21:30:59      997     20100    0.40    0.20    0.00    0.00    0.60    12  ffmpeg
21:30:59      997     20101    0.20    0.20    0.00    0.00    0.40     1  ffmpeg
21:30:59      997     20102    0.40    0.20    0.00    0.00    0.60    14  ffmpeg
21:30:59      997     20103    0.20    0.00    0.00    0.00    0.20     2  ffmpeg
21:30:59      997     20104    0.20    0.20    0.00    0.00    0.40     4  ffmpeg
21:30:59      997     20105    0.20    0.20    0.00    0.00    0.40     0  ffmpeg

# Time        UID       PID    %usr %system  %guest   %wait    %CPU   CPU  Command
21:31:04     1000     19830    8.80    6.20    0.00    0.00   15.00    14  mediamtx
21:31:04     1000     19846    0.40    0.20    0.00    0.00    0.60    14  srcpub
21:31:04     1000     19847    0.20    0.20    0.00    0.00    0.40     4  srcpub
21:31:04     1000     19849    0.40    0.20    0.00    0.00    0.60    13  srcpub
21:31:04     1000     19850    0.00    0.40    0.00    0.00    0.40     4  srcpub
21:31:04     1000     19851    0.40    0.00    0.00    0.00    0.40    15  srcpub
21:31:04     1000     19853    0.40    0.20    0.00    0.00    0.60    12  srcpub
21:31:04     1000     19854    0.20    0.20    0.00    0.00    0.40     4  srcpub
21:31:04     1000     19855    0.00    0.20    0.00    0.00    0.20     0  srcpub
21:31:04     1000     19856    0.00    0.20    0.00    0.00    0.20     4  srcpub
21:31:04     1000     19857    0.40    0.00    0.00    0.00    0.40    12  srcpub
21:31:04     1000     19858    0.00    0.40    0.00    0.00    0.40    15  srcpub
21:31:04     1000     19860    0.20    0.40    0.00    0.00    0.60     4  srcpub
21:31:04     1000     19862    0.00    0.20    0.00    0.00    0.20    10  srcpub
21:31:04     1000     19863    0.00    0.40    0.00    0.00    0.40     6  srcpub
21:31:04     1000     19864    0.20    0.00    0.00    0.00    0.20    12  srcpub
21:31:04     1000     19865    0.20    0.20    0.00    0.00    0.40    12  srcpub
21:31:04     1000     19868    0.20    0.40    0.00    0.00    0.60    15  srcpub
21:31:04     1000     19874    0.20    0.20    0.00    0.00    0.40     1  srcpub
21:31:04     1000     19877    0.40    0.00    0.00    0.00    0.40    10  srcpub
21:31:04     1000     19878    0.20    0.40    0.00    0.00    0.60     6  srcpub
21:31:04     1000     19879    0.00    0.20    0.00    0.00    0.20    11  srcpub
21:31:04     1000     19881    0.20    0.20    0.00    0.00    0.40     6  srcpub
21:31:04     1000     19882    0.20    0.40    0.00    0.00    0.60    11  srcpub
21:31:04     1000     19884    0.00    0.40    0.00    0.00    0.40    11  srcpub
21:31:04     1000     19885    0.20    0.20    0.00    0.00    0.40     2  srcpub
21:31:04     1000     19886    0.40    0.00    0.00    0.00    0.40     1  srcpub
21:31:04     1000     19887    0.20    0.20    0.00    0.00    0.40    14  srcpub
21:31:04     1000     19894    0.20    0.20    0.00    0.00    0.40     3  srcpub
21:31:04      997     20086    0.80    0.20    0.00    0.00    1.00     4  ffmpeg
21:31:04      997     20088    0.80    0.20    0.00    0.00    1.00    12  ffmpeg
21:31:04      997     20089    0.40    0.20    0.00    0.00    0.60    11  ffmpeg
21:31:04      997     20090    0.20    0.20    0.00    0.00    0.40    10  ffmpeg
21:31:04      997     20091    0.20    0.20    0.00    0.00    0.40    10  ffmpeg
21:31:04      997     20092    0.20    0.40    0.00    0.00    0.60    11  ffmpeg
21:31:04      997     20093    0.20    0.20    0.00    0.00    0.40    13  ffmpeg
21:31:04      997     20094    0.40    0.20    0.00    0.00    0.60     3  ffmpeg
21:31:04      997     20095    0.40    0.20    0.00    0.00    0.60    12  ffmpeg
21:31:04      997     20098    0.40    0.20    0.00    0.00    0.60     1  ffmpeg
21:31:04      997     20100    0.40    0.00    0.00    0.00    0.40    12  ffmpeg
21:31:04      997     20101    0.40    0.00    0.00    0.00    0.40    13  ffmpeg
21:31:04      997     20102    0.40    0.20    0.00    0.00    0.60    13  ffmpeg
21:31:04      997     20103    0.20    0.40    0.00    0.00    0.60    13  ffmpeg
21:31:04      997     20104    0.40    0.00    0.00    0.00    0.40     1  ffmpeg
21:31:04      997     20105    0.40    0.20    0.00    0.00    0.60     3  ffmpeg

# Time        UID       PID    %usr %system  %guest   %wait    %CPU   CPU  Command
21:31:09     1000     19830    9.20    5.60    0.00    0.00   14.80    14  mediamtx
21:31:09     1000     19846    0.20    0.20    0.00    0.00    0.40    14  srcpub
21:31:09     1000     19847    0.20    0.20    0.00    0.00    0.40     7  srcpub
21:31:09     1000     19849    0.20    0.20    0.00    0.00    0.40    12  srcpub
21:31:09     1000     19850    0.40    0.20    0.00    0.00    0.60     6  srcpub
21:31:09     1000     19851    0.20    0.20    0.00    0.00    0.40    15  srcpub
21:31:09     1000     19853    0.20    0.40    0.00    0.00    0.60    12  srcpub
21:31:09     1000     19854    0.20    0.20    0.00    0.00    0.40     8  srcpub
21:31:09     1000     19855    0.20    0.40    0.00    0.00    0.60     0  srcpub
21:31:09     1000     19856    0.00    0.40    0.00    0.00    0.40     6  srcpub
21:31:09     1000     19857    0.40    0.20    0.00    0.00    0.60     7  srcpub
21:31:09     1000     19858    0.20    0.20    0.00    0.00    0.40     1  srcpub
21:31:09     1000     19860    0.20    0.20    0.00    0.00    0.40     4  srcpub
21:31:09     1000     19862    0.20    0.20    0.00    0.00    0.40    10  srcpub
21:31:09     1000     19863    0.20    0.40    0.00    0.00    0.60     6  srcpub
21:31:09     1000     19864    0.20    0.00    0.00    0.00    0.20    15  srcpub
21:31:09     1000     19865    0.20    0.20    0.00    0.00    0.40     1  srcpub
21:31:09     1000     19868    0.40    0.20    0.00    0.00    0.60    15  srcpub
21:31:09     1000     19874    0.00    0.20    0.00    0.00    0.20     9  srcpub
21:31:09     1000     19877    0.20    0.40    0.00    0.00    0.60    15  srcpub
21:31:09     1000     19878    0.20    0.20    0.00    0.00    0.40     4  srcpub
21:31:09     1000     19879    0.20    0.20    0.00    0.00    0.40     8  srcpub
21:31:09     1000     19881    0.20    0.40    0.00    0.00    0.60     4  srcpub
21:31:09     1000     19882    0.20    0.20    0.00    0.00    0.40    12  srcpub
21:31:09     1000     19884    0.20    0.40    0.00    0.00    0.60    11  srcpub
21:31:09     1000     19885    0.20    0.20    0.00    0.00    0.40    11  srcpub
21:31:09     1000     19886    0.20    0.20    0.00    0.00    0.40     2  srcpub
21:31:09     1000     19887    0.20    0.20    0.00    0.00    0.40    14  srcpub
21:31:09     1000     19894    0.20    0.40    0.00    0.00    0.60     9  srcpub
21:31:09      997     20086    0.80    0.40    0.00    0.00    1.20     8  ffmpeg
21:31:09      997     20088    0.60    0.40    0.00    0.00    1.00    14  ffmpeg
21:31:09      997     20089    0.40    0.20    0.00    0.00    0.60     0  ffmpeg
21:31:09      997     20090    0.40    0.20    0.00    0.00    0.60    12  ffmpeg
21:31:09      997     20091    0.40    0.20    0.00    0.00    0.60     7  ffmpeg
21:31:09      997     20092    0.40    0.00    0.00    0.00    0.40     0  ffmpeg
21:31:09      997     20093    0.20    0.20    0.00    0.00    0.40     7  ffmpeg
21:31:09      997     20094    0.20    0.20    0.00    0.00    0.40    14  ffmpeg
21:31:09      997     20095    0.20    0.20    0.00    0.00    0.40    12  ffmpeg
21:31:09      997     20098    0.20    0.20    0.00    0.00    0.40     1  ffmpeg
21:31:09      997     20100    0.20    0.20    0.00    0.00    0.40    12  ffmpeg
21:31:09      997     20101    0.20    0.20    0.00    0.00    0.40    13  ffmpeg
21:31:09      997     20102    0.20    0.20    0.00    0.00    0.40     3  ffmpeg
21:31:09      997     20103    0.20    0.20    0.00    0.00    0.40    13  ffmpeg
21:31:09      997     20104    0.20    0.20    0.00    0.00    0.40     1  ffmpeg
21:31:09      997     20105    0.20    0.00    0.00    0.00    0.20     3  ffmpeg

# Time        UID       PID    %usr %system  %guest   %wait    %CPU   CPU  Command
21:31:14     1000     19830    9.40    5.80    0.00    0.00   15.20    14  mediamtx
21:31:14     1000     19846    0.00    0.40    0.00    0.00    0.40    13  srcpub
21:31:14     1000     19847    0.20    0.40    0.00    0.00    0.60     8  srcpub
21:31:14     1000     19849    0.40    0.00    0.00    0.00    0.40    12  srcpub
21:31:14     1000     19850    0.20    0.20    0.00    0.00    0.40     6  srcpub
21:31:14     1000     19851    0.40    0.20    0.00    0.00    0.60    15  srcpub
21:31:14     1000     19853    0.20    0.20    0.00    0.00    0.40     7  srcpub
21:31:14     1000     19854    0.00    0.20    0.00    0.00    0.20    15  srcpub
21:31:14     1000     19855    0.00    0.20    0.00    0.00    0.20    15  srcpub
21:31:14     1000     19856    0.20    0.20    0.00    0.00    0.40    10  srcpub
21:31:14     1000     19857    0.40    0.20    0.00    0.00    0.60    11  srcpub
21:31:14     1000     19858    0.00    0.40    0.00    0.00    0.40     1  srcpub
21:31:14     1000     19860    0.00    0.40    0.00    0.00    0.40     7  srcpub
21:31:14     1000     19862    0.20    0.20    0.00    0.00    0.40    10  srcpub
21:31:14     1000     19863    0.20    0.40    0.00    0.00    0.60     6  srcpub
21:31:14     1000     19864    0.40    0.00    0.00    0.00    0.40     7  srcpub
21:31:14     1000     19865    0.20    0.40    0.00    0.00    0.60    11  srcpub
21:31:14     1000     19868    0.20    0.20    0.00    0.00    0.40     0  srcpub
21:31:14     1000     19874    0.20    0.00    0.00    0.00    0.20     1  srcpub
21:31:14     1000     19877    0.20    0.20    0.00    0.00    0.40    15  srcpub
21:31:14     1000     19878    0.40    0.40    0.00    0.00    0.80     2  srcpub
21:31:14     1000     19879    0.20    0.20    0.00    0.00    0.40     9  srcpub
21:31:14     1000     19881    0.20    0.20    0.00    0.00    0.40     6  srcpub
21:31:14     1000     19882    0.00    0.20    0.00    0.00    0.20    12  srcpub
21:31:14     1000     19884    0.40    0.20    0.00    0.00    0.60    11  srcpub
21:31:14     1000     19885    0.20    0.40    0.00    0.00    0.60     2  srcpub
21:31:14     1000     19886    0.20    0.40    0.00    0.00    0.60     2  srcpub
21:31:14     1000     19887    0.20    0.20    0.00    0.00    0.40    14  srcpub
21:31:14     1000     19894    0.40    0.20    0.00    0.00    0.60     9  srcpub
21:31:14      997     20086    0.80    0.20    0.00    0.00    1.00    14  ffmpeg
21:31:14      997     20088    0.80    0.20    0.00    0.00    1.00     4  ffmpeg
21:31:14      997     20089    0.20    0.00    0.00    0.00    0.20    13  ffmpeg
21:31:14      997     20090    0.40    0.00    0.00    0.00    0.40     1  ffmpeg
21:31:14      997     20091    0.20    0.00    0.00    0.00    0.20     8  ffmpeg
21:31:14      997     20092    0.20    0.20    0.00    0.00    0.40     0  ffmpeg
21:31:14      997     20093    0.20    0.20    0.00    0.00    0.40     0  ffmpeg
21:31:14      997     20094    0.20    0.00    0.00    0.00    0.20    14  ffmpeg
21:31:14      997     20095    0.20    0.20    0.00    0.00    0.40     3  ffmpeg
21:31:14      997     20098    0.40    0.20    0.00    0.00    0.60     1  ffmpeg
21:31:14      997     20100    0.40    0.00    0.00    0.00    0.40    13  ffmpeg
21:31:14      997     20101    0.40    0.20    0.00    0.00    0.60     7  ffmpeg
21:31:14      997     20102    0.40    0.00    0.00    0.00    0.40     1  ffmpeg
21:31:14      997     20103    0.20    0.20    0.00    0.00    0.40    12  ffmpeg
21:31:14      997     20104    0.20    0.40    0.00    0.00    0.60     1  ffmpeg
21:31:14      997     20105    0.20    0.20    0.00    0.00    0.40    11  ffmpeg

# Time        UID       PID    %usr %system  %guest   %wait    %CPU   CPU  Command
21:31:19     1000     19830    8.60    5.60    0.00    0.00   14.20    14  mediamtx
21:31:19     1000     19846    0.20    0.40    0.00    0.00    0.60    13  srcpub
21:31:19     1000     19847    0.20    0.20    0.00    0.00    0.40     7  srcpub
21:31:19     1000     19849    0.20    0.20    0.00    0.00    0.40    12  srcpub
21:31:19     1000     19850    0.20    0.20    0.00    0.00    0.40     7  srcpub
21:31:19     1000     19851    0.20    0.20    0.00    0.00    0.40    15  srcpub
21:31:19     1000     19853    0.40    0.20    0.00    0.00    0.60    13  srcpub
21:31:19     1000     19854    0.20    0.00    0.00    0.00    0.20     9  srcpub
21:31:19     1000     19855    0.20    0.20    0.00    0.00    0.40     0  srcpub
21:31:19     1000     19856    0.20    0.20    0.00    0.00    0.40    11  srcpub
21:31:19     1000     19857    0.40    0.20    0.00    0.00    0.60     7  srcpub
21:31:19     1000     19858    0.20    0.20    0.00    0.00    0.40    12  srcpub
21:31:19     1000     19860    0.20    0.20    0.00    0.00    0.40     7  srcpub
21:31:19     1000     19862    0.00    0.40    0.00    0.00    0.40    12  srcpub
21:31:19     1000     19863    0.20    0.40    0.00    0.00    0.60     6  srcpub
21:31:19     1000     19864    0.20    0.20    0.00    0.00    0.40     2  srcpub
21:31:19     1000     19865    0.00    0.20    0.00    0.00    0.20     1  srcpub
21:31:19     1000     19868    0.40    0.20    0.00    0.00    0.60     0  srcpub
21:31:19     1000     19874    0.20    0.20    0.00    0.00    0.40     2  srcpub
21:31:19     1000     19877    0.20    0.20    0.00    0.00    0.40    15  srcpub
21:31:19     1000     19878    0.20    0.20    0.00    0.00    0.40     5  srcpub
21:31:19     1000     19879    0.20    0.20    0.00    0.00    0.40     9  srcpub
21:31:19     1000     19881    0.40    0.20    0.00    0.00    0.60     4  srcpub
21:31:19     1000     19882    0.00    0.20    0.00    0.00    0.20     8  srcpub
21:31:19     1000     19884    0.20    0.20    0.00    0.00    0.40     6  srcpub
21:31:19     1000     19885    0.20    0.20    0.00    0.00    0.40     2  srcpub
21:31:19     1000     19886    0.20    0.20    0.00    0.00    0.40     9  srcpub
21:31:19     1000     19887    0.20    0.40    0.00    0.00    0.60     2  srcpub
21:31:19     1000     19894    0.20    0.40    0.00    0.00    0.60     9  srcpub
21:31:19      997     20086    0.60    0.40    0.00    0.00    1.00    11  ffmpeg
21:31:19      997     20088    0.80    0.20    0.00    0.00    1.00    14  ffmpeg
21:31:19      997     20089    0.40    0.20    0.00    0.00    0.60    13  ffmpeg
21:31:19      997     20090    0.20    0.20    0.00    0.00    0.40     1  ffmpeg
21:31:19      997     20091    0.40    0.20    0.00    0.00    0.60     9  ffmpeg
21:31:19      997     20092    0.20    0.20    0.00    0.00    0.40     2  ffmpeg
21:31:19      997     20093    0.20    0.20    0.00    0.00    0.40    13  ffmpeg
21:31:19      997     20094    0.40    0.20    0.00    0.00    0.60    14  ffmpeg
21:31:19      997     20095    0.40    0.20    0.00    0.00    0.60     4  ffmpeg
21:31:19      997     20098    0.20    0.20    0.00    0.00    0.40     0  ffmpeg
21:31:19      997     20100    0.20    0.20    0.00    0.00    0.40    13  ffmpeg
21:31:19      997     20101    0.20    0.20    0.00    0.00    0.40    15  ffmpeg
21:31:19      997     20102    0.40    0.20    0.00    0.00    0.60    12  ffmpeg
21:31:19      997     20103    0.20    0.20    0.00    0.00    0.40     8  ffmpeg
21:31:19      997     20104    0.20    0.00    0.00    0.00    0.20     3  ffmpeg
21:31:19      997     20105    0.40    0.20    0.00    0.00    0.60    13  ffmpeg

# Time        UID       PID    %usr %system  %guest   %wait    %CPU   CPU  Command
21:31:24     1000     19830    9.40    5.40    0.00    0.00   14.80    14  mediamtx
21:31:24     1000     19846    0.20    0.40    0.00    0.00    0.60    13  srcpub
21:31:24     1000     19847    0.20    0.20    0.00    0.00    0.40     8  srcpub
21:31:24     1000     19849    0.20    0.20    0.00    0.00    0.40    13  srcpub
21:31:24     1000     19850    0.20    0.20    0.00    0.00    0.40     7  srcpub
21:31:24     1000     19851    0.40    0.20    0.00    0.00    0.60    14  srcpub
21:31:24     1000     19853    0.00    0.40    0.00    0.00    0.40    13  srcpub
21:31:24     1000     19854    0.20    0.20    0.00    0.00    0.40    12  srcpub
21:31:24     1000     19855    0.00    0.40    0.00    0.00    0.40     9  srcpub
21:31:24     1000     19856    0.20    0.20    0.00    0.00    0.40    10  srcpub
21:31:24     1000     19857    0.20    0.00    0.00    0.00    0.20     7  srcpub
21:31:24     1000     19858    0.20    0.20    0.00    0.00    0.40    15  srcpub
21:31:24     1000     19860    0.20    0.20    0.00    0.00    0.40     8  srcpub
21:31:24     1000     19862    0.20    0.20    0.00    0.00    0.40    13  srcpub
21:31:24     1000     19863    0.20    0.20    0.00    0.00    0.40     6  srcpub
21:31:24     1000     19864    0.20    0.00    0.00    0.00    0.20    11  srcpub
21:31:24     1000     19865    0.20    0.40    0.00    0.00    0.60     4  srcpub
21:31:24     1000     19868    0.20    0.40    0.00    0.00    0.60    11  srcpub
21:31:24     1000     19874    0.00    0.20    0.00    0.00    0.20     6  srcpub
21:31:24     1000     19877    0.20    0.40    0.00    0.00    0.60    14  srcpub
21:31:24     1000     19878    0.20    0.20    0.00    0.00    0.40     4  srcpub
21:31:24     1000     19879    0.20    0.20    0.00    0.00    0.40    10  srcpub
21:31:24     1000     19881    0.00    0.40    0.00    0.00    0.40     4  srcpub
21:31:24     1000     19882    0.20    0.20    0.00    0.00    0.40    11  srcpub
21:31:24     1000     19884    0.20    0.40    0.00    0.00    0.60    11  srcpub
21:31:24     1000     19885    0.20    0.40    0.00    0.00    0.60     2  srcpub
21:31:24     1000     19886    0.20    0.20    0.00    0.00    0.40     9  srcpub
21:31:24     1000     19887    0.00    0.20    0.00    0.00    0.20     4  srcpub
21:31:24     1000     19894    0.20    0.40    0.00    0.00    0.60     2  srcpub
21:31:24      997     20086    0.80    0.40    0.00    0.00    1.20    14  ffmpeg
21:31:24      997     20088    0.60    0.20    0.00    0.00    0.80    15  ffmpeg
21:31:24      997     20089    0.20    0.20    0.00    0.00    0.40     7  ffmpeg
21:31:24      997     20090    0.20    0.20    0.00    0.00    0.40     2  ffmpeg
21:31:24      997     20091    0.20    0.20    0.00    0.00    0.40     0  ffmpeg
21:31:24      997     20092    0.40    0.20    0.00    0.00    0.60     8  ffmpeg
21:31:24      997     20093    0.20    0.20    0.00    0.00    0.40    11  ffmpeg
21:31:24      997     20094    0.20    0.20    0.00    0.00    0.40     6  ffmpeg
21:31:24      997     20095    0.20    0.00    0.00    0.00    0.20    11  ffmpeg
21:31:24      997     20098    0.40    0.00    0.00    0.00    0.40     2  ffmpeg
21:31:24      997     20100    0.40    0.20    0.00    0.00    0.60    15  ffmpeg
21:31:24      997     20101    0.40    0.00    0.00    0.00    0.40    13  ffmpeg
21:31:24      997     20102    0.20    0.20    0.00    0.00    0.40    15  ffmpeg
21:31:24      997     20103    0.20    0.20    0.00    0.00    0.40    13  ffmpeg
21:31:24      997     20104    0.40    0.20    0.00    0.00    0.60     1  ffmpeg
21:31:24      997     20105    0.20    0.20    0.00    0.00    0.40    14  ffmpeg

# Time        UID       PID    %usr %system  %guest   %wait    %CPU   CPU  Command
21:31:29     1000     19830    9.20    5.80    0.00    0.00   15.00    14  mediamtx
21:31:29     1000     19846    0.20    0.20    0.00    0.00    0.40    14  srcpub
21:31:29     1000     19847    0.20    0.40    0.00    0.00    0.60     8  srcpub
21:31:29     1000     19849    0.20    0.40    0.00    0.00    0.60    13  srcpub
21:31:29     1000     19850    0.20    0.20    0.00    0.00    0.40     7  srcpub
21:31:29     1000     19851    0.20    0.20    0.00    0.00    0.40    14  srcpub
21:31:29     1000     19853    0.20    0.40    0.00    0.00    0.60    13  srcpub
21:31:29     1000     19854    0.20    0.00    0.00    0.00    0.20    11  srcpub
21:31:29     1000     19855    0.20    0.40    0.00    0.00    0.60     2  srcpub
21:31:29     1000     19856    0.00    0.40    0.00    0.00    0.40    10  srcpub
21:31:29     1000     19857    0.40    0.20    0.00    0.00    0.60    11  srcpub
21:31:29     1000     19858    0.20    0.20    0.00    0.00    0.40    15  srcpub
21:31:29     1000     19860    0.00    0.40    0.00    0.00    0.40    12  srcpub
21:31:29     1000     19862    0.00    0.20    0.00    0.00    0.20    12  srcpub
21:31:29     1000     19863    0.20    0.40    0.00    0.00    0.60     7  srcpub
21:31:29     1000     19864    0.40    0.00    0.00    0.00    0.40     3  srcpub
21:31:29     1000     19865    0.00    0.20    0.00    0.00    0.20    10  srcpub
21:31:29     1000     19868    0.40    0.20    0.00    0.00    0.60    11  srcpub
21:31:29     1000     19874    0.20    0.00    0.00    0.00    0.20    10  srcpub
21:31:29     1000     19877    0.20    0.20    0.00    0.00    0.40    15  srcpub
21:31:29     1000     19878    0.20    0.40    0.00    0.00    0.60     9  srcpub
21:31:29     1000     19879    0.20    0.20    0.00    0.00    0.40    10  srcpub
21:31:29     1000     19881    0.20    0.20    0.00    0.00    0.40     4  srcpub
21:31:29     1000     19882    0.00    0.40    0.00    0.00    0.40    10  srcpub
21:31:29     1000     19884    0.00    0.40    0.00    0.00    0.40    11  srcpub
21:31:29     1000     19885    0.20    0.40    0.00    0.00    0.60     8  srcpub
21:31:29     1000     19886    0.20    0.20    0.00    0.00    0.40    10  srcpub
21:31:29     1000     19887    0.20    0.20    0.00    0.00    0.40     4  srcpub
21:31:29     1000     19894    0.20    0.40    0.00    0.00    0.60     4  srcpub
21:31:29      997     20086    0.60    0.40    0.00    0.00    1.00     8  ffmpeg
21:31:29      997     20088    0.60    0.40    0.00    0.00    1.00     0  ffmpeg
21:31:29      997     20089    0.40    0.00    0.00    0.00    0.40     1  ffmpeg
21:31:29      997     20090    0.40    0.20    0.00    0.00    0.60    12  ffmpeg
21:31:29      997     20091    0.40    0.00    0.00    0.00    0.40     9  ffmpeg
21:31:29      997     20092    0.40    0.00    0.00    0.00    0.40     4  ffmpeg
21:31:29      997     20093    0.20    0.20    0.00    0.00    0.40    13  ffmpeg
21:31:29      997     20094    0.20    0.20    0.00    0.00    0.40     0  ffmpeg
21:31:29      997     20095    0.40    0.20    0.00    0.00    0.60     3  ffmpeg
21:31:29      997     20098    0.20    0.20    0.00    0.00    0.40     2  ffmpeg
21:31:29      997     20100    0.20    0.20    0.00    0.00    0.40    15  ffmpeg
21:31:29      997     20101    0.40    0.00    0.00    0.00    0.40     0  ffmpeg
21:31:29      997     20102    0.40    0.00    0.00    0.00    0.40    12  ffmpeg
21:31:29      997     20103    0.40    0.20    0.00    0.00    0.60    13  ffmpeg
21:31:29      997     20104    0.20    0.00    0.00    0.00    0.20     8  ffmpeg
21:31:29      997     20105    0.40    0.00    0.00    0.00    0.40    14  ffmpeg

# Time        UID       PID    %usr %system  %guest   %wait    %CPU   CPU  Command
21:31:34     1000     19830    8.40    6.20    0.00    0.00   14.60    14  mediamtx
21:31:34     1000     19846    0.00    0.40    0.00    0.00    0.40     2  srcpub
21:31:34     1000     19847    0.00    0.40    0.00    0.00    0.40     8  srcpub
21:31:34     1000     19849    0.20    0.40    0.00    0.00    0.60    15  srcpub
21:31:34     1000     19850    0.20    0.20    0.00    0.00    0.40     8  srcpub
21:31:34     1000     19851    0.20    0.20    0.00    0.00    0.40    14  srcpub
21:31:34     1000     19853    0.40    0.40    0.00    0.00    0.80     4  srcpub
21:31:34     1000     19854    0.20    0.20    0.00    0.00    0.40    11  srcpub
21:31:34     1000     19855    0.00    0.20    0.00    0.00    0.20    13  srcpub
21:31:34     1000     19856    0.20    0.20    0.00    0.00    0.40    12  srcpub
21:31:34     1000     19857    0.40    0.20    0.00    0.00    0.60    11  srcpub
21:31:34     1000     19858    0.20    0.20    0.00    0.00    0.40     6  srcpub
21:31:34     1000     19860    0.20    0.20    0.00    0.00    0.40    12  srcpub
21:31:34     1000     19862    0.20    0.20    0.00    0.00    0.40     3  srcpub
21:31:34     1000     19863    0.40    0.40    0.00    0.00    0.80     6  srcpub
21:31:34     1000     19864    0.20    0.20    0.00    0.00    0.40    11  srcpub
21:31:34     1000     19865    0.20    0.20    0.00    0.00    0.40     6  srcpub
21:31:34     1000     19868    0.20    0.20    0.00    0.00    0.40    11  srcpub
21:31:34     1000     19874    0.20    0.20    0.00    0.00    0.40    10  srcpub
21:31:34     1000     19877    0.20    0.40    0.00    0.00    0.60    14  srcpub
21:31:34     1000     19878    0.20    0.40    0.00    0.00    0.60     9  srcpub
21:31:34     1000     19879    0.00    0.20    0.00    0.00    0.20    14  srcpub
21:31:34     1000     19881    0.40    0.20    0.00    0.00    0.60     4  srcpub
21:31:34     1000     19882    0.20    0.20    0.00    0.00    0.40    10  srcpub
21:31:34     1000     19884    0.40    0.20    0.00    0.00    0.60    11  srcpub
21:31:34     1000     19885    0.00    0.40    0.00    0.00    0.40     3  srcpub
21:31:34     1000     19886    0.20    0.40    0.00    0.00    0.60     6  srcpub
21:31:34     1000     19887    0.20    0.40    0.00    0.00    0.60    10  srcpub
21:31:34     1000     19894    0.20    0.20    0.00    0.00    0.40     6  srcpub
21:31:34      997     20086    0.60    0.40    0.00    0.00    1.00     9  ffmpeg
21:31:34      997     20088    0.60    0.40    0.00    0.00    1.00    13  ffmpeg
21:31:34      997     20089    0.40    0.20    0.00    0.00    0.60     8  ffmpeg
21:31:34      997     20090    0.20    0.20    0.00    0.00    0.40    12  ffmpeg
21:31:34      997     20091    0.20    0.20    0.00    0.00    0.40     3  ffmpeg
21:31:34      997     20092    0.20    0.20    0.00    0.00    0.40    11  ffmpeg
21:31:34      997     20093    0.40    0.00    0.00    0.00    0.40     2  ffmpeg
21:31:34      997     20094    0.20    0.20    0.00    0.00    0.40     3  ffmpeg
21:31:34      997     20095    0.20    0.20    0.00    0.00    0.40     3  ffmpeg
21:31:34      997     20098    0.20    0.20    0.00    0.00    0.40     4  ffmpeg
21:31:34      997     20100    0.40    0.20    0.00    0.20    0.60    13  ffmpeg
21:31:34      997     20101    0.20    0.20    0.00    0.00    0.40     0  ffmpeg
21:31:34      997     20102    0.20    0.20    0.00    0.00    0.40    12  ffmpeg
21:31:34      997     20103    0.20    0.20    0.00    0.00    0.40    13  ffmpeg
21:31:34      997     20104    0.20    0.20    0.00    0.00    0.40     9  ffmpeg
21:31:34      997     20105    0.20    0.20    0.00    0.00    0.40    10  ffmpeg

# Time        UID       PID    %usr %system  %guest   %wait    %CPU   CPU  Command
21:31:39     1000     19830    9.60    5.60    0.00    0.00   15.20    14  mediamtx
21:31:39     1000     19846    0.40    0.20    0.00    0.00    0.60     0  srcpub
21:31:39     1000     19847    0.40    0.00    0.00    0.00    0.40    15  srcpub
21:31:39     1000     19849    0.40    0.00    0.00    0.00    0.40    15  srcpub
21:31:39     1000     19850    0.40    0.20    0.00    0.00    0.60     7  srcpub
21:31:39     1000     19851    0.20    0.20    0.00    0.00    0.40    14  srcpub
21:31:39     1000     19853    0.00    0.40    0.00    0.00    0.40    13  srcpub
21:31:39     1000     19854    0.00    0.20    0.00    0.00    0.20     4  srcpub
21:31:39     1000     19855    0.20    0.20    0.00    0.00    0.40     0  srcpub
21:31:39     1000     19856    0.20    0.20    0.00    0.00    0.40     0  srcpub
21:31:39     1000     19857    0.40    0.00    0.00    0.00    0.40     6  srcpub
21:31:39     1000     19858    0.20    0.20    0.00    0.00    0.40    15  srcpub
21:31:39     1000     19860    0.00    0.40    0.00    0.00    0.40    14  srcpub
21:31:39     1000     19862    0.20    0.20    0.00    0.00    0.40     3  srcpub
21:31:39     1000     19863    0.00    0.40    0.00    0.00    0.40     6  srcpub
21:31:39     1000     19864    0.20    0.00    0.00    0.00    0.20     3  srcpub
21:31:39     1000     19865    0.20    0.40    0.00    0.00    0.60     7  srcpub
21:31:39     1000     19868    0.20    0.20    0.00    0.00    0.40     6  srcpub
21:31:39     1000     19874    0.20    0.20    0.00    0.00    0.40     9  srcpub
21:31:39     1000     19877    0.20    0.20    0.00    0.00    0.40    14  srcpub
21:31:39     1000     19878    0.00    0.40    0.00    0.00    0.40     0  srcpub
21:31:39     1000     19879    0.40    0.00    0.00    0.00    0.40    14  srcpub
21:31:39     1000     19881    0.00    0.40    0.00    0.00    0.40     5  srcpub
21:31:39     1000     19882    0.40    0.00    0.00    0.00    0.40    10  srcpub
21:31:39     1000     19884    0.00    0.40    0.00    0.00    0.40    11  srcpub
21:31:39     1000     19885    0.20    0.40    0.00    0.00    0.60     7  srcpub
21:31:39     1000     19886    0.40    0.20    0.00    0.00    0.60     6  srcpub
21:31:39     1000     19887    0.00    0.20    0.00    0.00    0.20     6  srcpub
21:31:39     1000     19894    0.20    0.40    0.00    0.00    0.60     5  srcpub
21:31:39      997     20086    0.60    0.40    0.00    0.00    1.00     7  ffmpeg
21:31:39      997     20088    0.80    0.20    0.00    0.00    1.00    13  ffmpeg
21:31:39      997     20089    0.40    0.00    0.00    0.00    0.40     7  ffmpeg
21:31:39      997     20090    0.40    0.20    0.00    0.00    0.60    12  ffmpeg
21:31:39      997     20091    0.40    0.20    0.00    0.00    0.60     2  ffmpeg
21:31:39      997     20092    0.20    0.20    0.00    0.00    0.40    11  ffmpeg
21:31:39      997     20093    0.20    0.40    0.00    0.00    0.60     4  ffmpeg
21:31:39      997     20094    0.40    0.20    0.00    0.00    0.60     8  ffmpeg
21:31:39      997     20095    0.40    0.00    0.00    0.00    0.40     6  ffmpeg
21:31:39      997     20098    0.40    0.20    0.00    0.00    0.60     5  ffmpeg
21:31:39      997     20100    0.20    0.00    0.00    0.00    0.20    14  ffmpeg
21:31:39      997     20101    0.40    0.20    0.00    0.00    0.60    13  ffmpeg
21:31:39      997     20102    0.40    0.20    0.00    0.00    0.60    12  ffmpeg
21:31:39      997     20103    0.20    0.20    0.00    0.00    0.40    14  ffmpeg
21:31:39      997     20104    0.40    0.00    0.00    0.00    0.40     1  ffmpeg
21:31:39      997     20105    0.20    0.20    0.00    0.00    0.40    14  ffmpeg

# Time        UID       PID    %usr %system  %guest   %wait    %CPU   CPU  Command
21:31:44     1000     19830    9.60    5.40    0.00    0.00   15.00    14  mediamtx
21:31:44     1000     19846    0.20    0.20    0.00    0.00    0.40     0  srcpub
21:31:44     1000     19847    0.20    0.20    0.00    0.20    0.40    10  srcpub
21:31:44     1000     19849    0.20    0.40    0.00    0.00    0.60    14  srcpub
21:31:44     1000     19850    0.20    0.20    0.00    0.00    0.40     1  srcpub
21:31:44     1000     19851    0.40    0.20    0.00    0.00    0.60    15  srcpub
21:31:44     1000     19853    0.20    0.20    0.00    0.00    0.40    13  srcpub
21:31:44     1000     19854    0.20    0.20    0.00    0.00    0.40    11  srcpub
21:31:44     1000     19855    0.20    0.40    0.00    0.00    0.60     0  srcpub
21:31:44     1000     19856    0.00    0.40    0.00    0.00    0.40     0  srcpub
21:31:44     1000     19857    0.40    0.20    0.00    0.00    0.60     6  srcpub
21:31:44     1000     19858    0.00    0.40    0.00    0.00    0.40     2  srcpub
21:31:44     1000     19860    0.20    0.40    0.00    0.00    0.60    14  srcpub
21:31:44     1000     19862    0.20    0.20    0.00    0.00    0.40     7  srcpub
21:31:44     1000     19863    0.20    0.20    0.00    0.00    0.40     7  srcpub
21:31:44     1000     19864    0.40    0.20    0.00    0.00    0.60     6  srcpub
21:31:44     1000     19865    0.00    0.20    0.00    0.00    0.20     7  srcpub
21:31:44     1000     19868    0.40    0.20    0.00    0.00    0.60     6  srcpub
21:31:44     1000     19874    0.20    0.00    0.00    0.00    0.20    10  srcpub
21:31:44     1000     19877    0.20    0.40    0.00    0.00    0.60     5  srcpub
21:31:44     1000     19878    0.20    0.20    0.00    0.00    0.40    15  srcpub
21:31:44     1000     19879    0.20    0.20    0.00    0.00    0.40    14  srcpub
21:31:44     1000     19881    0.20    0.40    0.00    0.00    0.60     8  srcpub
21:31:44     1000     19882    0.00    0.40    0.00    0.00    0.40     0  srcpub
21:31:44     1000     19884    0.20    0.20    0.00    0.00    0.40    11  srcpub
21:31:44     1000     19885    0.20    0.40    0.00    0.00    0.60     3  srcpub
21:31:44     1000     19886    0.20    0.20    0.00    0.00    0.40     4  srcpub
21:31:44     1000     19887    0.20    0.20    0.00    0.00    0.40    10  srcpub
21:31:44     1000     19894    0.40    0.20    0.00    0.00    0.60     4  srcpub
21:31:44      997     20086    0.80    0.40    0.00    0.00    1.20     5  ffmpeg
21:31:44      997     20088    0.60    0.20    0.00    0.00    0.80    15  ffmpeg
21:31:44      997     20089    0.20    0.20    0.00    0.00    0.40     7  ffmpeg
21:31:44      997     20090    0.20    0.00    0.00    0.00    0.20     9  ffmpeg
21:31:44      997     20091    0.20    0.00    0.00    0.00    0.20     3  ffmpeg
21:31:44      997     20092    0.40    0.20    0.00    0.00    0.60     9  ffmpeg
21:31:44      997     20093    0.20    0.20    0.00    0.00    0.40    12  ffmpeg
21:31:44      997     20094    0.20    0.00    0.00    0.00    0.20     4  ffmpeg
21:31:44      997     20095    0.20    0.20    0.00    0.00    0.40    12  ffmpeg
21:31:44      997     20098    0.20    0.20    0.00    0.00    0.40    15  ffmpeg
21:31:44      997     20100    0.40    0.20    0.00    0.00    0.60    14  ffmpeg
21:31:44      997     20101    0.20    0.20    0.00    0.00    0.40    13  ffmpeg
21:31:44      997     20102    0.40    0.20    0.00    0.00    0.60    13  ffmpeg
21:31:44      997     20103    0.40    0.20    0.00    0.00    0.60    14  ffmpeg
21:31:44      997     20104    0.40    0.20    0.00    0.00    0.60     1  ffmpeg
21:31:44      997     20105    0.40    0.20    0.00    0.00    0.60    14  ffmpeg

# Time        UID       PID    %usr %system  %guest   %wait    %CPU   CPU  Command
21:31:49     1000     19830    9.40    6.00    0.00    0.00   15.40    14  mediamtx
21:31:49     1000     19846    0.20    0.40    0.00    0.00    0.60    14  srcpub
21:31:49     1000     19847    0.20    0.40    0.00    0.00    0.60    15  srcpub
21:31:49     1000     19849    0.20    0.20    0.00    0.00    0.40     0  srcpub
21:31:49     1000     19850    0.20    0.20    0.00    0.00    0.40     3  srcpub
21:31:49     1000     19851    0.20    0.00    0.00    0.00    0.20     1  srcpub
21:31:49     1000     19853    0.20    0.40    0.00    0.00    0.60    13  srcpub
21:31:49     1000     19854    0.20    0.20    0.00    0.00    0.40    12  srcpub
21:31:49     1000     19855    0.00    0.20    0.00    0.00    0.20    14  srcpub
21:31:49     1000     19856    0.00    0.40    0.00    0.00    0.40    12  srcpub
21:31:49     1000     19857    0.20    0.20    0.00    0.00    0.40     7  srcpub
21:31:49     1000     19858    0.40    0.00    0.00    0.00    0.40     3  srcpub
21:31:49     1000     19860    0.00    0.20    0.00    0.00    0.20    13  srcpub
21:31:49     1000     19862    0.00    0.40    0.00    0.00    0.40     6  srcpub
21:31:49     1000     19863    0.20    0.40    0.00    0.00    0.60     6  srcpub
21:31:49     1000     19864    0.20    0.00    0.00    0.00    0.20     4  srcpub
21:31:49     1000     19865    0.20    0.20    0.00    0.00    0.40     6  srcpub
21:31:49     1000     19868    0.20    0.20    0.00    0.00    0.40    11  srcpub
21:31:49     1000     19874    0.20    0.00    0.00    0.00    0.20    11  srcpub
21:31:49     1000     19877    0.20    0.20    0.00    0.00    0.40    11  srcpub
21:31:49     1000     19878    0.20    0.40    0.00    0.00    0.60     0  srcpub
21:31:49     1000     19879    0.20    0.20    0.00    0.00    0.40    14  srcpub
21:31:49     1000     19881    0.20    0.20    0.00    0.00    0.40     5  srcpub
21:31:49     1000     19882    0.00    0.20    0.00    0.00    0.20    13  srcpub
21:31:49     1000     19884    0.40    0.20    0.00    0.00    0.60    11  srcpub
21:31:49     1000     19885    0.00    0.40    0.00    0.00    0.40     7  srcpub
21:31:49     1000     19886    0.20    0.20    0.00    0.00    0.40     6  srcpub
21:31:49     1000     19887    0.20    0.20    0.00    0.00    0.40     9  srcpub
21:31:49     1000     19894    0.20    0.20    0.00    0.00    0.40     4  srcpub
21:31:49      997     20086    0.60    0.40    0.00    0.00    1.00     4  ffmpeg
21:31:49      997     20088    0.80    0.20    0.00    0.00    1.00    15  ffmpeg
21:31:49      997     20089    0.40    0.20    0.00    0.00    0.60     1  ffmpeg
21:31:49      997     20090    0.40    0.20    0.00    0.00    0.60     9  ffmpeg
21:31:49      997     20091    0.40    0.20    0.00    0.00    0.60     3  ffmpeg
21:31:49      997     20092    0.20    0.40    0.00    0.00    0.60    12  ffmpeg
21:31:49      997     20093    0.20    0.20    0.00    0.00    0.40    10  ffmpeg
21:31:49      997     20094    0.20    0.20    0.00    0.00    0.40     0  ffmpeg
21:31:49      997     20095    0.40    0.00    0.00    0.00    0.40    12  ffmpeg
21:31:49      997     20098    0.40    0.00    0.00    0.00    0.40     9  ffmpeg
21:31:49      997     20100    0.40    0.00    0.00    0.00    0.40    14  ffmpeg
21:31:49      997     20101    0.40    0.00    0.00    0.00    0.40    14  ffmpeg
21:31:49      997     20102    0.20    0.20    0.00    0.00    0.40    12  ffmpeg
21:31:49      997     20103    0.20    0.00    0.00    0.00    0.20     8  ffmpeg
21:31:49      997     20104    0.20    0.20    0.00    0.00    0.40     2  ffmpeg
21:31:49      997     20105    0.20    0.20    0.00    0.00    0.40     0  ffmpeg

# Time        UID       PID    %usr %system  %guest   %wait    %CPU   CPU  Command
21:31:54     1000     19830    8.20    6.60    0.00    0.00   14.80    14  mediamtx
21:31:54     1000     19846    0.20    0.20    0.00    0.20    0.40    14  srcpub
21:31:54     1000     19847    0.20    0.20    0.00    0.00    0.40    15  srcpub
21:31:54     1000     19849    0.20    0.40    0.00    0.00    0.60    14  srcpub
21:31:54     1000     19850    0.40    0.20    0.00    0.00    0.60     6  srcpub
21:31:54     1000     19851    0.40    0.40    0.00    0.00    0.80     1  srcpub
21:31:54     1000     19853    0.40    0.20    0.00    0.00    0.60    13  srcpub
21:31:54     1000     19854    0.20    0.00    0.00    0.00    0.20     8  srcpub
21:31:54     1000     19855    0.20    0.40    0.00    0.00    0.60     0  srcpub
21:31:54     1000     19856    0.20    0.00    0.00    0.00    0.20    12  srcpub
21:31:54     1000     19857    0.40    0.20    0.00    0.00    0.60     6  srcpub
21:31:54     1000     19858    0.00    0.20    0.00    0.00    0.20     9  srcpub
21:31:54     1000     19860    0.20    0.20    0.00    0.00    0.40    14  srcpub
21:31:54     1000     19862    0.20    0.20    0.00    0.00    0.40    13  srcpub
21:31:54     1000     19863    0.20    0.40    0.00    0.00    0.60     4  srcpub
21:31:54     1000     19864    0.20    0.00    0.00    0.00    0.20     1  srcpub
21:31:54     1000     19865    0.20    0.40    0.00    0.00    0.60     7  srcpub
21:31:54     1000     19868    0.40    0.20    0.00    0.00    0.60    11  srcpub
21:31:54     1000     19874    0.20    0.20    0.00    0.00    0.40    11  srcpub
21:31:54     1000     19877    0.20    0.40    0.00    0.00    0.60    11  srcpub
21:31:54     1000     19878    0.20    0.20    0.00    0.00    0.40     0  srcpub
21:31:54     1000     19879    0.20    0.20    0.00    0.00    0.40     0  srcpub
21:31:54     1000     19881    0.00    0.40    0.00    0.00    0.40     4  srcpub
21:31:54     1000     19882    0.20    0.20    0.00    0.00    0.40     7  srcpub
21:31:54     1000     19884    0.20    0.20    0.00    0.00    0.40    11  srcpub
21:31:54     1000     19885    0.20    0.40    0.00    0.00    0.60     7  srcpub
21:31:54     1000     19886    0.40    0.20    0.00    0.00    0.60     6  srcpub
21:31:54     1000     19887    0.20    0.20    0.00    0.00    0.40     4  srcpub
21:31:54     1000     19894    0.40    0.40    0.00    0.00    0.80     6  srcpub
21:31:54      997     20086    0.60    0.40    0.00    0.00    1.00     4  ffmpeg
21:31:54      997     20088    0.80    0.40    0.00    0.00    1.20     3  ffmpeg
21:31:54      997     20089    0.20    0.20    0.00    0.00    0.40    12  ffmpeg
21:31:54      997     20090    0.20    0.20    0.00    0.00    0.40    11  ffmpeg
21:31:54      997     20091    0.20    0.20    0.00    0.00    0.40     3  ffmpeg
21:31:54      997     20092    0.40    0.00    0.00    0.00    0.40     0  ffmpeg
21:31:54      997     20093    0.20    0.20    0.00    0.00    0.40     0  ffmpeg
21:31:54      997     20094    0.40    0.20    0.00    0.00    0.60     2  ffmpeg
21:31:54      997     20095    0.20    0.20    0.00    0.20    0.40     3  ffmpeg
21:31:54      997     20098    0.40    0.20    0.00    0.00    0.60    15  ffmpeg
21:31:54      997     20100    0.40    0.20    0.00    0.00    0.60     2  ffmpeg
21:31:54      997     20101    0.40    0.20    0.00    0.00    0.60     0  ffmpeg
21:31:54      997     20102    0.40    0.00    0.00    0.00    0.40    12  ffmpeg
21:31:54      997     20103    0.40    0.20    0.00    0.00    0.60     9  ffmpeg
21:31:54      997     20104    0.40    0.00    0.00    0.00    0.40     1  ffmpeg
21:31:54      997     20105    0.40    0.20    0.00    0.00    0.60     0  ffmpeg

# Time        UID       PID    %usr %system  %guest   %wait    %CPU   CPU  Command
21:31:59     1000     19830    8.38    5.99    0.00    0.00   14.37    14  mediamtx
21:31:59     1000     19846    0.20    0.40    0.00    0.00    0.60    14  srcpub
21:31:59     1000     19847    0.20    0.40    0.00    0.00    0.60    15  srcpub
21:31:59     1000     19849    0.20    0.20    0.00    0.00    0.40     6  srcpub
21:31:59     1000     19850    0.20    0.20    0.00    0.00    0.40    12  srcpub
21:31:59     1000     19851    0.00    0.20    0.00    0.00    0.20     3  srcpub
21:31:59     1000     19853    0.40    0.20    0.00    0.00    0.60    13  srcpub
21:31:59     1000     19854    0.00    0.20    0.00    0.00    0.20     8  srcpub
21:31:59     1000     19855    0.00    0.20    0.00    0.00    0.20    14  srcpub
21:31:59     1000     19856    0.20    0.40    0.00    0.00    0.60    15  srcpub
21:31:59     1000     19857    0.40    0.20    0.00    0.00    0.60     5  srcpub
21:31:59     1000     19858    0.40    0.00    0.00    0.00    0.40    13  srcpub
21:31:59     1000     19860    0.40    0.20    0.00    0.00    0.60    14  srcpub
21:31:59     1000     19862    0.20    0.20    0.00    0.00    0.40    11  srcpub
21:31:59     1000     19863    0.40    0.20    0.00    0.00    0.60     4  srcpub
21:31:59     1000     19864    0.40    0.00    0.00    0.00    0.40     7  srcpub
21:31:59     1000     19865    0.20    0.20    0.00    0.00    0.40    13  srcpub
21:31:59     1000     19868    0.20    0.40    0.00    0.00    0.60     7  srcpub
21:31:59     1000     19874    0.20    0.20    0.00    0.00    0.40    10  srcpub
21:31:59     1000     19877    0.20    0.20    0.00    0.00    0.40    15  srcpub
21:31:59     1000     19878    0.20    0.40    0.00    0.00    0.60     0  srcpub
21:31:59     1000     19879    0.00    0.40    0.00    0.00    0.40     0  srcpub
21:31:59     1000     19881    0.20    0.20    0.00    0.00    0.40     5  srcpub
21:31:59     1000     19882    0.20    0.00    0.00    0.00    0.20     3  srcpub
21:31:59     1000     19884    0.20    0.40    0.00    0.00    0.60     5  srcpub
21:31:59     1000     19885    0.00    0.20    0.00    0.00    0.20     3  srcpub
21:31:59     1000     19886    0.00    0.40    0.00    0.00    0.40     7  srcpub
21:31:59     1000     19887    0.20    0.20    0.00    0.00    0.40     7  srcpub
21:31:59     1000     19894    0.20    0.20    0.00    0.00    0.40     6  srcpub
21:31:59      997     20086    0.60    0.20    0.00    0.00    0.80    13  ffmpeg
21:31:59      997     20088    0.60    0.40    0.00    0.00    1.00     7  ffmpeg
21:31:59      997     20089    0.40    0.20    0.00    0.00    0.60     0  ffmpeg
21:31:59      997     20090    0.20    0.20    0.00    0.00    0.40    11  ffmpeg
21:31:59      997     20091    0.20    0.20    0.00    0.00    0.40     1  ffmpeg
21:31:59      997     20092    0.20    0.20    0.00    0.00    0.40     0  ffmpeg
21:31:59      997     20093    0.20    0.20    0.00    0.00    0.40     3  ffmpeg
21:31:59      997     20094    0.20    0.00    0.00    0.00    0.20     1  ffmpeg
21:31:59      997     20095    0.40    0.20    0.00    0.00    0.60     6  ffmpeg
21:31:59      997     20098    0.20    0.20    0.00    0.00    0.40     4  ffmpeg
21:31:59      997     20100    0.20    0.20    0.00    0.00    0.40    15  ffmpeg
21:31:59      997     20101    0.20    0.00    0.00    0.00    0.20    13  ffmpeg
21:31:59      997     20102    0.20    0.20    0.00    0.00    0.40    12  ffmpeg
21:31:59      997     20103    0.40    0.20    0.00    0.00    0.60     9  ffmpeg
21:31:59      997     20104    0.20    0.20    0.00    0.00    0.40    10  ffmpeg
21:31:59      997     20105    0.00    0.20    0.00    0.00    0.20     9  ffmpeg

# Time        UID       PID    %usr %system  %guest   %wait    %CPU   CPU  Command
21:32:04     1000     19830    9.20    6.40    0.00    0.00   15.60    14  mediamtx
21:32:04     1000     19846    0.20    0.20    0.00    0.00    0.40    13  srcpub
21:32:04     1000     19847    0.20    0.20    0.00    0.00    0.40     1  srcpub
21:32:04     1000     19849    0.20    0.20    0.00    0.00    0.40    13  srcpub
21:32:04     1000     19850    0.40    0.00    0.00    0.00    0.40     6  srcpub
21:32:04     1000     19851    0.20    0.20    0.00    0.00    0.40    15  srcpub
21:32:04     1000     19853    0.20    0.20    0.00    0.00    0.40     7  srcpub
21:32:04     1000     19854    0.20    0.00    0.00    0.00    0.20    13  srcpub
21:32:04     1000     19855    0.20    0.40    0.00    0.00    0.60    15  srcpub
21:32:04     1000     19856    0.00    0.20    0.00    0.00    0.20    11  srcpub
21:32:04     1000     19857    0.40    0.00    0.00    0.00    0.40     7  srcpub
21:32:04     1000     19858    0.20    0.20    0.00    0.00    0.40    10  srcpub
21:32:04     1000     19860    0.00    0.40    0.00    0.00    0.40     1  srcpub
21:32:04     1000     19862    0.00    0.40    0.00    0.00    0.40    14  srcpub
21:32:04     1000     19863    0.00    0.60    0.00    0.00    0.60     0  srcpub
21:32:04     1000     19864    0.20    0.20    0.00    0.00    0.40     6  srcpub
21:32:04     1000     19865    0.00    0.40    0.00    0.00    0.40    13  srcpub
21:32:04     1000     19868    0.20    0.20    0.00    0.00    0.40     6  srcpub
21:32:04     1000     19877    0.20    0.40    0.00    0.00    0.60    13  srcpub
21:32:04     1000     19878    0.20    0.20    0.00    0.00    0.40     5  srcpub
21:32:04     1000     19879    0.20    0.20    0.00    0.00    0.40     1  srcpub
21:32:04     1000     19881    0.40    0.00    0.00    0.00    0.40     7  srcpub
21:32:04     1000     19882    0.20    0.20    0.00    0.00    0.40     9  srcpub
21:32:04     1000     19884    0.20    0.20    0.00    0.00    0.40     4  srcpub
21:32:04     1000     19885    0.20    0.60    0.00    0.00    0.80     0  srcpub
21:32:04     1000     19886    0.40    0.00    0.00    0.00    0.40     8  srcpub
21:32:04     1000     19887    0.20    0.20    0.00    0.00    0.40    15  srcpub
21:32:04     1000     19894    0.20    0.40    0.00    0.00    0.60     6  srcpub
21:32:04      997     20086    0.80    0.40    0.00    0.20    1.20     8  ffmpeg
21:32:04      997     20088    0.60    0.40    0.00    0.20    1.00    15  ffmpeg
21:32:04      997     20089    0.20    0.00    0.00    0.00    0.20     7  ffmpeg
21:32:04      997     20090    0.40    0.20    0.00    0.00    0.60     2  ffmpeg
21:32:04      997     20091    0.40    0.20    0.00    0.00    0.60     0  ffmpeg
21:32:04      997     20092    0.20    0.20    0.00    0.00    0.40     9  ffmpeg
21:32:04      997     20093    0.40    0.20    0.00    0.00    0.60     7  ffmpeg
21:32:04      997     20094    0.20    0.40    0.00    0.00    0.60     2  ffmpeg
21:32:04      997     20095    0.40    0.00    0.00    0.00    0.40    15  ffmpeg
21:32:04      997     20098    0.20    0.20    0.00    0.00    0.40    15  ffmpeg
21:32:04      997     20100    0.20    0.20    0.00    0.00    0.40     7  ffmpeg
21:32:04      997     20101    0.40    0.20    0.00    0.00    0.60     2  ffmpeg
21:32:04      997     20102    0.40    0.20    0.00    0.00    0.60     6  ffmpeg
21:32:04      997     20103    0.40    0.00    0.00    0.00    0.40    10  ffmpeg
21:32:04      997     20104    0.40    0.00    0.00    0.00    0.40    11  ffmpeg
21:32:04      997     20105    0.20    0.40    0.00    0.00    0.60    15  ffmpeg

# Time        UID       PID    %usr %system  %guest   %wait    %CPU   CPU  Command
21:32:09     1000     19830    8.80    5.80    0.00    0.00   14.60    14  mediamtx
21:32:09     1000     19846    0.40    0.20    0.00    0.00    0.60     4  srcpub
21:32:09     1000     19847    0.40    0.20    0.00    0.00    0.60    10  srcpub
21:32:09     1000     19849    0.20    0.40    0.00    0.00    0.60     0  srcpub
21:32:09     1000     19850    0.20    0.20    0.00    0.00    0.40     6  srcpub
21:32:09     1000     19851    0.40    0.20    0.00    0.00    0.60    15  srcpub
21:32:09     1000     19853    0.20    0.40    0.00    0.00    0.60     6  srcpub
21:32:09     1000     19854    0.20    0.20    0.00    0.00    0.40    10  srcpub
21:32:09     1000     19855    0.00    0.20    0.00    0.00    0.20     2  srcpub
21:32:09     1000     19856    0.20    0.40    0.00    0.00    0.60    11  srcpub
21:32:09     1000     19857    0.40    0.20    0.00    0.00    0.60     3  srcpub
21:32:09     1000     19858    0.20    0.20    0.00    0.00    0.40    13  srcpub
21:32:09     1000     19860    0.00    0.20    0.00    0.00    0.20    15  srcpub
21:32:09     1000     19862    0.20    0.20    0.00    0.00    0.40    11  srcpub
21:32:09     1000     19863    0.20    0.40    0.00    0.00    0.60     0  srcpub
21:32:09     1000     19864    0.40    0.00    0.00    0.00    0.40     4  srcpub
21:32:09     1000     19865    0.20    0.20    0.00    0.00    0.40    12  srcpub
21:32:09     1000     19868    0.40    0.20    0.00    0.00    0.60     3  srcpub
21:32:09     1000     19874    0.20    0.20    0.00    0.00    0.40    11  srcpub
21:32:09     1000     19877    0.20    0.20    0.00    0.00    0.40    13  srcpub
21:32:09     1000     19878    0.20    0.40    0.00    0.00    0.60    10  srcpub
21:32:09     1000     19879    0.20    0.00    0.00    0.00    0.20     2  srcpub
21:32:09     1000     19881    0.20    0.40    0.00    0.00    0.60     4  srcpub
21:32:09     1000     19882    0.20    0.20    0.00    0.00    0.40     4  srcpub
21:32:09     1000     19884    0.40    0.20    0.00    0.00    0.60     7  srcpub
21:32:09     1000     19885    0.20    0.20    0.00    0.00    0.40     6  srcpub
21:32:09     1000     19886    0.20    0.40    0.00    0.00    0.60     7  srcpub
21:32:09     1000     19887    0.20    0.20    0.00    0.00    0.40    15  srcpub
21:32:09     1000     19894    0.20    0.20    0.00    0.00    0.40     8  srcpub
21:32:09      997     20086    0.60    0.40    0.00    0.00    1.00    14  ffmpeg
21:32:09      997     20088    0.60    0.40    0.00    0.00    1.00    15  ffmpeg
21:32:09      997     20089    0.20    0.20    0.00    0.00    0.40     8  ffmpeg
21:32:09      997     20090    0.40    0.00    0.00    0.00    0.40     3  ffmpeg
21:32:09      997     20091    0.40    0.00    0.00    0.00    0.40     1  ffmpeg
21:32:09      997     20092    0.40    0.00    0.00    0.00    0.40     0  ffmpeg
21:32:09      997     20093    0.20    0.20    0.00    0.00    0.40     0  ffmpeg
21:32:09      997     20094    0.40    0.00    0.00    0.00    0.40     2  ffmpeg
21:32:09      997     20095    0.20    0.20    0.00    0.00    0.40    14  ffmpeg
21:32:09      997     20098    0.40    0.00    0.00    0.00    0.40    14  ffmpeg
21:32:09      997     20100    0.20    0.20    0.00    0.00    0.40     8  ffmpeg
21:32:09      997     20101    0.20    0.20    0.00    0.00    0.40     7  ffmpeg
21:32:09      997     20102    0.20    0.20    0.00    0.00    0.40     6  ffmpeg
21:32:09      997     20103    0.20    0.20    0.00    0.00    0.40    12  ffmpeg
21:32:09      997     20104    0.20    0.20    0.00    0.00    0.40     2  ffmpeg
21:32:09      997     20105    0.40    0.00    0.00    0.00    0.40    15  ffmpeg

# Time        UID       PID    %usr %system  %guest   %wait    %CPU   CPU  Command
21:32:14     1000     19830    8.40    6.80    0.00    0.00   15.20    14  mediamtx
21:32:14     1000     19846    0.20    0.20    0.00    0.00    0.40     0  srcpub
21:32:14     1000     19847    0.20    0.20    0.00    0.00    0.40     1  srcpub
21:32:14     1000     19849    0.00    0.20    0.00    0.00    0.20     0  srcpub
21:32:14     1000     19850    0.40    0.20    0.00    0.00    0.60     4  srcpub
21:32:14     1000     19851    0.20    0.20    0.00    0.00    0.40     8  srcpub
21:32:14     1000     19853    0.20    0.20    0.00    0.00    0.40     5  srcpub
21:32:14     1000     19854    0.20    0.20    0.00    0.00    0.40    15  srcpub
21:32:14     1000     19855    0.20    0.40    0.00    1.00    0.60     0  srcpub
21:32:14     1000     19856    0.40    0.00    0.00    0.00    0.40    11  srcpub
21:32:14     1000     19857    0.40    0.20    0.00    0.00    0.60     4  srcpub
21:32:14     1000     19858    0.20    0.20    0.00    0.00    0.40     0  srcpub
21:32:14     1000     19860    0.20    0.20    0.00    0.00    0.40    14  srcpub
21:32:14     1000     19862    0.20    0.20    0.00    0.00    0.40    11  srcpub
21:32:14     1000     19863    0.20    0.20    0.00    0.00    0.40     0  srcpub
21:32:14     1000     19864    0.20    0.00    0.00    0.00    0.20     2  srcpub
21:32:14     1000     19865    0.20    0.20    0.00    0.00    0.40    12  srcpub
21:32:14     1000     19868    0.20    0.20    0.00    0.00    0.40     4  srcpub
21:32:14     1000     19874    0.20    0.20    0.00    0.00    0.40    15  srcpub
21:32:14     1000     19877    0.40    0.20    0.00    0.00    0.60    13  srcpub
21:32:14     1000     19878    0.20    0.20    0.00    0.00    0.40     9  srcpub
21:32:14     1000     19879    0.20    0.20    0.00    0.00    0.40     1  srcpub
21:32:14     1000     19881    0.20    0.20    0.00    0.00    0.40     7  srcpub
21:32:14     1000     19882    0.20    0.20    0.00    0.00    0.40     9  srcpub
21:32:14     1000     19884    0.00    0.40    0.00    0.00    0.40     7  srcpub
21:32:14     1000     19885    0.20    0.40    0.00    0.00    0.60     7  srcpub
21:32:14     1000     19886    0.20    0.20    0.00    0.00    0.40     7  srcpub
21:32:14     1000     19887    0.20    0.20    0.00    0.00    0.40    13  srcpub
21:32:14     1000     19894    0.40    0.40    0.00    0.00    0.80     6  srcpub
21:32:14      997     20086    0.80    0.20    0.00    0.00    1.00     6  ffmpeg
21:32:14      997     20088    0.80    0.40    0.00    0.00    1.20     5  ffmpeg
21:32:14      997     20089    0.40    0.20    0.00    0.00    0.60     0  ffmpeg
21:32:14      997     20090    0.20    0.20    0.00    0.00    0.40     7  ffmpeg
21:32:14      997     20091    0.20    0.20    0.00    0.00    0.40    11  ffmpeg
21:32:14      997     20092    0.20    0.20    0.00    0.00    0.40     1  ffmpeg
21:32:14      997     20093    0.20    0.20    0.00    0.00    0.40     6  ffmpeg
21:32:14      997     20094    0.20    0.20    0.00    0.00    0.40    10  ffmpeg
21:32:14      997     20095    0.40    0.20    0.00    0.00    0.60    14  ffmpeg
21:32:14      997     20098    0.20    0.20    0.00    0.00    0.40    15  ffmpeg
21:32:14      997     20100    0.40    0.20    0.00    0.00    0.60     9  ffmpeg
21:32:14      997     20101    0.40    0.20    0.00    0.00    0.60     8  ffmpeg
21:32:14      997     20102    0.40    0.20    0.00    0.00    0.60     6  ffmpeg
21:32:14      997     20103    0.40    0.20    0.00    0.00    0.60    10  ffmpeg
21:32:14      997     20104    0.40    0.00    0.00    0.00    0.40    11  ffmpeg
21:32:14      997     20105    0.20    0.20    0.00    0.00    0.40     2  ffmpeg

# Time        UID       PID    %usr %system  %guest   %wait    %CPU   CPU  Command
21:32:19     1000     19830    8.60    5.60    0.00    0.00   14.20    14  mediamtx
21:32:19     1000     19846    0.20    0.40    0.00    0.00    0.60     0  srcpub
21:32:19     1000     19847    0.20    0.20    0.00    0.00    0.40     1  srcpub
21:32:19     1000     19849    0.20    0.60    0.00    0.00    0.80     0  srcpub
21:32:19     1000     19850    0.20    0.20    0.00    0.00    0.40     7  srcpub
21:32:19     1000     19851    0.40    0.20    0.00    0.00    0.60     5  srcpub
21:32:19     1000     19853    0.20    0.40    0.00    0.00    0.60     6  srcpub
21:32:19     1000     19854    0.20    0.20    0.00    0.00    0.40     0  srcpub
21:32:19     1000     19855    0.00    0.40    0.00    0.00    0.40     9  srcpub
21:32:19     1000     19856    0.00    0.20    0.00    0.00    0.20    15  srcpub
21:32:19     1000     19857    0.40    0.00    0.00    0.00    0.40     5  srcpub
21:32:19     1000     19858    0.20    0.20    0.00    0.00    0.40     0  srcpub
21:32:19     1000     19860    0.20    0.40    0.00    0.00    0.60    13  srcpub
21:32:19     1000     19862    0.40    0.00    0.00    0.00    0.40    14  srcpub
21:32:19     1000     19863    0.40    0.20    0.00    0.00    0.60    15  srcpub
21:32:19     1000     19864    0.40    0.20    0.00    0.00    0.60     7  srcpub
21:32:19     1000     19865    0.20    0.40    0.00    0.00    0.60    13  srcpub
21:32:19     1000     19868    0.40    0.20    0.00    0.00    0.60     7  srcpub
21:32:19     1000     19874    0.00    0.20    0.00    0.00    0.20    15  srcpub
21:32:19     1000     19877    0.20    0.40    0.00    0.00    0.60    11  srcpub
21:32:19     1000     19878    0.40    0.20    0.00    0.00    0.60     9  srcpub
21:32:19     1000     19879    0.20    0.20    0.00    0.00    0.40     9  srcpub
21:32:19     1000     19881    0.20    0.40    0.00    0.00    0.60     4  srcpub
21:32:19     1000     19882    0.20    0.20    0.00    0.00    0.40     9  srcpub
21:32:19     1000     19884    0.40    0.20    0.00    0.00    0.60     3  srcpub
21:32:19     1000     19885    0.20    0.20    0.00    0.00    0.40     6  srcpub
21:32:19     1000     19886    0.20    0.20    0.00    0.00    0.40     7  srcpub
21:32:19     1000     19887    0.20    0.20    0.00    0.00    0.40     6  srcpub
21:32:19     1000     19894    0.00    0.20    0.00    0.00    0.20     8  srcpub
21:32:19      997     20086    0.60    0.40    0.00    0.00    1.00    14  ffmpeg
21:32:19      997     20088    0.60    0.20    0.00    0.00    0.80     5  ffmpeg
21:32:19      997     20089    0.20    0.20    0.00    0.00    0.40     7  ffmpeg
21:32:19      997     20090    0.20    0.20    0.00    0.00    0.40     3  ffmpeg
21:32:19      997     20091    0.40    0.00    0.00    0.00    0.40    11  ffmpeg
21:32:19      997     20092    0.40    0.20    0.00    0.00    0.60     2  ffmpeg
21:32:19      997     20093    0.20    0.20    0.00    0.00    0.40     6  ffmpeg
21:32:19      997     20094    0.20    0.20    0.00    0.00    0.40    10  ffmpeg
21:32:19      997     20095    0.20    0.20    0.00    0.00    0.40     1  ffmpeg
21:32:19      997     20098    0.40    0.00    0.00    0.00    0.40    14  ffmpeg
21:32:19      997     20100    0.20    0.20    0.00    0.00    0.40     9  ffmpeg
21:32:19      997     20101    0.20    0.20    0.00    0.00    0.40     7  ffmpeg
21:32:19      997     20102    0.20    0.20    0.00    0.00    0.40     3  ffmpeg
21:32:19      997     20103    0.20    0.00    0.00    0.00    0.20    12  ffmpeg
21:32:19      997     20104    0.40    0.20    0.00    0.00    0.60    11  ffmpeg
21:32:19      997     20105    0.20    0.20    0.00    0.00    0.40     2  ffmpeg

# Time        UID       PID    %usr %system  %guest   %wait    %CPU   CPU  Command
21:32:24     1000     19830    9.40    5.80    0.00    0.00   15.20    14  mediamtx
21:32:24     1000     19846    0.40    0.20    0.00    0.00    0.60     0  srcpub
21:32:24     1000     19847    0.20    0.40    0.00    0.00    0.60     2  srcpub
21:32:24     1000     19849    0.20    0.20    0.00    0.00    0.40     2  srcpub
21:32:24     1000     19850    0.20    0.20    0.00    0.00    0.40     7  srcpub
21:32:24     1000     19851    0.00    0.40    0.00    0.00    0.40     7  srcpub
21:32:24     1000     19853    0.20    0.20    0.00    0.00    0.40     6  srcpub
21:32:24     1000     19854    0.00    0.20    0.00    0.00    0.20    15  srcpub
21:32:24     1000     19855    0.20    0.20    0.00    0.00    0.40     2  srcpub
21:32:24     1000     19856    0.00    0.40    0.00    0.00    0.40     3  srcpub
21:32:24     1000     19857    0.20    0.20    0.00    0.00    0.40     4  srcpub
21:32:24     1000     19858    0.20    0.20    0.00    0.00    0.40     0  srcpub
21:32:24     1000     19860    0.20    0.20    0.00    0.00    0.40     9  srcpub
21:32:24     1000     19862    0.40    0.00    0.00    0.00    0.40    15  srcpub
21:32:24     1000     19863    0.00    0.40    0.00    0.00    0.40    15  srcpub
21:32:24     1000     19864    0.20    0.00    0.00    0.00    0.20     3  srcpub
21:32:24     1000     19865    0.20    0.20    0.00    0.00    0.40    12  srcpub
21:32:24     1000     19868    0.20    0.40    0.00    0.00    0.60     7  srcpub
21:32:24     1000     19874    0.20    0.00    0.00    0.00    0.20    13  srcpub
21:32:24     1000     19877    0.20    0.20    0.00    0.00    0.40    11  srcpub
21:32:24     1000     19878    0.20    0.40    0.00    0.00    0.60     9  srcpub
21:32:24     1000     19879    0.20    0.20    0.00    0.00    0.40     9  srcpub
21:32:24     1000     19881    0.00    0.20    0.00    0.00    0.20     7  srcpub
21:32:24     1000     19882    0.20    0.20    0.00    0.00    0.40    13  srcpub
21:32:24     1000     19884    0.20    0.20    0.00    0.00    0.40     6  srcpub
21:32:24     1000     19885    0.00    0.40    0.00    0.00    0.40     8  srcpub
21:32:24     1000     19886    0.20    0.20    0.00    0.00    0.40     0  srcpub
21:32:24     1000     19887    0.00    0.20    0.00    0.00    0.20     6  srcpub
21:32:24     1000     19894    0.20    0.40    0.00    0.00    0.60     8  srcpub
21:32:24      997     20086    0.60    0.20    0.00    0.00    0.80     0  ffmpeg
21:32:24      997     20088    0.80    0.40    0.00    0.00    1.20     3  ffmpeg
21:32:24      997     20089    0.40    0.20    0.00    0.00    0.60     6  ffmpeg
21:32:24      997     20090    0.20    0.20    0.00    0.00    0.40     0  ffmpeg
21:32:24      997     20091    0.20    0.20    0.00    0.00    0.40     3  ffmpeg
21:32:24      997     20092    0.20    0.20    0.00    0.00    0.40     3  ffmpeg
21:32:24      997     20093    0.20    0.20    0.00    0.00    0.40     9  ffmpeg
21:32:24      997     20094    0.20    0.20    0.00    0.00    0.40    10  ffmpeg
21:32:24      997     20095    0.20    0.20    0.00    0.00    0.40    14  ffmpeg
21:32:24      997     20098    0.40    0.20    0.00    0.00    0.60    14  ffmpeg
21:32:24      997     20100    0.40    0.00    0.00    0.00    0.40     4  ffmpeg
21:32:24      997     20101    0.40    0.00    0.00    0.00    0.40     7  ffmpeg
21:32:24      997     20102    0.20    0.20    0.00    0.00    0.40    14  ffmpeg
21:32:24      997     20103    0.20    0.20    0.00    0.00    0.40    12  ffmpeg
21:32:24      997     20104    0.20    0.20    0.00    0.00    0.40    11  ffmpeg
21:32:24      997     20105    0.40    0.00    0.00    0.00    0.40     4  ffmpeg

# Time        UID       PID    %usr %system  %guest   %wait    %CPU   CPU  Command
21:32:29     1000     19830    8.80    6.00    0.00    0.00   14.80    14  mediamtx
21:32:29     1000     19846    0.20    0.20    0.00    0.00    0.40     0  srcpub
21:32:29     1000     19847    0.20    0.20    0.00    0.00    0.40     2  srcpub
21:32:29     1000     19849    0.20    0.20    0.00    0.00    0.40    14  srcpub
21:32:29     1000     19850    0.40    0.20    0.00    0.00    0.60    12  srcpub
21:32:29     1000     19851    0.40    0.20    0.00    0.00    0.60    10  srcpub
21:32:29     1000     19853    0.20    0.40    0.00    0.00    0.60     6  srcpub
21:32:29     1000     19854    0.20    0.00    0.00    0.00    0.20    15  srcpub
21:32:29     1000     19855    0.00    0.40    0.00    0.00    0.40     9  srcpub
21:32:29     1000     19856    0.20    0.20    0.00    0.00    0.40     6  srcpub
21:32:29     1000     19857    0.40    0.20    0.00    0.00    0.60     5  srcpub
21:32:29     1000     19858    0.20    0.20    0.00    0.00    0.40     1  srcpub
21:32:29     1000     19860    0.20    0.00    0.00    0.00    0.20     0  srcpub
21:32:29     1000     19862    0.20    0.40    0.00    0.00    0.60     0  srcpub
21:32:29     1000     19863    0.40    0.40    0.00    0.00    0.80    15  srcpub
21:32:29     1000     19864    0.40    0.00    0.00    0.00    0.40     4  srcpub
21:32:29     1000     19865    0.20    0.20    0.00    0.00    0.40    13  srcpub
21:32:29     1000     19868    0.40    0.20    0.00    0.00    0.60     4  srcpub
21:32:29     1000     19874    0.20    0.20    0.00    0.00    0.40    13  srcpub
21:32:29     1000     19877    0.20    0.20    0.00    0.00    0.40    13  srcpub
21:32:29     1000     19878    0.20    0.20    0.00    0.00    0.40     9  srcpub
21:32:29     1000     19879    0.20    0.00    0.00    0.00    0.20     9  srcpub
21:32:29     1000     19881    0.20    0.20    0.00    0.00    0.40     7  srcpub
21:32:29     1000     19882    0.00    0.20    0.00    0.00    0.20    13  srcpub
21:32:29     1000     19884    0.20    0.40    0.00    0.00    0.60     6  srcpub
21:32:29     1000     19885    0.20    0.20    0.00    0.00    0.40     7  srcpub
21:32:29     1000     19886    0.20    0.40    0.00    0.00    0.60     0  srcpub
21:32:29     1000     19887    0.20    0.40    0.00    0.00    0.60     4  srcpub
21:32:29     1000     19894    0.40    0.20    0.00    0.00    0.60     2  srcpub
21:32:29      997     20086    0.60    0.40    0.00    0.00    1.00    13  ffmpeg
21:32:29      997     20088    0.60    0.20    0.00    0.00    0.80     8  ffmpeg
21:32:29      997     20089    0.20    0.20    0.00    0.00    0.40     9  ffmpeg
21:32:29      997     20090    0.40    0.20    0.00    0.00    0.60    14  ffmpeg
21:32:29      997     20091    0.40    0.20    0.00    0.00    0.60    11  ffmpeg
21:32:29      997     20092    0.40    0.20    0.00    0.00    0.60     9  ffmpeg
21:32:29      997     20093    0.20    0.20    0.00    0.00    0.40     9  ffmpeg
21:32:29      997     20094    0.40    0.20    0.00    0.00    0.60    10  ffmpeg
21:32:29      997     20095    0.20    0.20    0.00    0.00    0.40    14  ffmpeg
21:32:29      997     20098    0.20    0.20    0.00    0.00    0.40    14  ffmpeg
21:32:29      997     20100    0.20    0.20    0.00    0.00    0.40     4  ffmpeg
21:32:29      997     20101    0.20    0.20    0.00    0.00    0.40    11  ffmpeg
21:32:29      997     20102    0.40    0.00    0.00    0.00    0.40    15  ffmpeg
21:32:29      997     20103    0.40    0.20    0.00    0.00    0.60    12  ffmpeg
21:32:29      997     20104    0.20    0.20    0.00    0.00    0.40     1  ffmpeg
21:32:29      997     20105    0.40    0.20    0.00    0.00    0.60     4  ffmpeg

# Time        UID       PID    %usr %system  %guest   %wait    %CPU   CPU  Command
21:32:34     1000     19830    8.00    6.60    0.00    0.00   14.60    14  mediamtx
21:32:34     1000     19846    0.20    0.40    0.00    0.00    0.60     0  srcpub
21:32:34     1000     19847    0.20    0.20    0.00    0.00    0.40     2  srcpub
21:32:34     1000     19849    0.20    0.20    0.00    0.00    0.40     4  srcpub
21:32:34     1000     19850    0.20    0.20    0.00    0.00    0.40     7  srcpub
21:32:34     1000     19851    0.20    0.20    0.00    0.00    0.40    10  srcpub
21:32:34     1000     19853    0.20    0.40    0.00    0.00    0.60     6  srcpub
21:32:34     1000     19854    0.20    0.20    0.00    0.00    0.40     1  srcpub
21:32:34     1000     19855    0.00    0.40    0.00    0.00    0.40     9  srcpub
21:32:34     1000     19856    0.20    0.20    0.00    0.00    0.40     6  srcpub
21:32:34     1000     19857    0.40    0.20    0.00    0.00    0.60     2  srcpub
21:32:34     1000     19858    0.20    0.20    0.00    0.00    0.40     1  srcpub
21:32:34     1000     19860    0.20    0.20    0.00    0.00    0.40     9  srcpub
21:32:34     1000     19862    0.20    0.20    0.00    0.00    0.40     3  srcpub
21:32:34     1000     19863    0.00    0.40    0.00    0.00    0.40    15  srcpub
21:32:34     1000     19864    0.20    0.00    0.00    0.00    0.20     4  srcpub
21:32:34     1000     19865    0.00    0.40    0.00    0.00    0.40    12  srcpub
21:32:34     1000     19868    0.20    0.20    0.00    0.00    0.40     6  srcpub
21:32:34     1000     19874    0.20    0.20    0.00    0.00    0.40    13  srcpub
21:32:34     1000     19877    0.20    0.20    0.00    0.00    0.40    11  srcpub
21:32:34     1000     19878    0.20    0.40    0.00    0.00    0.60     9  srcpub
21:32:34     1000     19879    0.20    0.20    0.00    0.00    0.40     8  srcpub
21:32:34     1000     19881    0.20    0.40    0.00    0.00    0.60     8  srcpub
21:32:34     1000     19882    0.20    0.20    0.00    0.00    0.40    13  srcpub
21:32:34     1000     19884    0.40    0.00    0.00    0.00    0.40     7  srcpub
21:32:34     1000     19885    0.20    0.40    0.00    0.00    0.60     7  srcpub
21:32:34     1000     19886    0.20    0.20    0.00    0.00    0.40     4  srcpub
21:32:34     1000     19887    0.20    0.20    0.00    0.00    0.40     4  srcpub
21:32:34     1000     19894    0.20    0.40    0.00    0.00    0.60     7  srcpub
21:32:34      997     20086    0.60    0.40    0.00    0.00    1.00     5  ffmpeg
21:32:34      997     20088    0.80    0.20    0.00    0.00    1.00     6  ffmpeg
21:32:34      997     20089    0.20    0.20    0.00    0.00    0.40     1  ffmpeg
21:32:34      997     20090    0.20    0.20    0.00    0.00    0.40     5  ffmpeg
21:32:34      997     20091    0.20    0.20    0.00    0.00    0.40    12  ffmpeg
21:32:34      997     20092    0.20    0.20    0.00    0.00    0.40    13  ffmpeg
21:32:34      997     20093    0.20    0.20    0.00    0.00    0.40    10  ffmpeg
21:32:34      997     20094    0.20    0.20    0.00    0.00    0.40    10  ffmpeg
21:32:34      997     20095    0.20    0.20    0.00    0.00    0.40    14  ffmpeg
21:32:34      997     20098    0.20    0.20    0.00    0.00    0.40     1  ffmpeg
21:32:34      997     20100    0.40    0.00    0.00    0.00    0.40    10  ffmpeg
21:32:34      997     20101    0.40    0.00    0.00    0.00    0.40    13  ffmpeg
21:32:34      997     20102    0.20    0.20    0.00    0.00    0.40     2  ffmpeg
21:32:34      997     20103    0.40    0.00    0.00    0.00    0.40     8  ffmpeg
21:32:34      997     20104    0.20    0.00    0.00    0.00    0.20     1  ffmpeg
21:32:34      997     20105    0.20    0.20    0.00    0.00    0.40     4  ffmpeg

# Time        UID       PID    %usr %system  %guest   %wait    %CPU   CPU  Command
21:32:39     1000     19830    9.60    5.80    0.00    0.00   15.40    14  mediamtx
21:32:39     1000     19846    0.20    0.40    0.00    0.00    0.60     4  srcpub
21:32:39     1000     19847    0.20    0.40    0.00    0.00    0.60     2  srcpub
21:32:39     1000     19849    0.40    0.20    0.00    0.00    0.60     8  srcpub
21:32:39     1000     19850    0.20    0.20    0.00    0.00    0.40     7  srcpub
21:32:39     1000     19851    0.20    0.20    0.00    0.00    0.40    11  srcpub
21:32:39     1000     19853    0.20    0.40    0.00    0.00    0.60     4  srcpub
21:32:39     1000     19854    0.20    0.20    0.00    0.00    0.40    12  srcpub
21:32:39     1000     19855    0.20    0.20    0.00    0.00    0.40    14  srcpub
21:32:39     1000     19856    0.20    0.20    0.00    0.00    0.40     6  srcpub
21:32:39     1000     19857    0.20    0.20    0.00    0.00    0.40     7  srcpub
21:32:39     1000     19858    0.00    0.20    0.00    0.00    0.20     1  srcpub
21:32:39     1000     19860    0.40    0.20    0.00    0.00    0.60     0  srcpub
21:32:39     1000     19863    0.20    0.20    0.00    0.00    0.40    15  srcpub
21:32:39     1000     19864    0.40    0.00    0.00    0.00    0.40     0  srcpub
21:32:39     1000     19865    0.20    0.20    0.00    0.00    0.40    12  srcpub
21:32:39     1000     19868    0.40    0.20    0.00    0.00    0.60     4  srcpub
21:32:39     1000     19874    0.20    0.20    0.00    0.00    0.40     1  srcpub
21:32:39     1000     19877    0.20    0.40    0.00    0.00    0.60    11  srcpub
21:32:39     1000     19878    0.20    0.20    0.00    0.00    0.40     9  srcpub
21:32:39     1000     19879    0.20    0.20    0.00    0.00    0.40     3  srcpub
21:32:39     1000     19881    0.20    0.20    0.00    0.00    0.40     5  srcpub
21:32:39     1000     19882    0.20    0.20    0.00    0.00    0.40     9  srcpub
21:32:39     1000     19884    0.40    0.20    0.00    0.00    0.60     7  srcpub
21:32:39     1000     19885    0.20    0.20    0.00    0.00    0.40     3  srcpub
21:32:39     1000     19886    0.20    0.40    0.00    0.00    0.60     4  srcpub
21:32:39     1000     19887    0.20    0.20    0.00    0.00    0.40     6  srcpub
21:32:39     1000     19894    0.40    0.20    0.00    0.00    0.60     7  srcpub
21:32:39      997     20086    0.80    0.20    0.00    0.00    1.00     4  ffmpeg
21:32:39      997     20088    0.80    0.40    0.00    0.00    1.20     7  ffmpeg
21:32:39      997     20089    0.40    0.20    0.00    0.00    0.60     5  ffmpeg
21:32:39      997     20090    0.40    0.20    0.00    0.00    0.60     0  ffmpeg
21:32:39      997     20091    0.40    0.00    0.00    0.00    0.40    13  ffmpeg
21:32:39      997     20092    0.20    0.20    0.00    0.00    0.40     0  ffmpeg
21:32:39      997     20093    0.40    0.00    0.00    0.00    0.40     7  ffmpeg
21:32:39      997     20094    0.20    0.20    0.00    0.00    0.40    11  ffmpeg
21:32:39      997     20095    0.40    0.20    0.00    0.00    0.60    13  ffmpeg
21:32:39      997     20098    0.20    0.20    0.00    0.00    0.40     0  ffmpeg
21:32:39      997     20100    0.40    0.20    0.00    0.00    0.60     6  ffmpeg
21:32:39      997     20101    0.20    0.20    0.00    0.00    0.40    12  ffmpeg
21:32:39      997     20102    0.40    0.20    0.00    0.00    0.60    15  ffmpeg
21:32:39      997     20103    0.40    0.20    0.00    0.00    0.60     8  ffmpeg
21:32:39      997     20104    0.40    0.20    0.00    0.00    0.60     1  ffmpeg
21:32:39      997     20105    0.40    0.00    0.00    0.00    0.40     6  ffmpeg

# Time        UID       PID    %usr %system  %guest   %wait    %CPU   CPU  Command
21:32:44     1000     19830    9.00    5.60    0.00    0.00   14.60    14  mediamtx
21:32:44     1000     19846    0.20    0.20    0.00    0.00    0.40     4  srcpub
21:32:44     1000     19847    0.20    0.20    0.00    0.00    0.40    13  srcpub
21:32:44     1000     19849    0.20    0.20    0.00    0.00    0.40     8  srcpub
21:32:44     1000     19850    0.20    0.20    0.00    0.00    0.40     7  srcpub
21:32:44     1000     19851    0.40    0.20    0.00    0.00    0.60    11  srcpub
21:32:44     1000     19853    0.20    0.20    0.00    0.00    0.40     4  srcpub
21:32:44     1000     19854    0.00    0.20    0.00    0.00    0.20    14  srcpub
21:32:44     1000     19855    0.00    0.40    0.00    0.00    0.40     4  srcpub
21:32:44     1000     19856    0.20    0.20    0.00    0.00    0.40     6  srcpub
21:32:44     1000     19857    0.40    0.00    0.00    0.00    0.40     7  srcpub
21:32:44     1000     19858    0.40    0.20    0.00    0.00    0.60     1  srcpub
21:32:44     1000     19860    0.00    0.40    0.00    0.00    0.40     2  srcpub
21:32:44     1000     19862    0.20    0.40    0.00    0.00    0.60     3  srcpub
21:32:44     1000     19863    0.20    0.40    0.00    0.00    0.60    15  srcpub
21:32:44     1000     19864    0.20    0.20    0.00    0.00    0.40     3  srcpub
21:32:44     1000     19865    0.20    0.20    0.00    0.00    0.40    15  srcpub
21:32:44     1000     19868    0.40    0.20    0.00    0.00    0.60     4  srcpub
21:32:44     1000     19877    0.20    0.20    0.00    0.00    0.40    13  srcpub
21:32:44     1000     19878    0.20    0.40    0.00    0.00    0.60     9  srcpub
21:32:44     1000     19879    0.20    0.20    0.00    0.00    0.40     9  srcpub
21:32:44     1000     19881    0.20    0.20    0.00    0.00    0.40     5  srcpub
21:32:44     1000     19882    0.20    0.00    0.00    0.00    0.20     9  srcpub
21:32:44     1000     19884    0.40    0.20    0.00    0.00    0.60     6  srcpub
21:32:44     1000     19885    0.20    0.40    0.00    0.00    0.60     6  srcpub
21:32:44     1000     19886    0.40    0.20    0.00    0.00    0.60     7  srcpub
21:32:44     1000     19887    0.20    0.20    0.00    0.00    0.40     6  srcpub
21:32:44     1000     19894    0.20    0.20    0.00    0.00    0.40     2  srcpub
21:32:44      997     20086    0.60    0.20    0.00    0.00    0.80     8  ffmpeg
21:32:44      997     20088    0.60    0.40    0.00    0.00    1.00     3  ffmpeg
21:32:44      997     20089    0.20    0.20    0.00    0.00    0.40    13  ffmpeg
21:32:44      997     20090    0.20    0.00    0.00    0.00    0.20     1  ffmpeg
21:32:44      997     20091    0.40    0.20    0.00    0.00    0.60    10  ffmpeg
21:32:44      997     20092    0.20    0.20    0.00    0.00    0.40     1  ffmpeg
21:32:44      997     20093    0.20    0.20    0.00    0.00    0.40     1  ffmpeg
21:32:44      997     20094    0.20    0.20    0.00    0.00    0.40    11  ffmpeg
21:32:44      997     20095    0.20    0.20    0.00    0.00    0.40     0  ffmpeg
21:32:44      997     20098    0.20    0.20    0.00    0.00    0.40    15  ffmpeg
21:32:44      997     20100    0.40    0.00    0.00    0.00    0.40     3  ffmpeg
21:32:44      997     20101    0.20    0.20    0.00    0.00    0.40    15  ffmpeg
21:32:44      997     20102    0.20    0.20    0.00    0.00    0.40     7  ffmpeg
21:32:44      997     20103    0.20    0.00    0.00    0.00    0.20     8  ffmpeg
21:32:44      997     20104    0.40    0.00    0.00    0.00    0.40     3  ffmpeg
21:32:44      997     20105    0.40    0.20    0.00    0.00    0.60     7  ffmpeg

# Time        UID       PID    %usr %system  %guest   %wait    %CPU   CPU  Command
21:32:49     1000     19830    9.40    6.20    0.00    0.00   15.60    14  mediamtx
21:32:49     1000     19846    0.20    0.20    0.00    0.00    0.40     4  srcpub
21:32:49     1000     19847    0.20    0.20    0.00    0.00    0.40    15  srcpub
21:32:49     1000     19849    0.20    0.40    0.00    0.00    0.60     4  srcpub
21:32:49     1000     19850    0.40    0.20    0.00    0.00    0.60     8  srcpub
21:32:49     1000     19851    0.00    0.20    0.00    0.00    0.20    10  srcpub
21:32:49     1000     19853    0.20    0.20    0.00    0.00    0.40     4  srcpub
21:32:49     1000     19854    0.20    0.00    0.00    0.00    0.20    14  srcpub
21:32:49     1000     19855    0.20    0.40    0.00    0.00    0.60     9  srcpub
21:32:49     1000     19856    0.20    0.20    0.00    0.00    0.40    10  srcpub
21:32:49     1000     19857    0.40    0.20    0.00    0.00    0.60     7  srcpub
21:32:49     1000     19858    0.00    0.20    0.00    0.00    0.20     0  srcpub
21:32:49     1000     19860    0.20    0.20    0.00    0.00    0.40     4  srcpub
21:32:49     1000     19862    0.20    0.00    0.00    0.00    0.20     0  srcpub
21:32:49     1000     19863    0.40    0.20    0.00    0.00    0.60    15  srcpub
21:32:49     1000     19864    0.20    0.00    0.00    0.00    0.20     1  srcpub
21:32:49     1000     19865    0.20    0.40    0.00    0.00    0.60     2  srcpub
21:32:49     1000     19868    0.20    0.20    0.00    0.00    0.40     4  srcpub
21:32:49     1000     19874    0.20    0.40    0.00    0.00    0.60     1  srcpub
21:32:49     1000     19877    0.20    0.40    0.00    0.00    0.60    11  srcpub
21:32:49     1000     19878    0.00    0.40    0.00    0.00    0.40     9  srcpub
21:32:49     1000     19879    0.20    0.20    0.00    0.00    0.40     8  srcpub
21:32:49     1000     19881    0.20    0.40    0.00    0.00    0.60     7  srcpub
21:32:49     1000     19882    0.20    0.00    0.00    0.00    0.20     8  srcpub
21:32:49     1000     19884    0.20    0.20    0.00    0.00    0.40     7  srcpub
21:32:49     1000     19885    0.00    0.40    0.00    0.00    0.40     9  srcpub
21:32:49     1000     19886    0.00    0.40    0.00    0.00    0.40     6  srcpub
21:32:49     1000     19887    0.00    0.40    0.00    0.00    0.40     4  srcpub
21:32:49     1000     19894    0.20    0.40    0.00    0.00    0.60     7  srcpub
21:32:49      997     20086    0.80    0.40    0.00    0.00    1.20     5  ffmpeg
21:32:49      997     20088    0.60    0.20    0.00    0.00    0.80     6  ffmpeg
21:32:49      997     20089    0.20    0.20    0.00    0.00    0.40    14  ffmpeg
21:32:49      997     20090    0.40    0.20    0.00    0.00    0.60     2  ffmpeg
21:32:49      997     20091    0.20    0.20    0.00    0.00    0.40    13  ffmpeg
21:32:49      997     20092    0.40    0.20    0.00    0.00    0.60    11  ffmpeg
21:32:49      997     20093    0.40    0.00    0.00    0.00    0.40     1  ffmpeg
21:32:49      997     20094    0.20    0.20    0.00    0.00    0.40    10  ffmpeg
21:32:49      997     20095    0.40    0.20    0.00    0.00    0.60    10  ffmpeg
21:32:49      997     20098    0.40    0.20    0.00    0.00    0.60    13  ffmpeg
21:32:49      997     20100    0.20    0.20    0.00    0.00    0.40     3  ffmpeg
21:32:49      997     20101    0.40    0.20    0.00    0.00    0.60     5  ffmpeg
21:32:49      997     20102    0.40    0.20    0.00    0.00    0.60     7  ffmpeg
21:32:49      997     20103    0.40    0.00    0.00    0.00    0.40     8  ffmpeg
21:32:49      997     20104    0.40    0.20    0.00    0.00    0.60     5  ffmpeg
21:32:49      997     20105    0.20    0.20    0.00    0.00    0.40     5  ffmpeg

# Time        UID       PID    %usr %system  %guest   %wait    %CPU   CPU  Command
21:32:54     1000     19830    8.60    6.00    0.00    0.00   14.60    14  mediamtx
21:32:54     1000     19846    0.20    0.40    0.00    0.00    0.60    13  srcpub
21:32:54     1000     19847    0.20    0.20    0.00    0.00    0.40    15  srcpub
21:32:54     1000     19849    0.40    0.00    0.00    0.00    0.40     4  srcpub
21:32:54     1000     19850    0.20    0.20    0.00    0.00    0.40     8  srcpub
21:32:54     1000     19851    0.40    0.20    0.00    0.00    0.60    11  srcpub
21:32:54     1000     19853    0.20    0.40    0.00    0.00    0.60     5  srcpub
21:32:54     1000     19854    0.40    0.00    0.00    0.00    0.40    14  srcpub
21:32:54     1000     19855    0.00    0.20    0.00    0.00    0.20     5  srcpub
21:32:54     1000     19856    0.00    0.40    0.00    0.00    0.40    13  srcpub
21:32:54     1000     19857    0.20    0.40    0.00    0.00    0.60     7  srcpub
21:32:54     1000     19858    0.20    0.20    0.00    0.00    0.40     1  srcpub
21:32:54     1000     19860    0.20    0.20    0.00    0.00    0.40     6  srcpub
21:32:54     1000     19862    0.20    0.20    0.00    0.00    0.40     3  srcpub
21:32:54     1000     19863    0.40    0.40    0.00    0.00    0.80     5  srcpub
21:32:54     1000     19864    0.40    0.00    0.00    0.00    0.40     3  srcpub
21:32:54     1000     19865    0.20    0.20    0.00    0.00    0.40     4  srcpub
21:32:54     1000     19868    0.40    0.20    0.00    0.00    0.60     4  srcpub
21:32:54     1000     19874    0.20    0.00    0.00    0.00    0.20     3  srcpub
21:32:54     1000     19877    0.20    0.20    0.00    0.00    0.40    11  srcpub
21:32:54     1000     19878    0.20    0.40    0.00    0.00    0.60     9  srcpub
21:32:54     1000     19879    0.20    0.20    0.00    0.00    0.40     8  srcpub
21:32:54     1000     19881    0.20    0.20    0.00    0.00    0.40     9  srcpub
21:32:54     1000     19882    0.00    0.40    0.00    0.00    0.40    11  srcpub
21:32:54     1000     19884    0.20    0.40    0.00    0.00    0.60     8  srcpub
21:32:54     1000     19885    0.40    0.20    0.00    0.00    0.60     9  srcpub
21:32:54     1000     19886    0.20    0.20    0.00    0.00    0.40     9  srcpub
21:32:54     1000     19887    0.20    0.00    0.00    0.00    0.20     5  srcpub
21:32:54     1000     19894    0.40    0.40    0.00    0.00    0.80     7  srcpub
21:32:54      997     20086    0.60    0.40    0.00    0.00    1.00     7  ffmpeg
21:32:54      997     20088    0.60    0.40    0.00    0.00    1.00    15  ffmpeg
21:32:54      997     20089    0.40    0.00    0.00    0.00    0.40    14  ffmpeg
21:32:54      997     20090    0.20    0.20    0.00    0.00    0.40     2  ffmpeg
21:32:54      997     20091    0.20    0.20    0.00    0.00    0.40    13  ffmpeg
21:32:54      997     20092    0.20    0.00    0.00    0.00    0.20     2  ffmpeg
21:32:54      997     20093    0.20    0.20    0.00    0.00    0.40     5  ffmpeg
21:32:54      997     20094    0.40    0.00    0.00    0.00    0.40    11  ffmpeg
21:32:54      997     20095    0.20    0.20    0.00    0.00    0.40    14  ffmpeg
21:32:54      997     20098    0.20    0.20    0.00    0.00    0.40    15  ffmpeg
21:32:54      997     20100    0.20    0.40    0.00    0.00    0.60     4  ffmpeg
21:32:54      997     20101    0.20    0.20    0.00    0.00    0.40     7  ffmpeg
21:32:54      997     20102    0.40    0.00    0.00    0.00    0.40     7  ffmpeg
21:32:54      997     20103    0.40    0.20    0.00    0.00    0.60    15  ffmpeg
21:32:54      997     20104    0.20    0.00    0.00    0.00    0.20     0  ffmpeg
21:32:54      997     20105    0.20    0.20    0.00    0.00    0.40     9  ffmpeg

# Time        UID       PID    %usr %system  %guest   %wait    %CPU   CPU  Command
21:32:59     1000     19830    8.80    5.60    0.00    0.00   14.40    14  mediamtx
21:32:59     1000     19846    0.40    0.00    0.00    0.00    0.40     7  srcpub
21:32:59     1000     19847    0.00    0.40    0.00    0.00    0.40    13  srcpub
21:32:59     1000     19849    0.40    0.20    0.00    0.00    0.60     8  srcpub
21:32:59     1000     19850    0.20    0.20    0.00    0.00    0.40     6  srcpub
21:32:59     1000     19851    0.20    0.20    0.00    0.00    0.40    13  srcpub
21:32:59     1000     19853    0.20    0.40    0.00    0.00    0.60     5  srcpub
21:32:59     1000     19854    0.00    0.20    0.00    0.00    0.20     1  srcpub
21:32:59     1000     19855    0.00    0.40    0.00    0.00    0.40    15  srcpub
21:32:59     1000     19856    0.00    0.20    0.00    0.00    0.20    13  srcpub
21:32:59     1000     19857    0.40    0.00    0.00    0.00    0.40     4  srcpub
21:32:59     1000     19858    0.20    0.20    0.00    0.00    0.40     0  srcpub
21:32:59     1000     19860    0.20    0.20    0.00    0.00    0.40     6  srcpub
21:32:59     1000     19862    0.00    0.40    0.00    0.00    0.40     2  srcpub
21:32:59     1000     19863    0.20    0.20    0.00    0.00    0.40    12  srcpub
21:32:59     1000     19864    0.20    0.00    0.00    0.00    0.20     2  srcpub
21:32:59     1000     19865    0.20    0.20    0.00    0.00    0.40    15  srcpub
21:32:59     1000     19868    0.20    0.40    0.00    0.00    0.60     4  srcpub
21:32:59     1000     19874    0.00    0.20    0.00    0.00    0.20     1  srcpub
21:32:59     1000     19877    0.20    0.40    0.00    0.00    0.60     4  srcpub
21:32:59     1000     19878    0.20    0.20    0.00    0.00    0.40     9  srcpub
21:32:59     1000     19879    0.20    0.20    0.00    0.00    0.40     9  srcpub
21:32:59     1000     19881    0.20    0.40    0.00    0.00    0.60    14  srcpub
21:32:59     1000     19882    0.20    0.20    0.00    0.00    0.40    14  srcpub
21:32:59     1000     19884    0.40    0.20    0.00    0.00    0.60     7  srcpub
21:32:59     1000     19885    0.20    0.40    0.00    0.00    0.60     9  srcpub
21:32:59     1000     19886    0.20    0.20    0.00    0.00    0.40     9  srcpub
21:32:59     1000     19887    0.40    0.20    0.00    0.00    0.60     5  srcpub
21:32:59     1000     19894    0.20    0.20    0.00    0.00    0.40     7  srcpub
21:32:59      997     20086    0.60    0.60    0.00    0.00    1.20    10  ffmpeg
21:32:59      997     20088    0.80    0.20    0.00    0.00    1.00     4  ffmpeg
21:32:59      997     20089    0.40    0.20    0.00    0.00    0.60     6  ffmpeg
21:32:59      997     20090    0.40    0.00    0.00    0.00    0.40     0  ffmpeg
21:32:59      997     20091    0.40    0.20    0.00    0.00    0.60    15  ffmpeg
21:32:59      997     20092    0.40    0.20    0.00    0.00    0.60     2  ffmpeg
21:32:59      997     20093    0.40    0.00    0.00    0.00    0.40     7  ffmpeg
21:32:59      997     20094    0.40    0.00    0.00    0.00    0.40    13  ffmpeg
21:32:59      997     20095    0.20    0.20    0.00    0.00    0.40     2  ffmpeg
21:32:59      997     20098    0.40    0.00    0.00    0.00    0.40    15  ffmpeg
21:32:59      997     20100    0.20    0.00    0.00    0.00    0.20     1  ffmpeg
21:32:59      997     20101    0.20    0.20    0.00    0.00    0.40     0  ffmpeg
21:32:59      997     20102    0.20    0.00    0.00    0.00    0.20     7  ffmpeg
21:32:59      997     20103    0.20    0.20    0.00    0.00    0.40    14  ffmpeg
21:32:59      997     20104    0.40    0.20    0.00    0.00    0.60    13  ffmpeg
21:32:59      997     20105    0.40    0.00    0.00    0.00    0.40    11  ffmpeg

# Time        UID       PID    %usr %system  %guest   %wait    %CPU   CPU  Command
21:33:04     1000     19830    9.40    6.20    0.00    0.00   15.60    14  mediamtx
21:33:04     1000     19846    0.20    0.40    0.00    0.00    0.60    14  srcpub
21:33:04     1000     19847    0.40    0.20    0.00    0.00    0.60     8  srcpub
21:33:04     1000     19849    0.20    0.20    0.00    0.00    0.40    12  srcpub
21:33:04     1000     19850    0.20    0.20    0.00    0.00    0.40    13  srcpub
21:33:04     1000     19851    0.40    0.20    0.00    0.00    0.60     5  srcpub
21:33:04     1000     19853    0.20    0.40    0.00    0.00    0.60     6  srcpub
21:33:04     1000     19854    0.20    0.20    0.00    0.00    0.40    15  srcpub
21:33:04     1000     19855    0.20    0.20    0.00    0.00    0.40     0  srcpub
21:33:04     1000     19856    0.20    0.40    0.00    0.00    0.60     9  srcpub
21:33:04     1000     19857    0.40    0.20    0.00    0.00    0.60    10  srcpub
21:33:04     1000     19858    0.00    0.40    0.00    0.00    0.40     2  srcpub
21:33:04     1000     19860    0.20    0.40    0.00    0.00    0.60     9  srcpub
21:33:04     1000     19862    0.20    0.20    0.00    0.00    0.40     6  srcpub
21:33:04     1000     19863    0.00    0.40    0.00    0.00    0.40    13  srcpub
21:33:04     1000     19864    0.40    0.20    0.00    0.20    0.60     6  srcpub
21:33:04     1000     19865    0.00    0.40    0.00    0.00    0.40     0  srcpub
21:33:04     1000     19868    0.20    0.20    0.00    0.00    0.40    12  srcpub
21:33:04     1000     19874    0.20    0.00    0.00    0.00    0.20     0  srcpub
21:33:04     1000     19877    0.20    0.20    0.00    0.00    0.40     0  srcpub
21:33:04     1000     19878    0.40    0.40    0.00    0.00    0.80    10  srcpub
21:33:04     1000     19879    0.20    0.20    0.00    0.00    0.40    12  srcpub
21:33:04     1000     19881    0.00    0.20    0.00    0.00    0.20     5  srcpub
21:33:04     1000     19882    0.00    0.20    0.00    0.00    0.20    15  srcpub
21:33:04     1000     19884    0.40    0.20    0.00    0.00    0.60    15  srcpub
21:33:04     1000     19885    0.20    0.20    0.00    0.00    0.40    10  srcpub
21:33:04     1000     19886    0.20    0.40    0.00    0.00    0.60     6  srcpub
21:33:04     1000     19887    0.20    0.20    0.00    0.00    0.40     0  srcpub
21:33:04     1000     19894    0.20    0.40    0.00    0.00    0.60     1  srcpub
21:33:04      997     20086    0.80    0.40    0.00    0.00    1.20    12  ffmpeg
21:33:04      997     20088    0.60    0.40    0.00    0.00    1.00     7  ffmpeg
21:33:04      997     20089    0.20    0.20    0.00    0.00    0.40     0  ffmpeg
21:33:04      997     20090    0.20    0.20    0.00    0.00    0.40    10  ffmpeg
21:33:04      997     20091    0.20    0.00    0.00    0.00    0.20    13  ffmpeg
21:33:04      997     20092    0.20    0.20    0.00    0.00    0.40    14  ffmpeg
21:33:04      997     20093    0.20    0.40    0.00    0.00    0.60     4  ffmpeg
21:33:04      997     20094    0.40    0.20    0.00    0.00    0.60     8  ffmpeg
21:33:04      997     20095    0.20    0.20    0.00    0.00    0.40    10  ffmpeg
21:33:04      997     20098    0.20    0.20    0.00    0.00    0.40    11  ffmpeg
21:33:04      997     20100    0.20    0.20    0.00    0.00    0.40     2  ffmpeg
21:33:04      997     20101    0.20    0.20    0.00    0.00    0.40     5  ffmpeg
21:33:04      997     20102    0.40    0.20    0.00    0.00    0.60     2  ffmpeg
21:33:04      997     20103    0.20    0.20    0.00    0.00    0.40     7  ffmpeg
21:33:04      997     20104    0.20    0.00    0.00    0.20    0.20    15  ffmpeg
21:33:04      997     20105    0.40    0.00    0.00    0.00    0.40     2  ffmpeg

# Time        UID       PID    %usr %system  %guest   %wait    %CPU   CPU  Command
21:33:09     1000     19830    9.00    5.40    0.00    0.00   14.40    14  mediamtx
21:33:09     1000     19846    0.20    0.20    0.00    0.00    0.40    15  srcpub
21:33:09     1000     19847    0.20    0.20    0.00    0.00    0.40     8  srcpub
21:33:09     1000     19849    0.00    0.40    0.00    0.00    0.40    12  srcpub
21:33:09     1000     19850    0.40    0.20    0.00    0.00    0.60    13  srcpub
21:33:09     1000     19851    0.20    0.00    0.00    0.00    0.20     9  srcpub
21:33:09     1000     19853    0.20    0.40    0.00    0.00    0.60     6  srcpub
21:33:09     1000     19854    0.20    0.00    0.00    0.00    0.20     0  srcpub
21:33:09     1000     19855    0.00    0.40    0.00    0.00    0.40     0  srcpub
21:33:09     1000     19856    0.00    0.20    0.00    0.00    0.20     9  srcpub
21:33:09     1000     19857    0.20    0.20    0.00    0.00    0.40     4  srcpub
21:33:09     1000     19858    0.20    0.20    0.00    0.00    0.40     1  srcpub
21:33:09     1000     19860    0.00    0.20    0.00    0.00    0.20     9  srcpub
21:33:09     1000     19862    0.20    0.20    0.00    0.00    0.40    14  srcpub
21:33:09     1000     19863    0.40    0.20    0.00    0.00    0.60    13  srcpub
21:33:09     1000     19864    0.20    0.00    0.00    0.00    0.20     7  srcpub
21:33:09     1000     19865    0.20    0.20    0.00    0.00    0.40     5  srcpub
21:33:09     1000     19868    0.40    0.20    0.00    0.00    0.60    15  srcpub
21:33:09     1000     19874    0.20    0.20    0.00    0.00    0.40    14  srcpub
21:33:09     1000     19877    0.20    0.20    0.00    0.00    0.40     3  srcpub
21:33:09     1000     19878    0.00    0.20    0.00    0.00    0.20     9  srcpub
21:33:09     1000     19879    0.20    0.00    0.00    0.00    0.20    12  srcpub
21:33:09     1000     19881    0.20    0.40    0.00    0.00    0.60     2  srcpub
21:33:09     1000     19882    0.20    0.00    0.00    0.00    0.20     0  srcpub
21:33:09     1000     19884    0.20    0.40    0.00    0.00    0.60    15  srcpub
21:33:09     1000     19885    0.20    0.20    0.00    0.00    0.40    10  srcpub
21:33:09     1000     19886    0.40    0.20    0.00    0.00    0.60     7  srcpub
21:33:09     1000     19887    0.00    0.20    0.00    0.00    0.20     7  srcpub
21:33:09     1000     19894    0.20    0.20    0.00    0.00    0.40     5  srcpub
21:33:09      997     20086    0.60    0.20    0.00    0.00    0.80     7  ffmpeg
21:33:09      997     20088    0.80    0.20    0.00    0.00    1.00     6  ffmpeg
21:33:09      997     20089    0.40    0.00    0.00    0.00    0.40     0  ffmpeg
21:33:09      997     20090    0.20    0.20    0.00    0.00    0.40     3  ffmpeg
21:33:09      997     20091    0.20    0.40    0.00    0.00    0.60    13  ffmpeg
21:33:09      997     20092    0.20    0.40    0.00    0.00    0.60     0  ffmpeg
21:33:09      997     20093    0.20    0.00    0.00    0.00    0.20     5  ffmpeg
21:33:09      997     20094    0.20    0.00    0.00    0.00    0.20     6  ffmpeg
21:33:09      997     20095    0.40    0.20    0.00    0.00    0.60     8  ffmpeg
21:33:09      997     20098    0.40    0.20    0.00    0.00    0.60     9  ffmpeg
21:33:09      997     20100    0.40    0.20    0.00    0.00    0.60    14  ffmpeg
21:33:09      997     20101    0.40    0.00    0.00    0.00    0.40    12  ffmpeg
21:33:09      997     20102    0.40    0.20    0.00    0.00    0.60    11  ffmpeg
21:33:09      997     20103    0.40    0.20    0.00    0.00    0.60     7  ffmpeg
21:33:09      997     20104    0.40    0.20    0.00    0.00    0.60     5  ffmpeg
21:33:09      997     20105    0.20    0.40    0.00    0.00    0.60    14  ffmpeg

# Time        UID       PID    %usr %system  %guest   %wait    %CPU   CPU  Command
21:33:14     1000     19830    9.40    5.60    0.00    0.00   15.00    14  mediamtx
21:33:14     1000     19846    0.20    0.40    0.00    0.00    0.60    15  srcpub
21:33:14     1000     19847    0.20    0.40    0.00    0.00    0.60     8  srcpub
21:33:14     1000     19849    0.40    0.40    0.00    0.00    0.80    12  srcpub
21:33:14     1000     19850    0.40    0.20    0.00    0.00    0.60    13  srcpub
21:33:14     1000     19851    0.20    0.20    0.00    0.00    0.40     8  srcpub
21:33:14     1000     19853    0.20    0.20    0.00    0.00    0.40     5  srcpub
21:33:14     1000     19854    0.20    0.20    0.00    0.00    0.40     6  srcpub
21:33:14     1000     19855    0.20    0.20    0.00    0.00    0.40     4  srcpub
21:33:14     1000     19856    0.00    0.40    0.00    0.00    0.40     9  srcpub
21:33:14     1000     19857    0.40    0.20    0.00    0.00    0.60     4  srcpub
21:33:14     1000     19858    0.20    0.20    0.00    0.00    0.40     2  srcpub
21:33:14     1000     19860    0.40    0.20    0.00    0.00    0.60     9  srcpub
21:33:14     1000     19862    0.00    0.40    0.00    0.00    0.40     7  srcpub
21:33:14     1000     19863    0.20    0.40    0.00    0.00    0.60    13  srcpub
21:33:14     1000     19864    0.20    0.00    0.00    0.00    0.20    12  srcpub
21:33:14     1000     19865    0.20    0.20    0.00    0.00    0.40     4  srcpub
21:33:14     1000     19868    0.20    0.20    0.00    0.00    0.40     3  srcpub
21:33:14     1000     19874    0.20    0.20    0.00    0.00    0.40     2  srcpub
21:33:14     1000     19877    0.40    0.20    0.00    0.00    0.60     3  srcpub
21:33:14     1000     19878    0.20    0.40    0.00    0.00    0.60     9  srcpub
21:33:14     1000     19879    0.20    0.20    0.00    0.00    0.40    15  srcpub
21:33:14     1000     19881    0.40    0.20    0.00    0.00    0.60     6  srcpub
21:33:14     1000     19882    0.00    0.40    0.00    0.00    0.40    15  srcpub
21:33:14     1000     19884    0.20    0.20    0.00    0.00    0.40     0  srcpub
21:33:14     1000     19885    0.20    0.40    0.00    0.00    0.60     4  srcpub
21:33:14     1000     19886    0.20    0.20    0.00    0.00    0.40     5  srcpub
21:33:14     1000     19887    0.40    0.20    0.00    0.00    0.60     7  srcpub
21:33:14     1000     19894    0.20    0.40    0.00    0.00    0.60     6  srcpub
21:33:14      997     20086    0.80    0.20    0.00    0.00    1.00     9  ffmpeg
21:33:14      997     20088    0.80    0.40    0.00    0.00    1.20     7  ffmpeg
21:33:14      997     20089    0.20    0.20    0.00    0.00    0.40     7  ffmpeg
21:33:14      997     20090    0.40    0.20    0.00    0.00    0.60     7  ffmpeg
21:33:14      997     20091    0.40    0.00    0.00    0.00    0.40     0  ffmpeg
21:33:14      997     20092    0.20    0.20    0.00    0.00    0.40     2  ffmpeg
21:33:14      997     20093    0.20    0.40    0.00    0.00    0.60     4  ffmpeg
21:33:14      997     20094    0.40    0.20    0.00    0.00    0.60     6  ffmpeg
21:33:14      997     20095    0.20    0.20    0.00    0.00    0.40     8  ffmpeg
21:33:14      997     20098    0.20    0.20    0.00    0.00    0.40     2  ffmpeg
21:33:14      997     20100    0.20    0.20    0.00    0.00    0.40     8  ffmpeg
21:33:14      997     20101    0.40    0.20    0.00    0.00    0.60    12  ffmpeg
21:33:14      997     20102    0.20    0.20    0.00    0.00    0.40     2  ffmpeg
21:33:14      997     20103    0.20    0.00    0.00    0.00    0.20     7  ffmpeg
21:33:14      997     20104    0.20    0.00    0.00    0.00    0.20    15  ffmpeg
21:33:14      997     20105    0.40    0.00    0.00    0.00    0.40     7  ffmpeg

# Time        UID       PID    %usr %system  %guest   %wait    %CPU   CPU  Command
21:33:19     1000     19830    9.00    5.60    0.00    0.00   14.60    14  mediamtx
21:33:19     1000     19846    0.20    0.20    0.00    0.00    0.40    14  srcpub
21:33:19     1000     19847    0.20    0.20    0.00    0.00    0.40     2  srcpub
21:33:19     1000     19849    0.20    0.20    0.00    0.00    0.40    12  srcpub
21:33:19     1000     19850    0.20    0.20    0.00    0.00    0.40    15  srcpub
21:33:19     1000     19851    0.20    0.20    0.00    0.00    0.40     9  srcpub
21:33:19     1000     19853    0.40    0.20    0.00    0.00    0.60     5  srcpub
21:33:19     1000     19854    0.00    0.20    0.00    0.00    0.20     6  srcpub
21:33:19     1000     19855    0.20    0.40    0.00    0.00    0.60     4  srcpub
21:33:19     1000     19856    0.00    0.40    0.00    0.00    0.40    10  srcpub
21:33:19     1000     19857    0.40    0.20    0.00    0.00    0.60     7  srcpub
21:33:19     1000     19858    0.20    0.20    0.00    0.00    0.40     6  srcpub
21:33:19     1000     19860    0.20    0.20    0.00    0.00    0.40    12  srcpub
21:33:19     1000     19862    0.20    0.20    0.00    0.00    0.40     7  srcpub
21:33:19     1000     19863    0.20    0.40    0.00    0.00    0.60    13  srcpub
21:33:19     1000     19864    0.40    0.20    0.00    0.00    0.60     3  srcpub
21:33:19     1000     19865    0.20    0.40    0.00    0.00    0.60     9  srcpub
21:33:19     1000     19868    0.40    0.20    0.00    0.00    0.60     1  srcpub
21:33:19     1000     19874    0.20    0.00    0.00    0.00    0.20     2  srcpub
21:33:19     1000     19877    0.00    0.40    0.00    0.00    0.40     0  srcpub
21:33:19     1000     19878    0.20    0.40    0.00    0.00    0.60     9  srcpub
21:33:19     1000     19879    0.20    0.20    0.00    0.00    0.40    15  srcpub
21:33:19     1000     19881    0.20    0.00    0.00    0.00    0.20     4  srcpub
21:33:19     1000     19882    0.20    0.40    0.00    0.00    0.60     2  srcpub
21:33:19     1000     19884    0.20    0.20    0.00    0.00    0.40     0  srcpub
21:33:19     1000     19885    0.20    0.20    0.00    0.00    0.40     4  srcpub
21:33:19     1000     19886    0.20    0.40    0.00    0.00    0.60     7  srcpub
21:33:19     1000     19887    0.00    0.20    0.00    0.00    0.20     6  srcpub
21:33:19     1000     19894    0.00    0.60    0.00    0.00    0.60     6  srcpub
21:33:19      997     20086    0.60    0.40    0.00    0.00    1.00     3  ffmpeg
21:33:19      997     20088    0.60    0.40    0.00    0.00    1.00     6  ffmpeg
21:33:19      997     20089    0.40    0.20    0.00    0.00    0.60     4  ffmpeg
21:33:19      997     20090    0.40    0.00    0.00    0.00    0.40     7  ffmpeg
21:33:19      997     20091    0.40    0.20    0.00    0.00    0.60     0  ffmpeg
21:33:19      997     20092    0.20    0.20    0.00    0.00    0.40     2  ffmpeg
21:33:19      997     20093    0.20    0.00    0.00    0.00    0.20    14  ffmpeg
21:33:19      997     20094    0.20    0.20    0.00    0.00    0.40     6  ffmpeg
21:33:19      997     20095    0.20    0.20    0.00    0.00    0.40    11  ffmpeg
21:33:19      997     20098    0.40    0.00    0.00    0.00    0.40     2  ffmpeg
21:33:19      997     20100    0.20    0.40    0.00    0.00    0.60     9  ffmpeg
21:33:19      997     20101    0.20    0.20    0.00    0.00    0.40    15  ffmpeg
21:33:19      997     20102    0.40    0.00    0.00    0.00    0.40    11  ffmpeg
21:33:19      997     20103    0.40    0.20    0.00    0.00    0.60     7  ffmpeg
21:33:19      997     20104    0.20    0.20    0.00    0.00    0.40     0  ffmpeg
21:33:19      997     20105    0.20    0.20    0.00    0.00    0.40    14  ffmpeg

# Time        UID       PID    %usr %system  %guest   %wait    %CPU   CPU  Command
21:33:24     1000     19830    8.80    6.20    0.00    0.00   15.00    14  mediamtx
21:33:24     1000     19846    0.20    0.40    0.00    0.00    0.60    14  srcpub
21:33:24     1000     19847    0.20    0.40    0.00    0.00    0.60     8  srcpub
21:33:24     1000     19849    0.40    0.20    0.00    0.00    0.60     4  srcpub
21:33:24     1000     19850    0.40    0.00    0.00    0.00    0.40    13  srcpub
21:33:24     1000     19851    0.40    0.40    0.00    0.00    0.80     2  srcpub
21:33:24     1000     19853    0.20    0.20    0.00    0.00    0.40     6  srcpub
21:33:24     1000     19854    0.20    0.00    0.00    0.00    0.20     7  srcpub
21:33:24     1000     19855    0.00    0.20    0.00    0.00    0.20     5  srcpub
21:33:24     1000     19856    0.00    0.40    0.00    0.00    0.40     9  srcpub
21:33:24     1000     19857    0.20    0.20    0.00    0.00    0.40     7  srcpub
21:33:24     1000     19858    0.00    0.40    0.00    0.00    0.40     1  srcpub
21:33:24     1000     19860    0.40    0.00    0.00    0.00    0.40    14  srcpub
21:33:24     1000     19862    0.00    0.40    0.00    0.00    0.40     8  srcpub
21:33:24     1000     19863    0.20    0.20    0.00    0.00    0.40    13  srcpub
21:33:24     1000     19864    0.20    0.00    0.00    0.00    0.20    15  srcpub
21:33:24     1000     19865    0.20    0.20    0.00    0.00    0.40     4  srcpub
21:33:24     1000     19868    0.20    0.20    0.00    0.00    0.40    14  srcpub
21:33:24     1000     19874    0.00    0.20    0.00    0.00    0.20    14  srcpub
21:33:24     1000     19877    0.40    0.20    0.00    0.00    0.60     0  srcpub
21:33:24     1000     19878    0.20    0.20    0.00    0.00    0.40     9  srcpub
21:33:24     1000     19879    0.00    0.20    0.00    0.00    0.20    15  srcpub
21:33:24     1000     19881    0.20    0.40    0.00    0.00    0.60     9  srcpub
21:33:24     1000     19882    0.20    0.20    0.00    0.00    0.40     2  srcpub
21:33:24     1000     19884    0.20    0.20    0.00    0.00    0.40     2  srcpub
21:33:24     1000     19885    0.20    0.40    0.00    0.00    0.60     0  srcpub
21:33:24     1000     19886    0.20    0.20    0.00    0.00    0.40     3  srcpub
21:33:24     1000     19887    0.20    0.20    0.00    0.00    0.40     6  srcpub
21:33:24     1000     19894    0.40    0.20    0.00    0.00    0.60     6  srcpub
21:33:24      997     20086    0.80    0.20    0.00    0.00    1.00    13  ffmpeg
21:33:24      997     20088    0.80    0.20    0.00    0.00    1.00     7  ffmpeg
21:33:24      997     20089    0.20    0.20    0.00    0.00    0.40     8  ffmpeg
21:33:24      997     20090    0.20    0.20    0.00    0.00    0.40     7  ffmpeg
21:33:24      997     20091    0.20    0.00    0.00    0.00    0.20    13  ffmpeg
21:33:24      997     20092    0.00    0.40    0.00    0.00    0.40     4  ffmpeg
21:33:24      997     20093    0.20    0.40    0.00    0.00    0.60    12  ffmpeg
21:33:24      997     20094    0.20    0.20    0.00    0.00    0.40    15  ffmpeg
21:33:24      997     20095    0.20    0.40    0.00    0.00    0.60     9  ffmpeg
21:33:24      997     20098    0.20    0.20    0.00    0.00    0.40     2  ffmpeg
21:33:24      997     20100    0.20    0.20    0.00    0.00    0.40    10  ffmpeg
21:33:24      997     20101    0.20    0.20    0.00    0.00    0.40     1  ffmpeg
21:33:24      997     20102    0.20    0.20    0.00    0.00    0.40     1  ffmpeg
21:33:24      997     20103    0.20    0.00    0.00    0.00    0.20     0  ffmpeg
21:33:24      997     20104    0.40    0.20    0.00    0.00    0.60     0  ffmpeg
21:33:24      997     20105    0.40    0.20    0.00    0.00    0.60    14  ffmpeg

# Time        UID       PID    %usr %system  %guest   %wait    %CPU   CPU  Command
21:33:29     1000     19830    8.60    6.00    0.00    0.00   14.60    14  mediamtx
21:33:29     1000     19846    0.40    0.20    0.00    0.00    0.60    14  srcpub
21:33:29     1000     19847    0.20    0.20    0.00    0.00    0.40     8  srcpub
21:33:29     1000     19849    0.00    0.20    0.00    0.00    0.20     4  srcpub
21:33:29     1000     19850    0.20    0.20    0.00    0.00    0.40    13  srcpub
21:33:29     1000     19851    0.20    0.00    0.00    0.00    0.20     2  srcpub
21:33:29     1000     19853    0.20    0.40    0.00    0.00    0.60     7  srcpub
21:33:29     1000     19854    0.20    0.00    0.00    0.00    0.20     7  srcpub
21:33:29     1000     19855    0.20    0.40    0.00    0.00    0.60    12  srcpub
21:33:29     1000     19856    0.20    0.20    0.00    0.00    0.40    11  srcpub
21:33:29     1000     19857    0.40    0.00    0.00    0.00    0.40     6  srcpub
21:33:29     1000     19858    0.40    0.00    0.00    0.00    0.40     6  srcpub
21:33:29     1000     19860    0.00    0.40    0.00    0.00    0.40    14  srcpub
21:33:29     1000     19862    0.20    0.20    0.00    0.00    0.40    10  srcpub
21:33:29     1000     19863    0.20    0.40    0.00    0.00    0.60    13  srcpub
21:33:29     1000     19864    0.40    0.00    0.00    0.00    0.40     5  srcpub
21:33:29     1000     19865    0.20    0.20    0.00    0.00    0.40     7  srcpub
21:33:29     1000     19868    0.40    0.20    0.00    0.00    0.60    14  srcpub
21:33:29     1000     19874    0.20    0.20    0.00    0.00    0.40    15  srcpub
21:33:29     1000     19877    0.40    0.20    0.00    0.00    0.60     0  srcpub
21:33:29     1000     19878    0.20    0.40    0.00    0.00    0.60     9  srcpub
21:33:29     1000     19879    0.20    0.20    0.00    0.00    0.40    14  srcpub
21:33:29     1000     19881    0.20    0.20    0.00    0.00    0.40     6  srcpub
21:33:29     1000     19882    0.20    0.00    0.00    0.00    0.20     1  srcpub
21:33:29     1000     19884    0.40    0.20    0.00    0.00    0.60     2  srcpub
21:33:29     1000     19885    0.20    0.40    0.00    0.00    0.60     0  srcpub
21:33:29     1000     19886    0.20    0.20    0.00    0.00    0.40     7  srcpub
21:33:29     1000     19887    0.20    0.20    0.00    0.00    0.40     7  srcpub
21:33:29     1000     19894    0.20    0.40    0.00    0.00    0.60     4  srcpub
21:33:29      997     20086    0.60    0.40    0.00    0.00    1.00     5  ffmpeg
21:33:29      997     20088    0.80    0.40    0.00    0.00    1.20     4  ffmpeg
21:33:29      997     20089    0.40    0.20    0.00    0.00    0.60    10  ffmpeg
21:33:29      997     20090    0.20    0.20    0.00    0.00    0.40     7  ffmpeg
21:33:29      997     20091    0.40    0.00    0.00    0.00    0.40     9  ffmpeg
21:33:29      997     20092    0.20    0.20    0.00    0.00    0.40    13  ffmpeg
21:33:29      997     20093    0.20    0.20    0.00    0.00    0.40    12  ffmpeg
21:33:29      997     20094    0.40    0.00    0.00    0.00    0.40     2  ffmpeg
21:33:29      997     20095    0.20    0.00    0.00    0.00    0.20    12  ffmpeg
21:33:29      997     20098    0.40    0.20    0.00    0.00    0.60    10  ffmpeg
21:33:29      997     20100    0.20    0.20    0.00    0.00    0.40    10  ffmpeg
21:33:29      997     20101    0.40    0.00    0.00    0.00    0.40    15  ffmpeg
21:33:29      997     20102    0.20    0.20    0.00    0.00    0.40    14  ffmpeg
21:33:29      997     20103    0.40    0.20    0.00    0.00    0.60     7  ffmpeg
21:33:29      997     20104    0.20    0.00    0.00    0.00    0.20     0  ffmpeg
21:33:29      997     20105    0.40    0.00    0.00    0.00    0.40    14  ffmpeg

# Time        UID       PID    %usr %system  %guest   %wait    %CPU   CPU  Command
21:33:34     1000     19830    9.20    5.60    0.00    0.00   14.80    14  mediamtx
21:33:34     1000     19846    0.00    0.40    0.00    0.00    0.40    14  srcpub
21:33:34     1000     19847    0.20    0.20    0.00    0.00    0.40     4  srcpub
21:33:34     1000     19849    0.20    0.40    0.00    0.00    0.60    12  srcpub
21:33:34     1000     19850    0.20    0.20    0.00    0.00    0.40    13  srcpub
21:33:34     1000     19851    0.20    0.40    0.00    0.00    0.60     3  srcpub
21:33:34     1000     19853    0.40    0.20    0.00    0.00    0.60     6  srcpub
21:33:34     1000     19854    0.20    0.20    0.00    0.00    0.40    10  srcpub
21:33:34     1000     19855    0.00    0.20    0.00    0.00    0.20     0  srcpub
21:33:34     1000     19856    0.00    0.40    0.00    0.00    0.40    11  srcpub
21:33:34     1000     19857    0.40    0.20    0.00    0.00    0.60     8  srcpub
21:33:34     1000     19858    0.00    0.40    0.00    0.00    0.40    12  srcpub
21:33:34     1000     19860    0.40    0.00    0.00    0.00    0.40     4  srcpub
21:33:34     1000     19862    0.20    0.20    0.00    0.00    0.40    10  srcpub
21:33:34     1000     19863    0.20    0.40    0.00    0.00    0.60    13  srcpub
21:33:34     1000     19864    0.20    0.00    0.00    0.00    0.20     3  srcpub
21:33:34     1000     19865    0.00    0.40    0.00    0.00    0.40    10  srcpub
21:33:34     1000     19868    0.40    0.20    0.00    0.00    0.60     3  srcpub
21:33:34     1000     19874    0.20    0.20    0.00    0.00    0.40    15  srcpub
21:33:34     1000     19877    0.20    0.20    0.00    0.00    0.40     0  srcpub
21:33:34     1000     19878    0.20    0.40    0.00    0.00    0.60    10  srcpub
21:33:34     1000     19879    0.40    0.20    0.00    0.00    0.60    15  srcpub
21:33:34     1000     19881    0.20    0.20    0.00    0.00    0.40     9  srcpub
21:33:34     1000     19882    0.00    0.40    0.00    0.00    0.40     1  srcpub
21:33:34     1000     19884    0.20    0.40    0.00    0.00    0.60    15  srcpub
21:33:34     1000     19885    0.20    0.20    0.00    0.00    0.40     3  srcpub
21:33:34     1000     19886    0.40    0.20    0.00    0.00    0.60     5  srcpub
21:33:34     1000     19887    0.00    0.40    0.00    0.00    0.40     8  srcpub
21:33:34     1000     19894    0.20    0.20    0.00    0.00    0.40     4  srcpub
21:33:34      997     20086    0.80    0.40    0.00    0.00    1.20     5  ffmpeg
21:33:34      997     20088    0.80    0.40    0.00    0.00    1.20    11  ffmpeg
21:33:34      997     20089    0.20    0.00    0.00    0.00    0.20    10  ffmpeg
21:33:34      997     20090    0.40    0.20    0.00    0.00    0.60     6  ffmpeg
21:33:34      997     20091    0.20    0.20    0.00    0.00    0.40    15  ffmpeg
21:33:34      997     20092    0.40    0.00    0.00    0.00    0.40    12  ffmpeg
21:33:34      997     20093    0.40    0.20    0.00    0.00    0.60    12  ffmpeg
21:33:34      997     20094    0.20    0.20    0.00    0.00    0.40     2  ffmpeg
21:33:34      997     20095    0.20    0.40    0.00    0.00    0.60    12  ffmpeg
21:33:34      997     20098    0.40    0.00    0.00    0.00    0.40    10  ffmpeg
21:33:34      997     20100    0.00    0.40    0.00    0.00    0.40     7  ffmpeg
21:33:34      997     20101    0.40    0.20    0.00    0.00    0.60    15  ffmpeg
21:33:34      997     20102    0.40    0.20    0.00    0.00    0.60    13  ffmpeg
21:33:34      997     20103    0.40    0.20    0.00    0.00    0.60     7  ffmpeg
21:33:34      997     20104    0.40    0.20    0.00    0.00    0.60     1  ffmpeg
21:33:34      997     20105    0.00    0.40    0.00    0.00    0.40    15  ffmpeg

# Time        UID       PID    %usr %system  %guest   %wait    %CPU   CPU  Command
21:33:39     1000     19830    9.60    5.80    0.00    0.00   15.40    14  mediamtx
21:33:39     1000     19846    0.20    0.40    0.00    0.00    0.60    15  srcpub
21:33:39     1000     19847    0.40    0.20    0.00    0.00    0.60     5  srcpub
21:33:39     1000     19849    0.40    0.20    0.00    0.00    0.60    12  srcpub
21:33:39     1000     19850    0.20    0.20    0.00    0.00    0.40    13  srcpub
21:33:39     1000     19851    0.20    0.00    0.00    0.00    0.20     4  srcpub
21:33:39     1000     19853    0.20    0.40    0.00    0.00    0.60    11  srcpub
21:33:39     1000     19854    0.20    0.00    0.00    0.00    0.20    11  srcpub
21:33:39     1000     19855    0.20    0.40    0.00    0.00    0.60     0  srcpub
21:33:39     1000     19856    0.00    0.40    0.00    0.00    0.40    15  srcpub
21:33:39     1000     19857    0.40    0.00    0.00    0.00    0.40    13  srcpub
21:33:39     1000     19858    0.00    0.40    0.00    0.00    0.40     6  srcpub
21:33:39     1000     19860    0.00    0.40    0.00    0.00    0.40     9  srcpub
21:33:39     1000     19862    0.00    0.40    0.00    0.00    0.40    10  srcpub
21:33:39     1000     19863    0.20    0.40    0.00    0.00    0.60    12  srcpub
21:33:39     1000     19864    0.40    0.00    0.00    0.00    0.40     0  srcpub
21:33:39     1000     19865    0.20    0.20    0.00    0.00    0.40    15  srcpub
21:33:39     1000     19868    0.20    0.40    0.00    0.00    0.60    14  srcpub
21:33:39     1000     19874    0.20    0.00    0.00    0.00    0.20    15  srcpub
21:33:39     1000     19877    0.20    0.20    0.00    0.00    0.40     6  srcpub
21:33:39     1000     19878    0.20    0.40    0.00    0.00    0.60     5  srcpub
21:33:39     1000     19879    0.20    0.20    0.00    0.00    0.40    15  srcpub
21:33:39     1000     19881    0.20    0.40    0.00    0.00    0.60     2  srcpub
21:33:39     1000     19882    0.00    0.40    0.00    0.00    0.40     3  srcpub
21:33:39     1000     19884    0.20    0.20    0.00    0.00    0.40    15  srcpub
21:33:39     1000     19885    0.20    0.40    0.00    0.00    0.60     4  srcpub
21:33:39     1000     19886    0.20    0.20    0.00    0.00    0.40     9  srcpub
21:33:39     1000     19887    0.20    0.20    0.00    0.00    0.40     3  srcpub
21:33:39     1000     19894    0.40    0.20    0.00    0.00    0.60     6  srcpub
21:33:39      997     20086    1.00    0.20    0.00    0.00    1.20     3  ffmpeg
21:33:39      997     20088    0.80    0.40    0.00    0.00    1.20     3  ffmpeg
21:33:39      997     20089    0.20    0.20    0.00    0.00    0.40    15  ffmpeg
21:33:39      997     20090    0.00    0.40    0.00    0.00    0.40     6  ffmpeg
21:33:39      997     20091    0.40    0.20    0.00    0.00    0.60    15  ffmpeg
21:33:39      997     20092    0.40    0.20    0.00    0.00    0.60    15  ffmpeg
21:33:39      997     20093    0.20    0.20    0.00    0.00    0.40    12  ffmpeg
21:33:39      997     20094    0.40    0.00    0.00    0.00    0.40    11  ffmpeg
21:33:39      997     20095    0.20    0.20    0.00    0.00    0.40    10  ffmpeg
21:33:39      997     20098    0.20    0.20    0.00    0.00    0.40    13  ffmpeg
21:33:39      997     20100    0.40    0.00    0.00    0.00    0.40    10  ffmpeg
21:33:39      997     20101    0.20    0.20    0.00    0.00    0.40     1  ffmpeg
21:33:39      997     20102    0.20    0.20    0.00    0.00    0.40    15  ffmpeg
21:33:39      997     20103    0.20    0.20    0.00    0.20    0.40     0  ffmpeg
21:33:39      997     20104    0.20    0.20    0.00    0.00    0.40     6  ffmpeg
21:33:39      997     20105    0.20    0.20    0.00    0.00    0.40    15  ffmpeg

# Time        UID       PID    %usr %system  %guest   %wait    %CPU   CPU  Command
21:33:44     1000     19830    9.40    5.20    0.00    0.00   14.60    14  mediamtx
21:33:44     1000     19846    0.20    0.20    0.00    0.00    0.40    14  srcpub
21:33:44     1000     19847    0.20    0.20    0.00    0.00    0.40    11  srcpub
21:33:44     1000     19849    0.20    0.20    0.00    0.00    0.40    12  srcpub
21:33:44     1000     19850    0.40    0.20    0.00    0.00    0.60    15  srcpub
21:33:44     1000     19851    0.40    0.20    0.00    0.00    0.60     3  srcpub
21:33:44     1000     19853    0.20    0.20    0.00    0.00    0.40    11  srcpub
21:33:44     1000     19854    0.20    0.20    0.00    0.00    0.40    11  srcpub
21:33:44     1000     19855    0.00    0.20    0.00    0.00    0.20     2  srcpub
21:33:44     1000     19856    0.00    0.40    0.00    0.00    0.40     9  srcpub
21:33:44     1000     19857    0.40    0.20    0.00    0.00    0.60     2  srcpub
21:33:44     1000     19858    0.20    0.20    0.00    0.00    0.40     6  srcpub
21:33:44     1000     19860    0.40    0.20    0.00    0.00    0.60    10  srcpub
21:33:44     1000     19862    0.00    0.40    0.00    0.00    0.40     3  srcpub
21:33:44     1000     19863    0.20    0.20    0.00    0.00    0.40    12  srcpub
21:33:44     1000     19864    0.40    0.00    0.00    0.00    0.40     6  srcpub
21:33:44     1000     19865    0.20    0.40    0.00    0.00    0.60     1  srcpub
21:33:44     1000     19868    0.20    0.20    0.00    0.00    0.40    14  srcpub
21:33:44     1000     19874    0.20    0.00    0.00    0.00    0.20    12  srcpub
21:33:44     1000     19877    0.20    0.40    0.00    0.00    0.60     6  srcpub
21:33:44     1000     19878    0.40    0.00    0.00    0.00    0.40     3  srcpub
21:33:44     1000     19879    0.20    0.20    0.00    0.00    0.40    15  srcpub
21:33:44     1000     19881    0.20    0.20    0.00    0.00    0.40     2  srcpub
21:33:44     1000     19882    0.20    0.00    0.00    0.00    0.20    11  srcpub
21:33:44     1000     19884    0.20    0.20    0.00    0.00    0.40    15  srcpub
21:33:44     1000     19885    0.00    0.40    0.00    0.00    0.40     1  srcpub
21:33:44     1000     19886    0.20    0.40    0.00    0.00    0.60     9  srcpub
21:33:44     1000     19887    0.20    0.20    0.00    0.00    0.40     3  srcpub
21:33:44     1000     19894    0.20    0.40    0.00    0.00    0.60     7  srcpub
21:33:44      997     20086    0.60    0.20    0.00    0.00    0.80     7  ffmpeg
21:33:44      997     20088    0.80    0.20    0.00    0.00    1.00     6  ffmpeg
21:33:44      997     20089    0.40    0.20    0.00    0.00    0.60    15  ffmpeg
21:33:44      997     20090    0.20    0.20    0.00    0.00    0.40     5  ffmpeg
21:33:44      997     20091    0.20    0.20    0.00    0.00    0.40    15  ffmpeg
21:33:44      997     20092    0.20    0.00    0.00    0.00    0.20     1  ffmpeg
21:33:44      997     20093    0.20    0.20    0.00    0.00    0.40    12  ffmpeg
21:33:44      997     20094    0.20    0.20    0.00    0.00    0.40     3  ffmpeg
21:33:44      997     20095    0.40    0.20    0.00    0.00    0.60    11  ffmpeg
21:33:44      997     20098    0.40    0.00    0.00    0.00    0.40     0  ffmpeg
21:33:44      997     20100    0.40    0.20    0.00    0.00    0.60    10  ffmpeg
21:33:44      997     20101    0.20    0.20    0.00    0.00    0.40     2  ffmpeg
21:33:44      997     20102    0.40    0.20    0.00    0.00    0.60    13  ffmpeg
21:33:44      997     20103    0.40    0.00    0.00    0.00    0.40     9  ffmpeg
21:33:44      997     20104    0.40    0.20    0.00    0.00    0.60     3  ffmpeg
21:33:44      997     20105    0.40    0.20    0.00    0.00    0.60    14  ffmpeg

# Time        UID       PID    %usr %system  %guest   %wait    %CPU   CPU  Command
21:33:49     1000     19830    9.80    5.80    0.00    0.00   15.60    14  mediamtx
21:33:49     1000     19846    0.40    0.20    0.00    0.00    0.60    15  srcpub
21:33:49     1000     19847    0.40    0.20    0.00    0.00    0.60    11  srcpub
21:33:49     1000     19849    0.40    0.00    0.00    0.00    0.40     1  srcpub
21:33:49     1000     19850    0.20    0.20    0.00    0.00    0.40    15  srcpub
21:33:49     1000     19851    0.20    0.20    0.00    0.00    0.40     0  srcpub
21:33:49     1000     19853    0.20    0.20    0.00    0.00    0.40    11  srcpub
21:33:49     1000     19854    0.20    0.20    0.00    0.00    0.40    10  srcpub
21:33:49     1000     19855    0.20    0.40    0.00    0.00    0.60    15  srcpub
21:33:49     1000     19856    0.00    0.20    0.00    0.00    0.20     9  srcpub
21:33:49     1000     19857    0.20    0.00    0.00    0.00    0.20     2  srcpub
21:33:49     1000     19858    0.20    0.20    0.00    0.00    0.40     3  srcpub
21:33:49     1000     19860    0.20    0.20    0.00    0.00    0.40     3  srcpub
21:33:49     1000     19862    0.20    0.20    0.00    0.00    0.40     5  srcpub
21:33:49     1000     19863    0.20    0.40    0.00    0.00    0.60     7  srcpub
21:33:49     1000     19864    0.20    0.20    0.00    0.00    0.40     3  srcpub
21:33:49     1000     19865    0.00    0.20    0.00    0.00    0.20    15  srcpub
21:33:49     1000     19868    0.40    0.20    0.00    0.00    0.60    14  srcpub
21:33:49     1000     19874    0.20    0.20    0.00    0.00    0.40     2  srcpub
21:33:49     1000     19877    0.20    0.20    0.00    0.00    0.40     0  srcpub
21:33:49     1000     19878    0.20    0.40    0.00    0.00    0.60     7  srcpub
21:33:49     1000     19879    0.00    0.20    0.00    0.00    0.20    15  srcpub
21:33:49     1000     19881    0.20    0.20    0.00    0.00    0.40     2  srcpub
21:33:49     1000     19882    0.20    0.20    0.00    0.00    0.40     4  srcpub
21:33:49     1000     19884    0.40    0.20    0.00    0.00    0.60     0  srcpub
21:33:49     1000     19885    0.20    0.20    0.00    0.00    0.40    15  srcpub
21:33:49     1000     19886    0.20    0.20    0.00    0.00    0.40     7  srcpub
21:33:49     1000     19887    0.20    0.20    0.00    0.00    0.40     8  srcpub
21:33:49     1000     19894    0.20    0.20    0.00    0.00    0.40     8  srcpub
21:33:49      997     20086    0.60    0.40    0.00    0.00    1.00    10  ffmpeg
21:33:49      997     20088    0.60    0.40    0.00    0.00    1.00     4  ffmpeg
21:33:49      997     20089    0.20    0.20    0.00    0.00    0.40     0  ffmpeg
21:33:49      997     20090    0.40    0.20    0.00    0.00    0.60     1  ffmpeg
21:33:49      997     20091    0.20    0.20    0.00    0.00    0.40    15  ffmpeg
21:33:49      997     20092    0.40    0.20    0.00    0.00    0.60     3  ffmpeg
21:33:49      997     20093    0.00    0.40    0.00    0.20    0.40    13  ffmpeg
21:33:49      997     20094    0.40    0.20    0.00    0.00    0.60     1  ffmpeg
21:33:49      997     20095    0.20    0.20    0.00    0.00    0.40    11  ffmpeg
21:33:49      997     20098    0.20    0.40    0.00    0.00    0.60    15  ffmpeg
21:33:49      997     20100    0.20    0.40    0.00    0.00    0.60     3  ffmpeg
21:33:49      997     20101    0.40    0.00    0.00    0.00    0.40     1  ffmpeg
21:33:49      997     20102    0.20    0.20    0.00    0.00    0.40    15  ffmpeg
21:33:49      997     20103    0.40    0.00    0.00    0.00    0.40    10  ffmpeg
21:33:49      997     20104    0.20    0.00    0.00    0.00    0.20     6  ffmpeg
21:33:49      997     20105    0.20    0.00    0.00    0.00    0.20     1  ffmpeg

# Time        UID       PID    %usr %system  %guest   %wait    %CPU   CPU  Command
21:33:54     1000     19830    8.60    5.80    0.00    0.00   14.40    14  mediamtx
21:33:54     1000     19846    0.20    0.40    0.00    0.00    0.60    15  srcpub
21:33:54     1000     19847    0.20    0.20    0.00    0.00    0.40    11  srcpub
21:33:54     1000     19849    0.20    0.40    0.00    0.00    0.60     6  srcpub
21:33:54     1000     19850    0.40    0.20    0.00    0.00    0.60    15  srcpub
21:33:54     1000     19851    0.20    0.20    0.00    0.00    0.40     1  srcpub
21:33:54     1000     19853    0.20    0.40    0.00    0.00    0.60    11  srcpub
21:33:54     1000     19854    0.20    0.00    0.00    0.00    0.20    10  srcpub
21:33:54     1000     19855    0.00    0.20    0.00    0.00    0.20    15  srcpub
21:33:54     1000     19856    0.20    0.40    0.00    0.00    0.60     9  srcpub
21:33:54     1000     19857    0.40    0.20    0.00    0.00    0.60     2  srcpub
21:33:54     1000     19858    0.00    0.20    0.00    0.00    0.20     3  srcpub
21:33:54     1000     19860    0.00    0.20    0.00    0.00    0.20     4  srcpub
21:33:54     1000     19862    0.20    0.20    0.00    0.00    0.40     0  srcpub
21:33:54     1000     19863    0.20    0.40    0.00    0.00    0.60     7  srcpub
21:33:54     1000     19864    0.40    0.00    0.00    0.00    0.40     3  srcpub
21:33:54     1000     19865    0.20    0.20    0.00    0.00    0.40     2  srcpub
21:33:54     1000     19868    0.20    0.20    0.00    0.00    0.40     3  srcpub
21:33:54     1000     19874    0.20    0.20    0.00    0.00    0.40     3  srcpub
21:33:54     1000     19877    0.20    0.20    0.00    0.00    0.40     6  srcpub
21:33:54     1000     19878    0.20    0.20    0.00    0.00    0.40     7  srcpub
21:33:54     1000     19879    0.20    0.20    0.00    0.00    0.40    15  srcpub
21:33:54     1000     19881    0.20    0.20    0.00    0.00    0.40     7  srcpub
21:33:54     1000     19882    0.00    0.40    0.00    1.00    0.40    12  srcpub
21:33:54     1000     19884    0.00    0.40    0.00    0.00    0.40    15  srcpub
21:33:54     1000     19885    0.20    0.40    0.00    0.00    0.60     0  srcpub
21:33:54     1000     19886    0.00    0.40    0.00    0.00    0.40     7  srcpub
21:33:54     1000     19887    0.00    0.40    0.00    0.00    0.40     5  srcpub
21:33:54     1000     19894    0.20    0.40    0.00    0.00    0.60     7  srcpub
21:33:54      997     20086    0.80    0.20    0.00    0.00    1.00     0  ffmpeg
21:33:54      997     20088    0.80    0.40    0.00    0.00    1.20     5  ffmpeg
21:33:54      997     20089    0.40    0.00    0.00    0.20    0.40     0  ffmpeg
21:33:54      997     20090    0.20    0.20    0.00    0.00    0.40     2  ffmpeg
21:33:54      997     20091    0.40    0.20    0.00    0.00    0.60    15  ffmpeg
21:33:54      997     20092    0.20    0.20    0.00    0.00    0.40    14  ffmpeg
21:33:54      997     20093    0.20    0.00    0.00    0.00    0.20    13  ffmpeg
21:33:54      997     20094    0.20    0.20    0.00    0.00    0.40     2  ffmpeg
21:33:54      997     20095    0.40    0.00    0.00    0.00    0.40    11  ffmpeg
21:33:54      997     20098    0.20    0.00    0.00    0.00    0.20    15  ffmpeg
21:33:54      997     20100    0.00    0.20    0.00    0.00    0.20    12  ffmpeg
21:33:54      997     20101    0.40    0.20    0.00    0.00    0.60     0  ffmpeg
21:33:54      997     20102    0.40    0.20    0.00    0.00    0.60    12  ffmpeg
21:33:54      997     20103    0.20    0.20    0.00    0.00    0.40    15  ffmpeg
21:33:54      997     20104    0.40    0.20    0.00    0.00    0.60    15  ffmpeg
21:33:54      997     20105    0.40    0.20    0.00    0.00    0.60     2  ffmpeg

# Time        UID       PID    %usr %system  %guest   %wait    %CPU   CPU  Command
21:33:59     1000     19830    8.80    5.80    0.00    0.00   14.60    14  mediamtx
21:33:59     1000     19846    0.20    0.00    0.00    0.00    0.20    15  srcpub
21:33:59     1000     19847    0.20    0.20    0.00    0.00    0.40    11  srcpub
21:33:59     1000     19849    0.20    0.20    0.00    0.00    0.40     8  srcpub
21:33:59     1000     19850    0.20    0.20    0.00    0.00    0.40    14  srcpub
21:33:59     1000     19851    0.20    0.40    0.00    0.00    0.60     2  srcpub
21:33:59     1000     19853    0.20    0.40    0.00    0.00    0.60    12  srcpub
21:33:59     1000     19854    0.20    0.20    0.00    0.00    0.40    11  srcpub
21:33:59     1000     19855    0.20    0.40    0.00    0.00    0.60    15  srcpub
21:33:59     1000     19856    0.00    0.20    0.00    0.00    0.20    12  srcpub
21:33:59     1000     19857    0.20    0.20    0.00    0.00    0.40     7  srcpub
21:33:59     1000     19858    0.40    0.20    0.00    0.00    0.60     2  srcpub
21:33:59     1000     19860    0.20    0.40    0.00    0.00    0.60     4  srcpub
21:33:59     1000     19862    0.20    0.20    0.00    0.00    0.40     5  srcpub
21:33:59     1000     19863    0.20    0.40    0.00    0.00    0.60    12  srcpub
21:33:59     1000     19864    0.20    0.00    0.00    0.00    0.20     0  srcpub
21:33:59     1000     19865    0.20    0.40    0.00    0.00    0.60    11  srcpub
21:33:59     1000     19868    0.20    0.20    0.00    0.00    0.40    14  srcpub
21:33:59     1000     19874    0.00    0.20    0.00    0.00    0.20    13  srcpub
21:33:59     1000     19877    0.20    0.40    0.00    0.00    0.60     0  srcpub
21:33:59     1000     19878    0.00    0.40    0.00    0.00    0.40     8  srcpub
21:33:59     1000     19879    0.20    0.20    0.00    0.00    0.40     5  srcpub
21:33:59     1000     19881    0.40    0.40    0.00    0.00    0.80     9  srcpub
21:33:59     1000     19882    0.00    0.20    0.00    0.00    0.20    12  srcpub
21:33:59     1000     19884    0.20    0.20    0.00    0.00    0.40     0  srcpub
21:33:59     1000     19885    0.00    0.40    0.00    0.00    0.40    15  srcpub
21:33:59     1000     19886    0.40    0.20    0.00    0.00    0.60     7  srcpub
21:33:59     1000     19887    0.20    0.20    0.00    0.00    0.40     6  srcpub
21:33:59     1000     19894    0.40    0.20    0.00    0.00    0.60     7  srcpub
21:33:59      997     20086    0.40    0.60    0.00    0.00    1.00    11  ffmpeg
21:33:59      997     20088    0.60    0.20    0.00    0.00    0.80     5  ffmpeg
21:33:59      997     20089    0.20    0.20    0.00    0.00    0.40     0  ffmpeg
21:33:59      997     20090    0.40    0.00    0.00    0.00    0.40     3  ffmpeg
21:33:59      997     20091    0.40    0.00    0.00    0.00    0.40     2  ffmpeg
21:33:59      997     20092    0.40    0.20    0.00    0.00    0.60    14  ffmpeg
21:33:59      997     20093    0.20    0.20    0.00    0.00    0.40     9  ffmpeg
21:33:59      997     20094    0.40    0.00    0.00    0.00    0.40    11  ffmpeg
21:33:59      997     20095    0.20    0.20    0.00    0.00    0.40     9  ffmpeg
21:33:59      997     20098    0.40    0.20    0.00    0.00    0.60     4  ffmpeg
21:33:59      997     20100    0.40    0.00    0.00    0.00    0.40     9  ffmpeg
21:33:59      997     20101    0.20    0.20    0.00    0.00    0.40     5  ffmpeg
21:33:59      997     20102    0.40    0.00    0.00    0.00    0.40     8  ffmpeg
21:33:59      997     20103    0.40    0.00    0.00    0.00    0.40     3  ffmpeg
21:33:59      997     20104    0.20    0.20    0.00    0.00    0.40    15  ffmpeg
21:33:59      997     20105    0.40    0.00    0.00    0.00    0.40     2  ffmpeg

# Time        UID       PID    %usr %system  %guest   %wait    %CPU   CPU  Command
21:34:04     1000     19830    9.60    5.80    0.00    0.00   15.40    14  mediamtx
21:34:04     1000     19846    0.20    0.40    0.00    0.00    0.60     9  srcpub
21:34:04     1000     19847    0.20    0.40    0.00    0.00    0.60     7  srcpub
21:34:04     1000     19849    0.20    0.20    0.00    0.00    0.40     9  srcpub
21:34:04     1000     19850    0.40    0.20    0.00    0.00    0.60     7  srcpub
21:34:04     1000     19851    0.20    0.20    0.00    0.00    0.40     2  srcpub
21:34:04     1000     19853    0.20    0.40    0.00    0.00    0.60    12  srcpub
21:34:04     1000     19854    0.20    0.00    0.00    0.00    0.20    10  srcpub
21:34:04     1000     19855    0.00    0.20    0.00    0.00    0.20     4  srcpub
21:34:04     1000     19856    0.20    0.20    0.00    0.00    0.40    12  srcpub
21:34:04     1000     19857    0.40    0.40    0.00    0.00    0.80    13  srcpub
21:34:04     1000     19858    0.20    0.20    0.00    0.00    0.40    14  srcpub
21:34:04     1000     19860    0.00    0.40    0.00    0.00    0.40     6  srcpub
21:34:04     1000     19862    0.20    0.20    0.00    0.00    0.40     7  srcpub
21:34:04     1000     19863    0.20    0.40    0.00    0.00    0.60    12  srcpub
21:34:04     1000     19864    0.20    0.00    0.00    0.00    0.20     5  srcpub
21:34:04     1000     19865    0.00    0.20    0.00    0.00    0.20    11  srcpub
21:34:04     1000     19868    0.40    0.40    0.00    0.00    0.80     1  srcpub
21:34:04     1000     19874    0.20    0.00    0.00    0.00    0.20     9  srcpub
21:34:04     1000     19877    0.20    0.40    0.00    0.00    0.60     3  srcpub
21:34:04     1000     19878    0.20    0.40    0.00    0.00    0.60    14  srcpub
21:34:04     1000     19879    0.00    0.40    0.00    0.00    0.40     3  srcpub
21:34:04     1000     19881    0.00    0.20    0.00    0.00    0.20     6  srcpub
21:34:04     1000     19882    0.40    0.00    0.00    0.00    0.40    12  srcpub
21:34:04     1000     19884    0.20    0.40    0.00    0.00    0.60     3  srcpub
21:34:04     1000     19885    0.20    0.40    0.00    0.00    0.60    12  srcpub
21:34:04     1000     19886    0.20    0.20    0.00    0.00    0.40     3  srcpub
21:34:04     1000     19887    0.20    0.20    0.00    0.00    0.40    13  srcpub
21:34:04     1000     19894    0.40    0.20    0.00    0.00    0.60     7  srcpub
21:34:04      997     20086    0.80    0.40    0.00    0.00    1.20    15  ffmpeg
21:34:04      997     20088    0.60    0.40    0.00    0.00    1.00    12  ffmpeg
21:34:04      997     20089    0.40    0.20    0.00    0.00    0.60    12  ffmpeg
21:34:04      997     20090    0.20    0.20    0.00    0.00    0.40    12  ffmpeg
21:34:04      997     20091    0.20    0.20    0.00    0.00    0.40     2  ffmpeg
21:34:04      997     20092    0.40    0.00    0.00    0.00    0.40     0  ffmpeg
21:34:04      997     20093    0.40    0.20    0.00    0.00    0.60     4  ffmpeg
21:34:04      997     20094    0.20    0.20    0.00    0.00    0.40    12  ffmpeg
21:34:04      997     20095    0.40    0.00    0.00    0.00    0.40     6  ffmpeg
21:34:04      997     20098    0.20    0.20    0.00    0.00    0.40     1  ffmpeg
21:34:04      997     20100    0.40    0.20    0.00    0.00    0.60     1  ffmpeg
21:34:04      997     20101    0.40    0.00    0.00    0.00    0.40     5  ffmpeg
21:34:04      997     20102    0.20    0.20    0.00    0.00    0.40     1  ffmpeg
21:34:04      997     20103    0.40    0.20    0.00    0.00    0.60    15  ffmpeg
21:34:04      997     20104    0.20    0.00    0.00    0.00    0.20     5  ffmpeg
21:34:04      997     20105    0.00    0.60    0.00    0.00    0.60     2  ffmpeg

# Time        UID       PID    %usr %system  %guest   %wait    %CPU   CPU  Command
21:34:09     1000     19830    8.00    6.40    0.00    0.00   14.40    14  mediamtx
21:34:09     1000     19846    0.20    0.40    0.00    0.00    0.60    10  srcpub
21:34:09     1000     19847    0.20    0.20    0.00    0.00    0.40    14  srcpub
21:34:09     1000     19849    0.20    0.40    0.00    0.00    0.60     7  srcpub
21:34:09     1000     19850    0.20    0.20    0.00    0.00    0.40     3  srcpub
21:34:09     1000     19851    0.20    0.20    0.00    0.00    0.40    11  srcpub
21:34:09     1000     19853    0.20    0.40    0.00    0.00    0.60     3  srcpub
21:34:09     1000     19854    0.20    0.20    0.00    0.00    0.40    14  srcpub
21:34:09     1000     19855    0.20    0.40    0.00    0.00    0.60     8  srcpub
21:34:09     1000     19856    0.20    0.20    0.00    0.00    0.40    15  srcpub
21:34:09     1000     19857    0.20    0.00    0.00    0.00    0.20    13  srcpub
21:34:09     1000     19858    0.20    0.20    0.00    0.00    0.40    14  srcpub
21:34:09     1000     19860    0.00    0.40    0.00    0.00    0.40     6  srcpub
21:34:09     1000     19862    0.00    0.20    0.00    0.00    0.20     8  srcpub
21:34:09     1000     19863    0.20    0.40    0.00    0.00    0.60     7  srcpub
21:34:09     1000     19864    0.40    0.00    0.00    0.00    0.40    12  srcpub
21:34:09     1000     19865    0.20    0.40    0.00    0.00    0.60    11  srcpub
21:34:09     1000     19868    0.20    0.20    0.00    0.00    0.40    11  srcpub
21:34:09     1000     19874    0.20    0.20    0.00    0.00    0.40     9  srcpub
21:34:09     1000     19877    0.20    0.20    0.00    0.00    0.40     8  srcpub
21:34:09     1000     19878    0.20    0.40    0.00    0.00    0.60    14  srcpub
21:34:09     1000     19879    0.40    0.00    0.00    0.00    0.40    10  srcpub
21:34:09     1000     19881    0.40    0.20    0.00    0.00    0.60     7  srcpub
21:34:09     1000     19882    0.20    0.20    0.00    0.00    0.40     0  srcpub
21:34:09     1000     19884    0.20    0.20    0.00    0.00    0.40     6  srcpub
21:34:09     1000     19885    0.20    0.40    0.00    0.00    0.60    12  srcpub
21:34:09     1000     19886    0.20    0.20    0.00    0.00    0.40    12  srcpub
21:34:09     1000     19887    0.20    0.20    0.00    0.00    0.40    13  srcpub
21:34:09     1000     19894    0.00    0.40    0.00    0.00    0.40     7  srcpub
21:34:09      997     20086    0.80    0.20    0.00    0.00    1.00     6  ffmpeg
21:34:09      997     20088    0.80    0.40    0.00    0.00    1.20     7  ffmpeg
21:34:09      997     20089    0.20    0.20    0.00    0.00    0.40    12  ffmpeg
21:34:09      997     20090    0.40    0.20    0.00    0.00    0.60    12  ffmpeg
21:34:09      997     20091    0.40    0.20    0.00    0.00    0.60     2  ffmpeg
21:34:09      997     20092    0.20    0.20    0.00    0.00    0.40    13  ffmpeg
21:34:09      997     20093    0.20    0.00    0.00    0.00    0.20    11  ffmpeg
21:34:09      997     20094    0.20    0.20    0.00    0.00    0.40    12  ffmpeg
21:34:09      997     20095    0.20    0.20    0.00    0.00    0.40     7  ffmpeg
21:34:09      997     20098    0.40    0.00    0.00    0.00    0.40     0  ffmpeg
21:34:09      997     20100    0.20    0.20    0.00    0.00    0.40     2  ffmpeg
21:34:09      997     20101    0.20    0.20    0.00    0.00    0.40    14  ffmpeg
21:34:09      997     20102    0.20    0.20    0.00    0.00    0.40    15  ffmpeg
21:34:09      997     20103    0.20    0.20    0.00    0.00    0.40    15  ffmpeg
21:34:09      997     20104    0.40    0.20    0.00    0.00    0.60    11  ffmpeg
21:34:09      997     20105    0.20    0.00    0.00    0.00    0.20     3  ffmpeg

# Time        UID       PID    %usr %system  %guest   %wait    %CPU   CPU  Command
21:34:14     1000     19830    9.20    6.00    0.00    0.00   15.20    14  mediamtx
21:34:14     1000     19846    0.20    0.20    0.00    0.00    0.40    10  srcpub
21:34:14     1000     19847    0.20    0.40    0.00    0.00    0.60    13  srcpub
21:34:14     1000     19849    0.20    0.20    0.00    0.00    0.40     4  srcpub
21:34:14     1000     19850    0.40    0.20    0.00    0.00    0.60     3  srcpub
21:34:14     1000     19851    0.40    0.20    0.00    0.00    0.60     6  srcpub
21:34:14     1000     19853    0.00    0.40    0.00    0.00    0.40     6  srcpub
21:34:14     1000     19854    0.00    0.20    0.00    0.00    0.20    15  srcpub
21:34:14     1000     19855    0.00    0.20    0.00    0.00    0.20     8  srcpub
21:34:14     1000     19856    0.00    0.40    0.00    0.00    0.40    15  srcpub
21:34:14     1000     19857    0.40    0.20    0.00    0.00    0.60    13  srcpub
21:34:14     1000     19858    0.20    0.20    0.00    0.00    0.40     0  srcpub
21:34:14     1000     19860    0.20    0.20    0.00    0.00    0.40     9  srcpub
21:34:14     1000     19862    0.00    0.40    0.00    0.00    0.40    12  srcpub
21:34:14     1000     19863    0.20    0.20    0.00    0.00    0.40    12  srcpub
21:34:14     1000     19864    0.20    0.20    0.00    0.00    0.40     6  srcpub
21:34:14     1000     19865    0.20    0.20    0.00    0.00    0.40    12  srcpub
21:34:14     1000     19868    0.40    0.20    0.00    0.00    0.60    12  srcpub
21:34:14     1000     19874    0.20    0.20    0.00    0.00    0.40     2  srcpub
21:34:14     1000     19877    0.20    0.20    0.00    0.00    0.40     5  srcpub
21:34:14     1000     19878    0.20    0.20    0.00    0.00    0.40    14  srcpub
21:34:14     1000     19879    0.20    0.20    0.00    0.00    0.40    13  srcpub
21:34:14     1000     19881    0.20    0.20    0.00    0.00    0.40     4  srcpub
21:34:14     1000     19882    0.00    0.40    0.00    0.00    0.40     1  srcpub
21:34:14     1000     19884    0.00    0.60    0.00    0.00    0.60     4  srcpub
21:34:14     1000     19885    0.00    0.40    0.00    0.00    0.40    13  srcpub
21:34:14     1000     19886    0.40    0.20    0.00    0.00    0.60     3  srcpub
21:34:14     1000     19887    0.20    0.20    0.00    0.00    0.40     8  srcpub
21:34:14     1000     19894    0.40    0.20    0.00    0.00    0.60    12  srcpub
21:34:14      997     20086    0.60    0.40    0.00    0.00    1.00     3  ffmpeg
21:34:14      997     20088    0.60    0.20    0.00    0.00    0.80    13  ffmpeg
21:34:14      997     20089    0.40    0.20    0.00    0.00    0.60    12  ffmpeg
21:34:14      997     20090    0.20    0.20    0.00    0.00    0.40     3  ffmpeg
21:34:14      997     20091    0.40    0.00    0.00    0.00    0.40     9  ffmpeg
21:34:14      997     20092    0.40    0.00    0.00    0.00    0.40     8  ffmpeg
21:34:14      997     20093    0.40    0.20    0.00    0.00    0.60     3  ffmpeg
21:34:14      997     20094    0.40    0.20    0.00    0.00    0.60    13  ffmpeg
21:34:14      997     20095    0.20    0.20    0.00    0.00    0.40     1  ffmpeg
21:34:14      997     20098    0.20    0.20    0.00    0.00    0.40    14  ffmpeg
21:34:14      997     20100    0.40    0.00    0.00    0.00    0.40     1  ffmpeg
21:34:14      997     20101    0.40    0.20    0.00    0.00    0.60    14  ffmpeg
21:34:14      997     20102    0.40    0.20    0.00    0.00    0.60     0  ffmpeg
21:34:14      997     20103    0.40    0.00    0.00    0.00    0.40    15  ffmpeg
21:34:14      997     20104    0.20    0.20    0.00    0.00    0.40    12  ffmpeg
21:34:14      997     20105    0.20    0.20    0.00    0.00    0.40    12  ffmpeg

# Time        UID       PID    %usr %system  %guest   %wait    %CPU   CPU  Command
21:34:19     1000     19830    9.00    5.40    0.00    0.00   14.40    14  mediamtx
21:34:19     1000     19846    0.40    0.20    0.00    0.00    0.60    12  srcpub
21:34:19     1000     19847    0.00    0.20    0.00    0.00    0.20    14  srcpub
21:34:19     1000     19849    0.20    0.40    0.00    0.00    0.60     8  srcpub
21:34:19     1000     19850    0.20    0.20    0.00    0.00    0.40     6  srcpub
21:34:19     1000     19851    0.20    0.00    0.00    0.00    0.20    12  srcpub
21:34:19     1000     19853    0.20    0.20    0.00    0.00    0.40     7  srcpub
21:34:19     1000     19854    0.20    0.00    0.00    0.00    0.20    11  srcpub
21:34:19     1000     19855    0.20    0.40    0.00    0.00    0.60     9  srcpub
21:34:19     1000     19856    0.00    0.40    0.00    0.00    0.40    15  srcpub
21:34:19     1000     19857    0.20    0.20    0.00    0.00    0.40     0  srcpub
21:34:19     1000     19858    0.00    0.20    0.00    0.00    0.20     0  srcpub
21:34:19     1000     19860    0.00    0.40    0.00    0.00    0.40     9  srcpub
21:34:19     1000     19862    0.20    0.40    0.00    0.00    0.60     3  srcpub
21:34:19     1000     19863    0.20    0.40    0.00    0.00    0.60     7  srcpub
21:34:19     1000     19864    0.40    0.00    0.00    0.00    0.40     5  srcpub
21:34:19     1000     19865    0.20    0.20    0.00    0.00    0.40    12  srcpub
21:34:19     1000     19868    0.20    0.20    0.00    0.00    0.40    12  srcpub
21:34:19     1000     19877    0.40    0.20    0.00    0.00    0.60     6  srcpub
21:34:19     1000     19878    0.20    0.40    0.00    0.00    0.60    14  srcpub
21:34:19     1000     19879    0.20    0.00    0.00    0.00    0.20    13  srcpub
21:34:19     1000     19881    0.20    0.20    0.00    0.00    0.40     4  srcpub
21:34:19     1000     19882    0.00    0.20    0.00    0.00    0.20     6  srcpub
21:34:19     1000     19884    0.40    0.20    0.00    0.00    0.60     4  srcpub
21:34:19     1000     19885    0.20    0.20    0.00    0.00    0.40    12  srcpub
21:34:19     1000     19886    0.20    0.20    0.00    0.00    0.40     3  srcpub
21:34:19     1000     19887    0.20    0.20    0.00    0.00    0.40    13  srcpub
21:34:19     1000     19894    0.20    0.20    0.00    0.00    0.40     7  srcpub
21:34:19      997     20086    0.60    0.40    0.00    0.00    1.00    13  ffmpeg
21:34:19      997     20088    0.80    0.20    0.00    0.00    1.00     3  ffmpeg
21:34:19      997     20089    0.20    0.20    0.00    0.00    0.40    12  ffmpeg
21:34:19      997     20090    0.40    0.00    0.00    0.00    0.40     0  ffmpeg
21:34:19      997     20091    0.20    0.20    0.00    0.00    0.40     2  ffmpeg
21:34:19      997     20092    0.20    0.20    0.00    0.00    0.40    10  ffmpeg
21:34:19      997     20093    0.20    0.20    0.00    0.00    0.40     3  ffmpeg
21:34:19      997     20094    0.20    0.20    0.00    0.00    0.40    13  ffmpeg
21:34:19      997     20095    0.40    0.20    0.00    0.00    0.60    15  ffmpeg
21:34:19      997     20098    0.40    0.20    0.00    0.00    0.60    14  ffmpeg
21:34:19      997     20100    0.40    0.00    0.00    0.00    0.40     1  ffmpeg
21:34:19      997     20101    0.40    0.00    0.00    0.00    0.40    15  ffmpeg
21:34:19      997     20102    0.20    0.20    0.00    0.00    0.40    15  ffmpeg
21:34:19      997     20103    0.00    0.40    0.00    0.00    0.40     6  ffmpeg
21:34:19      997     20104    0.20    0.20    0.00    0.00    0.40    12  ffmpeg
21:34:19      997     20105    0.40    0.20    0.00    0.00    0.60    13  ffmpeg

# Time        UID       PID    %usr %system  %guest   %wait    %CPU   CPU  Command
21:34:24     1000     19830    9.40    5.60    0.00    0.00   15.00    14  mediamtx
21:34:24     1000     19846    0.00    0.40    0.00    0.00    0.40    12  srcpub
21:34:24     1000     19847    0.20    0.40    0.00    0.00    0.60    14  srcpub
21:34:24     1000     19849    0.20    0.20    0.00    0.00    0.40     6  srcpub
21:34:24     1000     19850    0.40    0.20    0.00    0.00    0.60     6  srcpub
21:34:24     1000     19851    0.20    0.20    0.00    0.00    0.40     7  srcpub
21:34:24     1000     19853    0.40    0.40    0.00    0.00    0.80     7  srcpub
21:34:24     1000     19854    0.20    0.20    0.00    0.00    0.40    10  srcpub
21:34:24     1000     19855    0.00    0.20    0.00    0.00    0.20    12  srcpub
21:34:24     1000     19856    0.20    0.20    0.00    0.00    0.40     2  srcpub
21:34:24     1000     19857    0.40    0.20    0.00    0.00    0.60     2  srcpub
21:34:24     1000     19858    0.20    0.20    0.00    0.00    0.40     1  srcpub
21:34:24     1000     19860    0.20    0.20    0.00    0.00    0.40     8  srcpub
21:34:24     1000     19862    0.00    0.20    0.00    0.00    0.20    15  srcpub
21:34:24     1000     19863    0.20    0.40    0.00    0.00    0.60     2  srcpub
21:34:24     1000     19864    0.20    0.00    0.00    0.00    0.20     7  srcpub
21:34:24     1000     19865    0.20    0.20    0.00    0.00    0.40    12  srcpub
21:34:24     1000     19868    0.40    0.20    0.00    0.00    0.60    11  srcpub
21:34:24     1000     19874    0.20    0.20    0.00    0.00    0.40    12  srcpub
21:34:24     1000     19877    0.20    0.20    0.00    0.00    0.40     6  srcpub
21:34:24     1000     19878    0.20    0.40    0.00    0.00    0.60    14  srcpub
21:34:24     1000     19879    0.20    0.20    0.00    0.00    0.40     3  srcpub
21:34:24     1000     19881    0.20    0.40    0.00    0.00    0.60     8  srcpub
21:34:24     1000     19882    0.20    0.20    0.00    0.00    0.40     6  srcpub
21:34:24     1000     19884    0.20    0.20    0.00    0.00    0.40     4  srcpub
21:34:24     1000     19885    0.20    0.40    0.00    0.00    0.60    12  srcpub
21:34:24     1000     19886    0.40    0.20    0.00    0.00    0.60     3  srcpub
21:34:24     1000     19887    0.20    0.20    0.00    0.00    0.40     6  srcpub
21:34:24     1000     19894    0.20    0.40    0.00    0.00    0.60     7  srcpub
21:34:24      997     20086    0.60    0.40    0.00    0.00    1.00    10  ffmpeg
21:34:24      997     20088    0.60    0.40    0.00    0.00    1.00    12  ffmpeg
21:34:24      997     20089    0.20    0.00    0.00    0.00    0.20    15  ffmpeg
21:34:24      997     20090    0.20    0.20    0.00    0.00    0.40     2  ffmpeg
21:34:24      997     20091    0.40    0.00    0.00    0.00    0.40     2  ffmpeg
21:34:24      997     20092    0.20    0.20    0.00    0.00    0.40    11  ffmpeg
21:34:24      997     20093    0.00    0.40    0.00    0.00    0.40     4  ffmpeg
21:34:24      997     20094    0.20    0.20    0.00    0.00    0.40    12  ffmpeg
21:34:24      997     20095    0.20    0.20    0.00    0.00    0.40    15  ffmpeg
21:34:24      997     20098    0.20    0.20    0.00    0.20    0.40     0  ffmpeg
21:34:24      997     20100    0.40    0.20    0.00    0.00    0.60     6  ffmpeg
21:34:24      997     20101    0.20    0.20    0.00    0.00    0.40    15  ffmpeg
21:34:24      997     20102    0.40    0.20    0.00    0.00    0.60     8  ffmpeg
21:34:24      997     20103    0.60    0.00    0.00    0.00    0.60    15  ffmpeg
21:34:24      997     20104    0.40    0.00    0.00    0.00    0.40     1  ffmpeg
21:34:24      997     20105    0.00    0.40    0.00    0.00    0.40     9  ffmpeg

# Time        UID       PID    %usr %system  %guest   %wait    %CPU   CPU  Command
21:34:29     1000     19830    9.40    5.60    0.00    0.00   15.00    14  mediamtx
21:34:29     1000     19846    0.20    0.40    0.00    0.00    0.60    10  srcpub
21:34:29     1000     19847    0.20    0.20    0.00    0.00    0.40    13  srcpub
21:34:29     1000     19849    0.20    0.20    0.00    0.00    0.40     6  srcpub
21:34:29     1000     19850    0.20    0.20    0.00    0.00    0.40     4  srcpub
21:34:29     1000     19851    0.40    0.20    0.00    0.00    0.60     7  srcpub
21:34:29     1000     19853    0.20    0.20    0.00    0.00    0.40     6  srcpub
21:34:29     1000     19854    0.20    0.00    0.00    0.00    0.20    12  srcpub
21:34:29     1000     19855    0.20    0.40    0.00    0.00    0.60     0  srcpub
21:34:29     1000     19856    0.20    0.20    0.00    0.00    0.40     2  srcpub
21:34:29     1000     19857    0.40    0.00    0.00    0.00    0.40    13  srcpub
21:34:29     1000     19858    0.20    0.20    0.00    0.00    0.40    10  srcpub
21:34:29     1000     19860    0.20    0.20    0.00    0.00    0.40     2  srcpub
21:34:29     1000     19862    0.20    0.20    0.00    0.00    0.40     3  srcpub
21:34:29     1000     19863    0.40    0.20    0.00    0.00    0.60     6  srcpub
21:34:29     1000     19864    0.40    0.00    0.00    0.00    0.40     6  srcpub
21:34:29     1000     19865    0.20    0.20    0.00    0.00    0.40    13  srcpub
21:34:29     1000     19868    0.20    0.20    0.00    0.00    0.40     4  srcpub
21:34:29     1000     19874    0.20    0.00    0.00    0.00    0.20     9  srcpub
21:34:29     1000     19877    0.20    0.40    0.00    0.00    0.60    15  srcpub
21:34:29     1000     19878    0.20    0.20    0.00    0.00    0.40    14  srcpub
21:34:29     1000     19879    0.40    0.00    0.00    0.00    0.40     0  srcpub
21:34:29     1000     19881    0.20    0.20    0.00    0.00    0.40     8  srcpub
21:34:29     1000     19882    0.00    0.40    0.00    0.00    0.40    11  srcpub
21:34:29     1000     19884    0.20    0.20    0.00    0.00    0.40     7  srcpub
21:34:29     1000     19885    0.20    0.20    0.00    0.00    0.40    12  srcpub
21:34:29     1000     19886    0.20    0.40    0.00    0.00    0.60     6  srcpub
21:34:29     1000     19887    0.20    0.20    0.00    0.00    0.40    13  srcpub
21:34:29     1000     19894    0.20    0.20    0.00    0.00    0.40    12  srcpub
21:34:29      997     20086    0.80    0.20    0.00    0.00    1.00     3  ffmpeg
21:34:29      997     20088    0.60    0.40    0.00    0.00    1.00     7  ffmpeg
21:34:29      997     20089    0.40    0.20    0.00    0.00    0.60     0  ffmpeg
21:34:29      997     20090    0.40    0.00    0.00    0.00    0.40     0  ffmpeg
21:34:29      997     20091    0.20    0.20    0.00    0.00    0.40     2  ffmpeg
21:34:29      997     20092    0.40    0.20    0.00    0.00    0.60    10  ffmpeg
21:34:29      997     20093    0.40    0.00    0.00    0.00    0.40     9  ffmpeg
21:34:29      997     20094    0.20    0.00    0.00    0.00    0.20    12  ffmpeg
21:34:29      997     20095    0.40    0.20    0.00    0.00    0.60     0  ffmpeg
21:34:29      997     20098    0.20    0.20    0.00    0.00    0.40     1  ffmpeg
21:34:29      997     20100    0.40    0.00    0.00    0.00    0.40    12  ffmpeg
21:34:29      997     20101    0.40    0.20    0.00    0.00    0.60     8  ffmpeg
21:34:29      997     20102    0.20    0.20    0.00    0.00    0.40     5  ffmpeg
21:34:29      997     20103    0.40    0.00    0.00    0.00    0.40     6  ffmpeg
21:34:29      997     20104    0.20    0.20    0.00    0.00    0.40    12  ffmpeg
21:34:29      997     20105    0.20    0.20    0.00    0.00    0.40    13  ffmpeg

# Time        UID       PID    %usr %system  %guest   %wait    %CPU   CPU  Command
21:34:34     1000     19830    8.60    5.80    0.00    0.00   14.40    14  mediamtx
21:34:34     1000     19846    0.20    0.20    0.00    0.00    0.40    14  srcpub
21:34:34     1000     19847    0.20    0.40    0.00    0.00    0.60    13  srcpub
21:34:34     1000     19849    0.20    0.40    0.00    0.00    0.60     2  srcpub
21:34:34     1000     19850    0.20    0.20    0.00    0.00    0.40    15  srcpub
21:34:34     1000     19851    0.20    0.20    0.00    0.00    0.40     7  srcpub
21:34:34     1000     19853    0.20    0.40    0.00    0.00    0.60     6  srcpub
21:34:34     1000     19854    0.20    0.20    0.00    0.00    0.40    14  srcpub
21:34:34     1000     19855    0.00    0.20    0.00    0.00    0.20    12  srcpub
21:34:34     1000     19856    0.20    0.00    0.00    0.00    0.20    15  srcpub
21:34:34     1000     19857    0.40    0.20    0.00    0.00    0.60     2  srcpub
21:34:34     1000     19858    0.20    0.20    0.00    0.00    0.40    10  srcpub
21:34:34     1000     19860    0.00    0.40    0.00    0.00    0.40     4  srcpub
21:34:34     1000     19862    0.20    0.20    0.00    0.00    0.40    12  srcpub
21:34:34     1000     19863    0.20    0.40    0.00    0.00    0.60     7  srcpub
21:34:34     1000     19864    0.20    0.20    0.00    0.00    0.40     7  srcpub
21:34:34     1000     19865    0.20    0.20    0.00    0.00    0.40    13  srcpub
21:34:34     1000     19868    0.40    0.20    0.00    0.00    0.60    11  srcpub
21:34:34     1000     19874    0.20    0.20    0.00    0.00    0.40    12  srcpub
21:34:34     1000     19877    0.40    0.20    0.00    0.00    0.60    15  srcpub
21:34:34     1000     19878    0.20    0.40    0.00    0.00    0.60    14  srcpub
21:34:34     1000     19879    0.00    0.40    0.00    0.00    0.40    11  srcpub
21:34:34     1000     19881    0.20    0.40    0.00    0.00    0.60     3  srcpub
21:34:34     1000     19882    0.00    0.20    0.00    0.00    0.20     9  srcpub
21:34:34     1000     19884    0.20    0.40    0.00    0.00    0.60     6  srcpub
21:34:34     1000     19885    0.20    0.40    0.00    0.00    0.60    12  srcpub
21:34:34     1000     19886    0.20    0.20    0.00    0.00    0.40    15  srcpub
21:34:34     1000     19887    0.20    0.20    0.00    0.00    0.40    13  srcpub
21:34:34     1000     19894    0.40    0.40    0.00    0.00    0.80     6  srcpub
21:34:34      997     20086    0.60    0.40    0.00    0.00    1.00     8  ffmpeg
21:34:34      997     20088    0.60    0.40    0.00    0.00    1.00    14  ffmpeg
21:34:34      997     20089    0.20    0.40    0.00    0.00    0.60     9  ffmpeg
21:34:34      997     20090    0.20    0.20    0.00    0.00    0.40     6  ffmpeg
21:34:34      997     20091    0.40    0.20    0.00    0.00    0.60     2  ffmpeg
21:34:34      997     20092    0.20    0.20    0.00    0.20    0.40    15  ffmpeg
21:34:34      997     20093    0.20    0.20    0.00    0.00    0.40    12  ffmpeg
21:34:34      997     20094    0.40    0.20    0.00    0.00    0.60     7  ffmpeg
21:34:34      997     20095    0.20    0.20    0.00    0.00    0.40    13  ffmpeg
21:34:34      997     20098    0.40    0.00    0.00    0.00    0.40    15  ffmpeg
21:34:34      997     20100    0.20    0.20    0.00    0.00    0.40     4  ffmpeg
21:34:34      997     20101    0.20    0.20    0.00    0.00    0.40     1  ffmpeg
21:34:34      997     20102    0.40    0.00    0.00    0.00    0.40     0  ffmpeg
21:34:34      997     20103    0.40    0.00    0.00    0.00    0.40    15  ffmpeg
21:34:34      997     20104    0.40    0.20    0.00    0.00    0.60    14  ffmpeg
21:34:34      997     20105    0.40    0.20    0.00    0.00    0.60     9  ffmpeg

# Time        UID       PID    %usr %system  %guest   %wait    %CPU   CPU  Command
21:34:39     1000     19830    9.40    6.20    0.00    0.00   15.60    14  mediamtx
21:34:39     1000     19846    0.40    0.20    0.00    0.00    0.60    13  srcpub
21:34:39     1000     19847    0.20    0.20    0.00    0.00    0.40     1  srcpub
21:34:39     1000     19849    0.20    0.20    0.00    0.00    0.40     6  srcpub
21:34:39     1000     19850    0.40    0.00    0.00    0.00    0.40    14  srcpub
21:34:39     1000     19851    0.40    0.20    0.00    0.00    0.60     6  srcpub
21:34:39     1000     19853    0.20    0.20    0.00    0.00    0.40     6  srcpub
21:34:39     1000     19854    0.20    0.00    0.00    0.00    0.20    15  srcpub
21:34:39     1000     19855    0.00    0.40    0.00    0.00    0.40    12  srcpub
21:34:39     1000     19856    0.00    0.40    0.00    0.00    0.40    15  srcpub
21:34:39     1000     19857    0.40    0.20    0.00    0.00    0.60     5  srcpub
21:34:39     1000     19858    0.00    0.40    0.00    0.00    0.40    10  srcpub
21:34:39     1000     19860    0.20    0.20    0.00    0.00    0.40     9  srcpub
21:34:39     1000     19862    0.00    0.40    0.00    0.00    0.40     1  srcpub
21:34:39     1000     19863    0.20    0.40    0.00    0.00    0.60     4  srcpub
21:34:39     1000     19864    0.40    0.00    0.00    0.00    0.40     7  srcpub
21:34:39     1000     19865    0.00    0.40    0.00    0.00    0.40     7  srcpub
21:34:39     1000     19868    0.20    0.20    0.00    0.00    0.40     1  srcpub
21:34:39     1000     19874    0.20    0.00    0.00    0.00    0.20    13  srcpub
21:34:39     1000     19877    0.00    0.40    0.00    0.00    0.40    14  srcpub
21:34:39     1000     19878    0.20    0.40    0.00    0.00    0.60    14  srcpub
21:34:39     1000     19879    0.20    0.00    0.00    0.00    0.20     7  srcpub
21:34:39     1000     19881    0.00    0.40    0.00    0.00    0.40     3  srcpub
21:34:39     1000     19882    0.00    0.40    0.00    0.00    0.40    11  srcpub
21:34:39     1000     19884    0.20    0.20    0.00    0.00    0.40     6  srcpub
21:34:39     1000     19885    0.20    0.40    0.00    0.00    0.60    14  srcpub
21:34:39     1000     19886    0.20    0.20    0.00    0.00    0.40    15  srcpub
21:34:39     1000     19887    0.00    0.20    0.00    0.00    0.20    11  srcpub
21:34:39     1000     19894    0.20    0.20    0.00    0.00    0.40     2  srcpub
21:34:39      997     20086    0.80    0.20    0.00    0.00    1.00    12  ffmpeg
21:34:39      997     20088    0.80    0.40    0.00    0.00    1.20     3  ffmpeg
21:34:39      997     20089    0.20    0.20    0.00    0.00    0.40     0  ffmpeg
21:34:39      997     20090    0.40    0.20    0.00    0.00    0.60     0  ffmpeg
21:34:39      997     20091    0.20    0.20    0.00    0.00    0.40     5  ffmpeg
21:34:39      997     20092    0.40    0.00    0.00    0.00    0.40     1  ffmpeg
21:34:39      997     20093    0.40    0.20    0.00    0.00    0.60    14  ffmpeg
21:34:39      997     20094    0.20    0.20    0.00    0.00    0.40    12  ffmpeg
21:34:39      997     20095    0.20    0.00    0.00    0.00    0.20     0  ffmpeg
21:34:39      997     20098    0.40    0.20    0.00    0.00    0.60    15  ffmpeg
21:34:39      997     20100    0.20    0.20    0.00    0.00    0.40     0  ffmpeg
21:34:39      997     20101    0.40    0.00    0.00    0.00    0.40     1  ffmpeg
21:34:39      997     20102    0.20    0.20    0.00    0.00    0.40     0  ffmpeg
21:34:39      997     20103    0.20    0.20    0.00    0.00    0.40    15  ffmpeg
21:34:39      997     20104    0.20    0.00    0.00    0.00    0.20    14  ffmpeg
21:34:39      997     20105    0.40    0.00    0.00    0.00    0.40     0  ffmpeg

# Time        UID       PID    %usr %system  %guest   %wait    %CPU   CPU  Command
21:34:44     1000     19830    8.80    6.20    0.00    0.00   15.00    14  mediamtx
21:34:44     1000     19846    0.00    0.40    0.00    0.00    0.40    13  srcpub
21:34:44     1000     19847    0.20    0.20    0.00    0.00    0.40    11  srcpub
21:34:44     1000     19849    0.20    0.20    0.00    0.00    0.40     3  srcpub
21:34:44     1000     19850    0.20    0.20    0.00    0.00    0.40     5  srcpub
21:34:44     1000     19851    0.20    0.20    0.00    0.00    0.40     4  srcpub
21:34:44     1000     19853    0.20    0.40    0.00    0.00    0.60     7  srcpub
21:34:44     1000     19854    0.20    0.20    0.00    0.00    0.40    15  srcpub
21:34:44     1000     19855    0.20    0.20    0.00    0.00    0.40    12  srcpub
21:34:44     1000     19856    0.20    0.40    0.00    0.00    0.60    15  srcpub
21:34:44     1000     19857    0.40    0.00    0.00    0.00    0.40    13  srcpub
21:34:44     1000     19858    0.20    0.20    0.00    0.00    0.40    10  srcpub
21:34:44     1000     19860    0.20    0.40    0.00    0.00    0.60     0  srcpub
21:34:44     1000     19862    0.20    0.20    0.00    0.00    0.40     3  srcpub
21:34:44     1000     19863    0.00    0.40    0.00    0.00    0.40     7  srcpub
21:34:44     1000     19864    0.20    0.00    0.00    0.00    0.20     5  srcpub
21:34:44     1000     19865    0.20    0.40    0.00    0.00    0.60     7  srcpub
21:34:44     1000     19868    0.40    0.40    0.00    0.00    0.80     1  srcpub
21:34:44     1000     19874    0.20    0.20    0.00    0.00    0.40     5  srcpub
21:34:44     1000     19877    0.20    0.20    0.00    0.00    0.40     5  srcpub
21:34:44     1000     19878    0.20    0.40    0.00    0.00    0.60     3  srcpub
21:34:44     1000     19879    0.20    0.40    0.00    0.00    0.60    10  srcpub
21:34:44     1000     19881    0.20    0.20    0.00    0.00    0.40     4  srcpub
21:34:44     1000     19882    0.20    0.20    0.00    0.00    0.40    11  srcpub
21:34:44     1000     19884    0.20    0.20    0.00    0.00    0.40     7  srcpub
21:34:44     1000     19885    0.00    0.40    0.00    0.00    0.40    13  srcpub
21:34:44     1000     19886    0.20    0.40    0.00    0.00    0.60    15  srcpub
21:34:44     1000     19887    0.40    0.20    0.00    0.00    0.60    11  srcpub
21:34:44     1000     19894    0.40    0.20    0.00    0.00    0.60     2  srcpub
21:34:44      997     20086    0.60    0.40    0.00    0.00    1.00     6  ffmpeg
21:34:44      997     20088    0.80    0.20    0.00    0.00    1.00    13  ffmpeg
21:34:44      997     20089    0.20    0.20    0.00    0.00    0.40     9  ffmpeg
21:34:44      997     20090    0.40    0.00    0.00    0.00    0.40     0  ffmpeg
21:34:44      997     20091    0.40    0.20    0.00    0.00    0.60     5  ffmpeg
21:34:44      997     20092    0.20    0.20    0.00    0.00    0.40     8  ffmpeg
21:34:44      997     20093    0.40    0.00    0.00    0.00    0.40    14  ffmpeg
21:34:44      997     20094    0.40    0.20    0.00    0.00    0.60    12  ffmpeg
21:34:44      997     20095    0.20    0.40    0.00    0.00    0.60    12  ffmpeg
21:34:44      997     20098    0.20    0.20    0.00    0.00    0.40     2  ffmpeg
21:34:44      997     20100    0.40    0.20    0.00    0.00    0.60     0  ffmpeg
21:34:44      997     20101    0.20    0.20    0.00    0.00    0.40     1  ffmpeg
21:34:44      997     20102    0.40    0.20    0.00    0.00    0.60     5  ffmpeg
21:34:44      997     20103    0.40    0.20    0.00    0.00    0.60     0  ffmpeg
21:34:44      997     20104    0.20    0.20    0.00    0.00    0.40    15  ffmpeg
21:34:44      997     20105    0.20    0.20    0.00    0.00    0.40     0  ffmpeg

# Time        UID       PID    %usr %system  %guest   %wait    %CPU   CPU  Command
21:34:49     1000     19830    9.60    5.80    0.00    0.00   15.40    14  mediamtx
21:34:49     1000     19846    0.20    0.20    0.00    0.00    0.40    15  srcpub
21:34:49     1000     19847    0.20    0.20    0.00    0.00    0.40     7  srcpub
21:34:49     1000     19849    0.20    0.40    0.00    0.00    0.60     6  srcpub
21:34:49     1000     19850    0.40    0.20    0.00    0.00    0.60     5  srcpub
21:34:49     1000     19851    0.40    0.20    0.00    0.00    0.60     7  srcpub
21:34:49     1000     19853    0.40    0.20    0.00    0.00    0.60     3  srcpub
21:34:49     1000     19854    0.20    0.20    0.00    0.00    0.40    15  srcpub
21:34:49     1000     19855    0.20    0.40    0.00    0.00    0.60    12  srcpub
21:34:49     1000     19856    0.00    0.40    0.00    0.00    0.40    15  srcpub
21:34:49     1000     19857    0.20    0.20    0.00    0.00    0.40     5  srcpub
21:34:49     1000     19858    0.20    0.00    0.00    0.00    0.20     1  srcpub
21:34:49     1000     19860    0.20    0.00    0.00    0.00    0.20     0  srcpub
21:34:49     1000     19862    0.20    0.20    0.00    0.00    0.40    14  srcpub
21:34:49     1000     19863    0.20    0.40    0.00    0.00    0.60     4  srcpub
21:34:49     1000     19864    0.20    0.00    0.00    0.00    0.20     6  srcpub
21:34:49     1000     19865    0.20    0.20    0.00    0.00    0.40    13  srcpub
21:34:49     1000     19868    0.20    0.20    0.00    0.00    0.40     7  srcpub
21:34:49     1000     19874    0.20    0.20    0.00    0.20    0.40    13  srcpub
21:34:49     1000     19877    0.20    0.40    0.00    0.00    0.60    14  srcpub
21:34:49     1000     19878    0.20    0.40    0.00    0.00    0.60    14  srcpub
21:34:49     1000     19879    0.20    0.00    0.00    0.00    0.20    10  srcpub
21:34:49     1000     19881    0.00    0.40    0.00    0.00    0.40     4  srcpub
21:34:49     1000     19882    0.00    0.20    0.00    0.00    0.20     9  srcpub
21:34:49     1000     19884    0.20    0.40    0.00    0.00    0.60     4  srcpub
21:34:49     1000     19885    0.20    0.40    0.00    0.00    0.60    13  srcpub
21:34:49     1000     19886    0.20    0.20    0.00    0.00    0.40     4  srcpub
21:34:49     1000     19887    0.20    0.20    0.00    0.00    0.40     7  srcpub
21:34:49     1000     19894    0.20    0.40    0.00    0.00    0.60     2  srcpub
21:34:49      997     20086    0.60    0.20    0.00    0.00    0.80     4  ffmpeg
21:34:49      997     20088    0.80    0.40    0.00    0.00    1.20     5  ffmpeg
21:34:49      997     20089    0.40    0.20    0.00    0.00    0.60     9  ffmpeg
21:34:49      997     20090    0.20    0.20    0.00    0.00    0.40     2  ffmpeg
21:34:49      997     20091    0.20    0.00    0.00    0.00    0.20     3  ffmpeg
21:34:49      997     20092    0.20    0.20    0.00    0.00    0.40     9  ffmpeg
21:34:49      997     20093    0.20    0.20    0.00    0.00    0.40     0  ffmpeg
21:34:49      997     20094    0.20    0.20    0.00    0.00    0.40     0  ffmpeg
21:34:49      997     20095    0.40    0.20    0.00    0.00    0.60    14  ffmpeg
21:34:49      997     20098    0.40    0.20    0.00    0.00    0.60     1  ffmpeg
21:34:49      997     20100    0.20    0.20    0.00    0.00    0.40     3  ffmpeg
21:34:49      997     20101    0.20    0.20    0.00    0.00    0.40    11  ffmpeg
21:34:49      997     20102    0.20    0.20    0.00    0.00    0.40     5  ffmpeg
21:34:49      997     20103    0.40    0.00    0.00    0.00    0.40    13  ffmpeg
21:34:49      997     20104    0.40    0.00    0.00    0.00    0.40    10  ffmpeg
21:34:49      997     20105    0.40    0.00    0.00    0.00    0.40    14  ffmpeg

# Time        UID       PID    %usr %system  %guest   %wait    %CPU   CPU  Command
21:34:54     1000     19830    8.80    5.80    0.00    0.00   14.60    14  mediamtx
21:34:54     1000     19846    0.20    0.40    0.00    0.00    0.60    12  srcpub
21:34:54     1000     19847    0.40    0.20    0.00    0.00    0.60     1  srcpub
21:34:54     1000     19849    0.20    0.20    0.00    0.00    0.40     6  srcpub
21:34:54     1000     19850    0.20    0.20    0.00    0.00    0.40     6  srcpub
21:34:54     1000     19851    0.20    0.20    0.00    0.00    0.40     7  srcpub
21:34:54     1000     19853    0.20    0.20    0.00    0.00    0.40     7  srcpub
21:34:54     1000     19854    0.20    0.20    0.00    0.00    0.40     8  srcpub
21:34:54     1000     19855    0.00    0.20    0.00    0.00    0.20    12  srcpub
21:34:54     1000     19856    0.00    0.40    0.00    0.00    0.40    13  srcpub
21:34:54     1000     19857    0.40    0.20    0.00    0.00    0.60     5  srcpub
21:34:54     1000     19858    0.20    0.40    0.00    0.00    0.60     1  srcpub
21:34:54     1000     19860    0.20    0.40    0.00    0.00    0.60     2  srcpub
21:34:54     1000     19862    0.00    0.40    0.00    0.00    0.40    15  srcpub
21:34:54     1000     19863    0.40    0.20    0.00    0.00    0.60     7  srcpub
21:34:54     1000     19864    0.40    0.20    0.00    0.00    0.60     3  srcpub
21:34:54     1000     19865    0.00    0.40    0.00    0.00    0.40    10  srcpub
21:34:54     1000     19868    0.20    0.20    0.00    0.00    0.40     7  srcpub
21:34:54     1000     19877    0.00    0.40    0.00    0.00    0.40    15  srcpub
21:34:54     1000     19878    0.20    0.20    0.00    0.00    0.40    14  srcpub
21:34:54     1000     19879    0.20    0.20    0.00    0.00    0.40    12  srcpub
21:34:54     1000     19881    0.20    0.40    0.00    0.00    0.60     3  srcpub
21:34:54     1000     19882    0.20    0.20    0.00    0.00    0.40     9  srcpub
21:34:54     1000     19884    0.40    0.20    0.00    0.00    0.60     7  srcpub
21:34:54     1000     19885    0.00    0.40    0.00    0.00    0.40    13  srcpub
21:34:54     1000     19886    0.20    0.40    0.00    0.00    0.60     4  srcpub
21:34:54     1000     19887    0.20    0.20    0.00    0.00    0.40     7  srcpub
21:34:54     1000     19894    0.20    0.20    0.00    0.00    0.40     5  srcpub
21:34:54      997     20086    0.80    0.20    0.00    0.00    1.00     7  ffmpeg
21:34:54      997     20088    0.80    0.20    0.00    0.00    1.00     4  ffmpeg
21:34:54      997     20089    0.20    0.00    0.00    0.00    0.20    10  ffmpeg
21:34:54      997     20090    0.40    0.20    0.00    0.00    0.60     0  ffmpeg
21:34:54      997     20091    0.20    0.20    0.00    0.00    0.40     3  ffmpeg
21:34:54      997     20092    0.40    0.20    0.00    0.00    0.60     9  ffmpeg
21:34:54      997     20093    0.20    0.20    0.00    0.00    0.40    14  ffmpeg
21:34:54      997     20094    0.20    0.20    0.00    0.00    0.40     0  ffmpeg
21:34:54      997     20095    0.20    0.20    0.00    0.00    0.40    14  ffmpeg
21:34:54      997     20098    0.20    0.00    0.00    0.00    0.20     2  ffmpeg
21:34:54      997     20100    0.40    0.00    0.00    0.00    0.40     0  ffmpeg
21:34:54      997     20101    0.40    0.20    0.00    0.00    0.60    11  ffmpeg
21:34:54      997     20102    0.40    0.00    0.00    0.00    0.40     6  ffmpeg
21:34:54      997     20103    0.40    0.00    0.00    0.00    0.40    13  ffmpeg
21:34:54      997     20104    0.40    0.20    0.00    0.00    0.60    15  ffmpeg
21:34:54      997     20105    0.20    0.20    0.00    0.00    0.40     3  ffmpeg

# Time        UID       PID    %usr %system  %guest   %wait    %CPU   CPU  Command
21:34:59     1000     19830    8.60    6.00    0.00    0.00   14.60    14  mediamtx
21:34:59     1000     19846    0.20    0.40    0.00    0.00    0.60    12  srcpub
21:34:59     1000     19847    0.20    0.20    0.00    0.00    0.40    11  srcpub
21:34:59     1000     19849    0.20    0.40    0.00    0.00    0.60     3  srcpub
21:34:59     1000     19850    0.20    0.20    0.00    0.00    0.40     7  srcpub
21:34:59     1000     19851    0.00    0.20    0.00    0.00    0.20    12  srcpub
21:34:59     1000     19853    0.40    0.40    0.00    0.00    0.80     7  srcpub
21:34:59     1000     19854    0.00    0.20    0.00    0.00    0.20    12  srcpub
21:34:59     1000     19855    0.20    0.40    0.00    0.00    0.60     6  srcpub
21:34:59     1000     19856    0.00    0.20    0.00    0.00    0.20    13  srcpub
21:34:59     1000     19857    0.40    0.20    0.00    0.00    0.60    13  srcpub
21:34:59     1000     19858    0.00    0.20    0.00    0.00    0.20     7  srcpub
21:34:59     1000     19860    0.20    0.20    0.00    0.00    0.40     0  srcpub
21:34:59     1000     19862    0.20    0.20    0.00    0.00    0.40     0  srcpub
21:34:59     1000     19863    0.20    0.40    0.00    0.00    0.60     7  srcpub
21:34:59     1000     19864    0.20    0.00    0.00    0.00    0.20    12  srcpub
21:34:59     1000     19865    0.20    0.20    0.00    0.00    0.40    10  srcpub
21:34:59     1000     19868    0.40    0.20    0.00    0.00    0.60     7  srcpub
21:34:59     1000     19874    0.20    0.20    0.00    0.00    0.40    11  srcpub
21:34:59     1000     19877    0.20    0.20    0.00    0.00    0.40     2  srcpub
21:34:59     1000     19878    0.20    0.20    0.00    0.00    0.40    14  srcpub
21:34:59     1000     19879    0.20    0.20    0.00    0.00    0.40    12  srcpub
21:34:59     1000     19881    0.20    0.20    0.00    0.00    0.40    14  srcpub
21:34:59     1000     19882    0.20    0.20    0.00    0.00    0.40     9  srcpub
21:34:59     1000     19884    0.20    0.20    0.00    0.00    0.40     4  srcpub
21:34:59     1000     19885    0.40    0.20    0.00    0.00    0.60    13  srcpub
21:34:59     1000     19886    0.20    0.20    0.00    0.00    0.40     0  srcpub
21:34:59     1000     19887    0.20    0.20    0.00    0.00    0.40     7  srcpub
21:34:59     1000     19894    0.40    0.20    0.00    0.00    0.60     2  srcpub
21:34:59      997     20086    0.60    0.40    0.00    0.00    1.00     1  ffmpeg
21:34:59      997     20088    0.60    0.20    0.00    0.00    0.80    13  ffmpeg
21:34:59      997     20089    0.40    0.20    0.00    0.00    0.60    10  ffmpeg
21:34:59      997     20090    0.20    0.20    0.00    0.00    0.40     3  ffmpeg
21:34:59      997     20091    0.20    0.20    0.00    0.00    0.40     5  ffmpeg
21:34:59      997     20092    0.20    0.20    0.00    0.00    0.40     9  ffmpeg
21:34:59      997     20093    0.00    0.40    0.00    0.00    0.40     0  ffmpeg
21:34:59      997     20094    0.40    0.00    0.00    0.00    0.40     9  ffmpeg
21:34:59      997     20095    0.20    0.20    0.00    0.00    0.40    14  ffmpeg
21:34:59      997     20098    0.40    0.00    0.00    0.00    0.40     2  ffmpeg
21:34:59      997     20100    0.20    0.20    0.00    0.00    0.40    15  ffmpeg
21:34:59      997     20101    0.20    0.00    0.00    0.00    0.20    14  ffmpeg
21:34:59      997     20102    0.40    0.20    0.00    0.00    0.60     2  ffmpeg
21:34:59      997     20103    0.20    0.20    0.00    0.00    0.40    15  ffmpeg
21:34:59      997     20104    0.40    0.00    0.00    0.00    0.40     0  ffmpeg
21:34:59      997     20105    0.20    0.20    0.00    0.00    0.40     1  ffmpeg
